index,country,age,gender,seed,gcs_path
1,Afghanistan,20,Male,92536,gs://imagen4-faces-imagen-demo-460715/0001.png
2,Afghanistan,20,Male,25678,gs://imagen4-faces-imagen-demo-460715/0002.png
3,Afghanistan,20,Male,85278,gs://imagen4-faces-imagen-demo-460715/0003.png
4,Afghanistan,20,Male,41392,gs://imagen4-faces-imagen-demo-460715/0004.png
5,Afghanistan,20,Male,76898,gs://imagen4-faces-imagen-demo-460715/0005.png
6,Afghanistan,20,Male,91000,gs://imagen4-faces-imagen-demo-460715/0006.png
7,Afghanistan,20,Female,62462,gs://imagen4-faces-imagen-demo-460715/0007.png
8,Afghanistan,20,Female,71917,gs://imagen4-faces-imagen-demo-460715/0008.png
9,Afghanistan,20,Female,25298,gs://imagen4-faces-imagen-demo-460715/0009.png
10,Afghanistan,20,Female,53255,gs://imagen4-faces-imagen-demo-460715/0010.png
11,Afghanistan,20,Female,22656,gs://imagen4-faces-imagen-demo-460715/0011.png
12,Afghanistan,20,Female,70425,gs://imagen4-faces-imagen-demo-460715/0012.png
13,Afghanistan,30,Male,15852,gs://imagen4-faces-imagen-demo-460715/0013.png
14,Afghanistan,30,Male,79523,gs://imagen4-faces-imagen-demo-460715/0014.png
15,Afghanistan,30,Male,28050,gs://imagen4-faces-imagen-demo-460715/0015.png
16,Afghanistan,30,Male,23786,gs://imagen4-faces-imagen-demo-460715/0016.png
17,Afghanistan,30,Male,25189,gs://imagen4-faces-imagen-demo-460715/0017.png
18,Afghanistan,30,Male,88150,gs://imagen4-faces-imagen-demo-460715/0018.png
19,Afghanistan,30,Female,76260,gs://imagen4-faces-imagen-demo-460715/0019.png
20,Afghanistan,30,Female,76255,gs://imagen4-faces-imagen-demo-460715/0020.png
21,Afghanistan,30,Female,68932,gs://imagen4-faces-imagen-demo-460715/0021.png
22,Afghanistan,30,Female,41732,gs://imagen4-faces-imagen-demo-460715/0022.png
23,Afghanistan,30,Female,80772,gs://imagen4-faces-imagen-demo-460715/0023.png
24,Afghanistan,30,Female,21791,gs://imagen4-faces-imagen-demo-460715/0024.png
25,Aland Islands,20,Male,48526,gs://imagen4-faces-imagen-demo-460715/0025.png
26,Aland Islands,20,Male,63429,gs://imagen4-faces-imagen-demo-460715/0026.png
27,Aland Islands,20,Male,57351,gs://imagen4-faces-imagen-demo-460715/0027.png
28,Aland Islands,20,Male,68438,gs://imagen4-faces-imagen-demo-460715/0028.png
29,Aland Islands,20,Male,43239,gs://imagen4-faces-imagen-demo-460715/0029.png
30,Aland Islands,20,Male,65647,gs://imagen4-faces-imagen-demo-460715/0030.png
31,Aland Islands,20,Female,13903,gs://imagen4-faces-imagen-demo-460715/0031.png
32,Aland Islands,20,Female,11251,gs://imagen4-faces-imagen-demo-460715/0032.png
33,Aland Islands,20,Female,13842,gs://imagen4-faces-imagen-demo-460715/0033.png
34,Aland Islands,20,Female,73925,gs://imagen4-faces-imagen-demo-460715/0034.png
35,Aland Islands,20,Female,23903,gs://imagen4-faces-imagen-demo-460715/0035.png
36,Aland Islands,20,Female,77168,gs://imagen4-faces-imagen-demo-460715/0036.png
37,Aland Islands,30,Male,93293,gs://imagen4-faces-imagen-demo-460715/0037.png
38,Aland Islands,30,Male,20001,gs://imagen4-faces-imagen-demo-460715/0038.png
39,Aland Islands,30,Male,65530,gs://imagen4-faces-imagen-demo-460715/0039.png
40,Aland Islands,30,Male,99650,gs://imagen4-faces-imagen-demo-460715/0040.png
41,Aland Islands,30,Male,79994,gs://imagen4-faces-imagen-demo-460715/0041.png
42,Aland Islands,30,Male,57193,gs://imagen4-faces-imagen-demo-460715/0042.png
43,Aland Islands,30,Female,14983,gs://imagen4-faces-imagen-demo-460715/0043.png
44,Aland Islands,30,Female,62138,gs://imagen4-faces-imagen-demo-460715/0044.png
45,Aland Islands,30,Female,74678,gs://imagen4-faces-imagen-demo-460715/0045.png
46,Aland Islands,30,Female,63182,gs://imagen4-faces-imagen-demo-460715/0046.png
47,Aland Islands,30,Female,76049,gs://imagen4-faces-imagen-demo-460715/0047.png
48,Aland Islands,30,Female,38203,gs://imagen4-faces-imagen-demo-460715/0048.png
49,Albania,20,Male,32063,gs://imagen4-faces-imagen-demo-460715/0049.png
50,Albania,20,Male,67542,gs://imagen4-faces-imagen-demo-460715/0050.png
51,Albania,20,Male,84884,gs://imagen4-faces-imagen-demo-460715/0051.png
52,Albania,20,Male,23570,gs://imagen4-faces-imagen-demo-460715/0052.png
53,Albania,20,Male,80365,gs://imagen4-faces-imagen-demo-460715/0053.png
54,Albania,20,Male,84694,gs://imagen4-faces-imagen-demo-460715/0054.png
55,Albania,20,Female,18420,gs://imagen4-faces-imagen-demo-460715/0055.png
56,Albania,20,Female,48995,gs://imagen4-faces-imagen-demo-460715/0056.png
57,Albania,20,Female,19801,gs://imagen4-faces-imagen-demo-460715/0057.png
58,Albania,20,Female,42718,gs://imagen4-faces-imagen-demo-460715/0058.png
59,Albania,20,Female,38290,gs://imagen4-faces-imagen-demo-460715/0059.png
60,Albania,20,Female,82046,gs://imagen4-faces-imagen-demo-460715/0060.png
61,Albania,30,Male,46606,gs://imagen4-faces-imagen-demo-460715/0061.png
62,Albania,30,Male,15326,gs://imagen4-faces-imagen-demo-460715/0062.png
63,Albania,30,Male,63629,gs://imagen4-faces-imagen-demo-460715/0063.png
64,Albania,30,Male,10391,gs://imagen4-faces-imagen-demo-460715/0064.png
65,Albania,30,Male,17226,gs://imagen4-faces-imagen-demo-460715/0065.png
66,Albania,30,Male,61354,gs://imagen4-faces-imagen-demo-460715/0066.png
67,Albania,30,Female,52139,gs://imagen4-faces-imagen-demo-460715/0067.png
68,Albania,30,Female,57497,gs://imagen4-faces-imagen-demo-460715/0068.png
69,Albania,30,Female,80079,gs://imagen4-faces-imagen-demo-460715/0069.png
70,Albania,30,Female,53104,gs://imagen4-faces-imagen-demo-460715/0070.png
71,Albania,30,Female,69922,gs://imagen4-faces-imagen-demo-460715/0071.png
72,Albania,30,Female,48843,gs://imagen4-faces-imagen-demo-460715/0072.png
73,Algeria,20,Male,10791,gs://imagen4-faces-imagen-demo-460715/0073.png
74,Algeria,20,Male,76500,gs://imagen4-faces-imagen-demo-460715/0074.png
75,Algeria,20,Male,57829,gs://imagen4-faces-imagen-demo-460715/0075.png
76,Algeria,20,Male,15344,gs://imagen4-faces-imagen-demo-460715/0076.png
77,Algeria,20,Male,52036,gs://imagen4-faces-imagen-demo-460715/0077.png
78,Algeria,20,Male,48252,gs://imagen4-faces-imagen-demo-460715/0078.png
79,Algeria,20,Female,57905,gs://imagen4-faces-imagen-demo-460715/0079.png
80,Algeria,20,Female,71301,gs://imagen4-faces-imagen-demo-460715/0080.png
81,Algeria,20,Female,91478,gs://imagen4-faces-imagen-demo-460715/0081.png
82,Algeria,20,Female,22669,gs://imagen4-faces-imagen-demo-460715/0082.png
83,Algeria,20,Female,50615,gs://imagen4-faces-imagen-demo-460715/0083.png
84,Algeria,20,Female,42428,gs://imagen4-faces-imagen-demo-460715/0084.png
85,Algeria,30,Male,75227,gs://imagen4-faces-imagen-demo-460715/0085.png
86,Algeria,30,Male,27903,gs://imagen4-faces-imagen-demo-460715/0086.png
87,Algeria,30,Male,63859,gs://imagen4-faces-imagen-demo-460715/0087.png
88,Algeria,30,Male,60329,gs://imagen4-faces-imagen-demo-460715/0088.png
89,Algeria,30,Male,19278,gs://imagen4-faces-imagen-demo-460715/0089.png
90,Algeria,30,Male,71628,gs://imagen4-faces-imagen-demo-460715/0090.png
91,Algeria,30,Female,12083,gs://imagen4-faces-imagen-demo-460715/0091.png
92,Algeria,30,Female,66530,gs://imagen4-faces-imagen-demo-460715/0092.png
93,Algeria,30,Female,91075,gs://imagen4-faces-imagen-demo-460715/0093.png
94,Algeria,30,Female,63237,gs://imagen4-faces-imagen-demo-460715/0094.png
95,Algeria,30,Female,35672,gs://imagen4-faces-imagen-demo-460715/0095.png
96,Algeria,30,Female,52557,gs://imagen4-faces-imagen-demo-460715/0096.png
97,American Samoa,20,Male,21589,gs://imagen4-faces-imagen-demo-460715/0097.png
98,American Samoa,20,Male,32141,gs://imagen4-faces-imagen-demo-460715/0098.png
99,American Samoa,20,Male,23625,gs://imagen4-faces-imagen-demo-460715/0099.png
100,American Samoa,20,Male,68262,gs://imagen4-faces-imagen-demo-460715/0100.png
101,American Samoa,20,Male,80598,gs://imagen4-faces-imagen-demo-460715/0101.png
102,American Samoa,20,Male,36215,gs://imagen4-faces-imagen-demo-460715/0102.png
103,American Samoa,20,Female,20368,gs://imagen4-faces-imagen-demo-460715/0103.png
104,American Samoa,20,Female,52959,gs://imagen4-faces-imagen-demo-460715/0104.png
105,American Samoa,20,Female,53344,gs://imagen4-faces-imagen-demo-460715/0105.png
106,American Samoa,20,Female,52875,gs://imagen4-faces-imagen-demo-460715/0106.png
107,American Samoa,20,Female,78913,gs://imagen4-faces-imagen-demo-460715/0107.png
108,American Samoa,20,Female,52105,gs://imagen4-faces-imagen-demo-460715/0108.png
109,American Samoa,30,Male,38690,gs://imagen4-faces-imagen-demo-460715/0109.png
110,American Samoa,30,Male,74363,gs://imagen4-faces-imagen-demo-460715/0110.png
111,American Samoa,30,Male,99128,gs://imagen4-faces-imagen-demo-460715/0111.png
112,American Samoa,30,Male,60576,gs://imagen4-faces-imagen-demo-460715/0112.png
113,American Samoa,30,Male,26142,gs://imagen4-faces-imagen-demo-460715/0113.png
114,American Samoa,30,Male,73176,gs://imagen4-faces-imagen-demo-460715/0114.png
115,American Samoa,30,Female,37016,gs://imagen4-faces-imagen-demo-460715/0115.png
116,American Samoa,30,Female,22927,gs://imagen4-faces-imagen-demo-460715/0116.png
117,American Samoa,30,Female,18159,gs://imagen4-faces-imagen-demo-460715/0117.png
118,American Samoa,30,Female,96854,gs://imagen4-faces-imagen-demo-460715/0118.png
119,American Samoa,30,Female,67562,gs://imagen4-faces-imagen-demo-460715/0119.png
120,American Samoa,30,Female,27937,gs://imagen4-faces-imagen-demo-460715/0120.png
121,Andorra,20,Male,20073,gs://imagen4-faces-imagen-demo-460715/0121.png
122,Andorra,20,Male,49306,gs://imagen4-faces-imagen-demo-460715/0122.png
123,Andorra,20,Male,28764,gs://imagen4-faces-imagen-demo-460715/0123.png
124,Andorra,20,Male,22660,gs://imagen4-faces-imagen-demo-460715/0124.png
125,Andorra,20,Male,67186,gs://imagen4-faces-imagen-demo-460715/0125.png
126,Andorra,20,Male,47579,gs://imagen4-faces-imagen-demo-460715/0126.png
127,Andorra,20,Female,11843,gs://imagen4-faces-imagen-demo-460715/0127.png
128,Andorra,20,Female,97998,gs://imagen4-faces-imagen-demo-460715/0128.png
129,Andorra,20,Female,19683,gs://imagen4-faces-imagen-demo-460715/0129.png
130,Andorra,20,Female,63341,gs://imagen4-faces-imagen-demo-460715/0130.png
131,Andorra,20,Female,50279,gs://imagen4-faces-imagen-demo-460715/0131.png
132,Andorra,20,Female,35449,gs://imagen4-faces-imagen-demo-460715/0132.png
133,Andorra,30,Male,87065,gs://imagen4-faces-imagen-demo-460715/0133.png
134,Andorra,30,Male,91820,gs://imagen4-faces-imagen-demo-460715/0134.png
135,Andorra,30,Male,69489,gs://imagen4-faces-imagen-demo-460715/0135.png
136,Andorra,30,Male,90771,gs://imagen4-faces-imagen-demo-460715/0136.png
137,Andorra,30,Male,20589,gs://imagen4-faces-imagen-demo-460715/0137.png
138,Andorra,30,Male,37890,gs://imagen4-faces-imagen-demo-460715/0138.png
139,Andorra,30,Female,84947,gs://imagen4-faces-imagen-demo-460715/0139.png
140,Andorra,30,Female,84141,gs://imagen4-faces-imagen-demo-460715/0140.png
141,Andorra,30,Female,36560,gs://imagen4-faces-imagen-demo-460715/0141.png
142,Andorra,30,Female,50348,gs://imagen4-faces-imagen-demo-460715/0142.png
143,Andorra,30,Female,76379,gs://imagen4-faces-imagen-demo-460715/0143.png
144,Andorra,30,Female,18068,gs://imagen4-faces-imagen-demo-460715/0144.png
145,Angola,20,Male,16604,gs://imagen4-faces-imagen-demo-460715/0145.png
146,Angola,20,Male,34827,gs://imagen4-faces-imagen-demo-460715/0146.png
147,Angola,20,Male,99456,gs://imagen4-faces-imagen-demo-460715/0147.png
148,Angola,20,Male,55115,gs://imagen4-faces-imagen-demo-460715/0148.png
149,Angola,20,Male,12979,gs://imagen4-faces-imagen-demo-460715/0149.png
150,Angola,20,Male,30174,gs://imagen4-faces-imagen-demo-460715/0150.png
151,Angola,20,Female,89683,gs://imagen4-faces-imagen-demo-460715/0151.png
152,Angola,20,Female,41798,gs://imagen4-faces-imagen-demo-460715/0152.png
153,Angola,20,Female,62729,gs://imagen4-faces-imagen-demo-460715/0153.png
154,Angola,20,Female,15690,gs://imagen4-faces-imagen-demo-460715/0154.png
155,Angola,20,Female,12313,gs://imagen4-faces-imagen-demo-460715/0155.png
156,Angola,20,Female,12187,gs://imagen4-faces-imagen-demo-460715/0156.png
157,Angola,30,Male,44272,gs://imagen4-faces-imagen-demo-460715/0157.png
158,Angola,30,Male,21160,gs://imagen4-faces-imagen-demo-460715/0158.png
159,Angola,30,Male,58797,gs://imagen4-faces-imagen-demo-460715/0159.png
160,Angola,30,Male,32315,gs://imagen4-faces-imagen-demo-460715/0160.png
161,Angola,30,Male,95514,gs://imagen4-faces-imagen-demo-460715/0161.png
162,Angola,30,Male,31171,gs://imagen4-faces-imagen-demo-460715/0162.png
163,Angola,30,Female,57281,gs://imagen4-faces-imagen-demo-460715/0163.png
164,Angola,30,Female,29900,gs://imagen4-faces-imagen-demo-460715/0164.png
165,Angola,30,Female,77314,gs://imagen4-faces-imagen-demo-460715/0165.png
166,Angola,30,Female,77001,gs://imagen4-faces-imagen-demo-460715/0166.png
167,Angola,30,Female,48687,gs://imagen4-faces-imagen-demo-460715/0167.png
168,Angola,30,Female,17746,gs://imagen4-faces-imagen-demo-460715/0168.png
169,Anguilla,20,Male,71507,gs://imagen4-faces-imagen-demo-460715/0169.png
170,Anguilla,20,Male,51450,gs://imagen4-faces-imagen-demo-460715/0170.png
171,Anguilla,20,Male,78819,gs://imagen4-faces-imagen-demo-460715/0171.png
172,Anguilla,20,Male,79265,gs://imagen4-faces-imagen-demo-460715/0172.png
173,Anguilla,20,Male,13700,gs://imagen4-faces-imagen-demo-460715/0173.png
174,Anguilla,20,Male,51750,gs://imagen4-faces-imagen-demo-460715/0174.png
175,Anguilla,20,Female,19768,gs://imagen4-faces-imagen-demo-460715/0175.png
176,Anguilla,20,Female,76157,gs://imagen4-faces-imagen-demo-460715/0176.png
177,Anguilla,20,Female,73490,gs://imagen4-faces-imagen-demo-460715/0177.png
178,Anguilla,20,Female,40862,gs://imagen4-faces-imagen-demo-460715/0178.png
179,Anguilla,20,Female,93271,gs://imagen4-faces-imagen-demo-460715/0179.png
180,Anguilla,20,Female,19906,gs://imagen4-faces-imagen-demo-460715/0180.png
181,Anguilla,30,Male,49693,gs://imagen4-faces-imagen-demo-460715/0181.png
182,Anguilla,30,Male,25802,gs://imagen4-faces-imagen-demo-460715/0182.png
183,Anguilla,30,Male,54762,gs://imagen4-faces-imagen-demo-460715/0183.png
184,Anguilla,30,Male,67260,gs://imagen4-faces-imagen-demo-460715/0184.png
185,Anguilla,30,Male,10009,gs://imagen4-faces-imagen-demo-460715/0185.png
186,Anguilla,30,Male,99861,gs://imagen4-faces-imagen-demo-460715/0186.png
187,Anguilla,30,Female,49176,gs://imagen4-faces-imagen-demo-460715/0187.png
188,Anguilla,30,Female,25858,gs://imagen4-faces-imagen-demo-460715/0188.png
189,Anguilla,30,Female,76418,gs://imagen4-faces-imagen-demo-460715/0189.png
190,Anguilla,30,Female,71862,gs://imagen4-faces-imagen-demo-460715/0190.png
191,Anguilla,30,Female,65581,gs://imagen4-faces-imagen-demo-460715/0191.png
192,Anguilla,30,Female,46735,gs://imagen4-faces-imagen-demo-460715/0192.png
193,Antarctica,20,Male,11447,gs://imagen4-faces-imagen-demo-460715/0193.png
194,Antarctica,20,Male,99669,gs://imagen4-faces-imagen-demo-460715/0194.png
195,Antarctica,20,Male,50743,gs://imagen4-faces-imagen-demo-460715/0195.png
196,Antarctica,20,Male,87982,gs://imagen4-faces-imagen-demo-460715/0196.png
197,Antarctica,20,Male,96103,gs://imagen4-faces-imagen-demo-460715/0197.png
198,Antarctica,20,Male,99297,gs://imagen4-faces-imagen-demo-460715/0198.png
199,Antarctica,20,Female,48799,gs://imagen4-faces-imagen-demo-460715/0199.png
200,Antarctica,20,Female,77386,gs://imagen4-faces-imagen-demo-460715/0200.png
201,Antarctica,20,Female,89514,gs://imagen4-faces-imagen-demo-460715/0201.png
202,Antarctica,20,Female,86701,gs://imagen4-faces-imagen-demo-460715/0202.png
203,Antarctica,20,Female,30846,gs://imagen4-faces-imagen-demo-460715/0203.png
204,Antarctica,20,Female,91558,gs://imagen4-faces-imagen-demo-460715/0204.png
205,Antarctica,30,Male,22009,gs://imagen4-faces-imagen-demo-460715/0205.png
206,Antarctica,30,Male,21772,gs://imagen4-faces-imagen-demo-460715/0206.png
207,Antarctica,30,Male,64449,gs://imagen4-faces-imagen-demo-460715/0207.png
208,Antarctica,30,Male,13266,gs://imagen4-faces-imagen-demo-460715/0208.png
209,Antarctica,30,Male,88620,gs://imagen4-faces-imagen-demo-460715/0209.png
210,Antarctica,30,Male,23886,gs://imagen4-faces-imagen-demo-460715/0210.png
211,Antarctica,30,Female,63845,gs://imagen4-faces-imagen-demo-460715/0211.png
212,Antarctica,30,Female,76483,gs://imagen4-faces-imagen-demo-460715/0212.png
213,Antarctica,30,Female,98725,gs://imagen4-faces-imagen-demo-460715/0213.png
214,Antarctica,30,Female,98016,gs://imagen4-faces-imagen-demo-460715/0214.png
215,Antarctica,30,Female,68724,gs://imagen4-faces-imagen-demo-460715/0215.png
216,Antarctica,30,Female,21925,gs://imagen4-faces-imagen-demo-460715/0216.png
217,Antigua and Barbuda,20,Male,41620,gs://imagen4-faces-imagen-demo-460715/0217.png
218,Antigua and Barbuda,20,Male,18954,gs://imagen4-faces-imagen-demo-460715/0218.png
219,Antigua and Barbuda,20,Male,38300,gs://imagen4-faces-imagen-demo-460715/0219.png
220,Antigua and Barbuda,20,Male,65193,gs://imagen4-faces-imagen-demo-460715/0220.png
221,Antigua and Barbuda,20,Male,41791,gs://imagen4-faces-imagen-demo-460715/0221.png
222,Antigua and Barbuda,20,Male,19837,gs://imagen4-faces-imagen-demo-460715/0222.png
223,Antigua and Barbuda,20,Female,70055,gs://imagen4-faces-imagen-demo-460715/0223.png
224,Antigua and Barbuda,20,Female,73166,gs://imagen4-faces-imagen-demo-460715/0224.png
225,Antigua and Barbuda,20,Female,35509,gs://imagen4-faces-imagen-demo-460715/0225.png
226,Antigua and Barbuda,20,Female,34831,gs://imagen4-faces-imagen-demo-460715/0226.png
227,Antigua and Barbuda,20,Female,21921,gs://imagen4-faces-imagen-demo-460715/0227.png
228,Antigua and Barbuda,20,Female,62368,gs://imagen4-faces-imagen-demo-460715/0228.png
229,Antigua and Barbuda,30,Male,70501,gs://imagen4-faces-imagen-demo-460715/0229.png
230,Antigua and Barbuda,30,Male,62693,gs://imagen4-faces-imagen-demo-460715/0230.png
231,Antigua and Barbuda,30,Male,40039,gs://imagen4-faces-imagen-demo-460715/0231.png
232,Antigua and Barbuda,30,Male,23423,gs://imagen4-faces-imagen-demo-460715/0232.png
233,Antigua and Barbuda,30,Male,57980,gs://imagen4-faces-imagen-demo-460715/0233.png
234,Antigua and Barbuda,30,Male,47493,gs://imagen4-faces-imagen-demo-460715/0234.png
235,Antigua and Barbuda,30,Female,92819,gs://imagen4-faces-imagen-demo-460715/0235.png
236,Antigua and Barbuda,30,Female,99503,gs://imagen4-faces-imagen-demo-460715/0236.png
237,Antigua and Barbuda,30,Female,66749,gs://imagen4-faces-imagen-demo-460715/0237.png
238,Antigua and Barbuda,30,Female,42038,gs://imagen4-faces-imagen-demo-460715/0238.png
239,Antigua and Barbuda,30,Female,52445,gs://imagen4-faces-imagen-demo-460715/0239.png
240,Antigua and Barbuda,30,Female,62026,gs://imagen4-faces-imagen-demo-460715/0240.png
241,Argentina,20,Male,59404,gs://imagen4-faces-imagen-demo-460715/0241.png
242,Argentina,20,Male,99029,gs://imagen4-faces-imagen-demo-460715/0242.png
243,Argentina,20,Male,40100,gs://imagen4-faces-imagen-demo-460715/0243.png
244,Argentina,20,Male,68904,gs://imagen4-faces-imagen-demo-460715/0244.png
245,Argentina,20,Male,68881,gs://imagen4-faces-imagen-demo-460715/0245.png
246,Argentina,20,Male,66432,gs://imagen4-faces-imagen-demo-460715/0246.png
247,Argentina,20,Female,32568,gs://imagen4-faces-imagen-demo-460715/0247.png
248,Argentina,20,Female,57836,gs://imagen4-faces-imagen-demo-460715/0248.png
249,Argentina,20,Female,37741,gs://imagen4-faces-imagen-demo-460715/0249.png
250,Argentina,20,Female,61333,gs://imagen4-faces-imagen-demo-460715/0250.png
251,Argentina,20,Female,75318,gs://imagen4-faces-imagen-demo-460715/0251.png
252,Argentina,20,Female,40544,gs://imagen4-faces-imagen-demo-460715/0252.png
253,Argentina,30,Male,90806,gs://imagen4-faces-imagen-demo-460715/0253.png
254,Argentina,30,Male,46399,gs://imagen4-faces-imagen-demo-460715/0254.png
255,Argentina,30,Male,34410,gs://imagen4-faces-imagen-demo-460715/0255.png
256,Argentina,30,Male,14729,gs://imagen4-faces-imagen-demo-460715/0256.png
257,Argentina,30,Male,15524,gs://imagen4-faces-imagen-demo-460715/0257.png
258,Argentina,30,Male,11178,gs://imagen4-faces-imagen-demo-460715/0258.png
259,Argentina,30,Female,52472,gs://imagen4-faces-imagen-demo-460715/0259.png
260,Argentina,30,Female,47581,gs://imagen4-faces-imagen-demo-460715/0260.png
261,Argentina,30,Female,42564,gs://imagen4-faces-imagen-demo-460715/0261.png
262,Argentina,30,Female,66169,gs://imagen4-faces-imagen-demo-460715/0262.png
263,Argentina,30,Female,23335,gs://imagen4-faces-imagen-demo-460715/0263.png
264,Argentina,30,Female,32093,gs://imagen4-faces-imagen-demo-460715/0264.png
265,Armenia,20,Male,91697,gs://imagen4-faces-imagen-demo-460715/0265.png
266,Armenia,20,Male,68771,gs://imagen4-faces-imagen-demo-460715/0266.png
267,Armenia,20,Male,21301,gs://imagen4-faces-imagen-demo-460715/0267.png
268,Armenia,20,Male,56256,gs://imagen4-faces-imagen-demo-460715/0268.png
269,Armenia,20,Male,11310,gs://imagen4-faces-imagen-demo-460715/0269.png
270,Armenia,20,Male,89474,gs://imagen4-faces-imagen-demo-460715/0270.png
271,Armenia,20,Female,37941,gs://imagen4-faces-imagen-demo-460715/0271.png
272,Armenia,20,Female,98539,gs://imagen4-faces-imagen-demo-460715/0272.png
273,Armenia,20,Female,25749,gs://imagen4-faces-imagen-demo-460715/0273.png
274,Armenia,20,Female,54834,gs://imagen4-faces-imagen-demo-460715/0274.png
275,Armenia,20,Female,73696,gs://imagen4-faces-imagen-demo-460715/0275.png
276,Armenia,20,Female,96438,gs://imagen4-faces-imagen-demo-460715/0276.png
277,Armenia,30,Male,95326,gs://imagen4-faces-imagen-demo-460715/0277.png
278,Armenia,30,Male,19912,gs://imagen4-faces-imagen-demo-460715/0278.png
279,Armenia,30,Male,37047,gs://imagen4-faces-imagen-demo-460715/0279.png
280,Armenia,30,Male,93265,gs://imagen4-faces-imagen-demo-460715/0280.png
281,Armenia,30,Male,37206,gs://imagen4-faces-imagen-demo-460715/0281.png
282,Armenia,30,Male,42141,gs://imagen4-faces-imagen-demo-460715/0282.png
283,Armenia,30,Female,24208,gs://imagen4-faces-imagen-demo-460715/0283.png
284,Armenia,30,Female,97129,gs://imagen4-faces-imagen-demo-460715/0284.png
285,Armenia,30,Female,74875,gs://imagen4-faces-imagen-demo-460715/0285.png
286,Armenia,30,Female,88817,gs://imagen4-faces-imagen-demo-460715/0286.png
287,Armenia,30,Female,20973,gs://imagen4-faces-imagen-demo-460715/0287.png
288,Armenia,30,Female,63174,gs://imagen4-faces-imagen-demo-460715/0288.png
289,Aruba,20,Male,60335,gs://imagen4-faces-imagen-demo-460715/0289.png
290,Aruba,20,Male,52918,gs://imagen4-faces-imagen-demo-460715/0290.png
291,Aruba,20,Male,50252,gs://imagen4-faces-imagen-demo-460715/0291.png
292,Aruba,20,Male,36904,gs://imagen4-faces-imagen-demo-460715/0292.png
293,Aruba,20,Male,99087,gs://imagen4-faces-imagen-demo-460715/0293.png
294,Aruba,20,Male,97506,gs://imagen4-faces-imagen-demo-460715/0294.png
295,Aruba,20,Female,31706,gs://imagen4-faces-imagen-demo-460715/0295.png
296,Aruba,20,Female,70992,gs://imagen4-faces-imagen-demo-460715/0296.png
297,Aruba,20,Female,21805,gs://imagen4-faces-imagen-demo-460715/0297.png
298,Aruba,20,Female,81900,gs://imagen4-faces-imagen-demo-460715/0298.png
299,Aruba,20,Female,77908,gs://imagen4-faces-imagen-demo-460715/0299.png
300,Aruba,20,Female,62398,gs://imagen4-faces-imagen-demo-460715/0300.png
301,Aruba,30,Male,78258,gs://imagen4-faces-imagen-demo-460715/0301.png
302,Aruba,30,Male,38612,gs://imagen4-faces-imagen-demo-460715/0302.png
303,Aruba,30,Male,98043,gs://imagen4-faces-imagen-demo-460715/0303.png
304,Aruba,30,Male,65190,gs://imagen4-faces-imagen-demo-460715/0304.png
305,Aruba,30,Male,12877,gs://imagen4-faces-imagen-demo-460715/0305.png
306,Aruba,30,Male,85077,gs://imagen4-faces-imagen-demo-460715/0306.png
307,Aruba,30,Female,95851,gs://imagen4-faces-imagen-demo-460715/0307.png
308,Aruba,30,Female,20249,gs://imagen4-faces-imagen-demo-460715/0308.png
309,Aruba,30,Female,93675,gs://imagen4-faces-imagen-demo-460715/0309.png
310,Aruba,30,Female,38471,gs://imagen4-faces-imagen-demo-460715/0310.png
311,Aruba,30,Female,95498,gs://imagen4-faces-imagen-demo-460715/0311.png
312,Aruba,30,Female,33973,gs://imagen4-faces-imagen-demo-460715/0312.png
313,Australia,20,Male,63805,gs://imagen4-faces-imagen-demo-460715/0313.png
314,Australia,20,Male,55429,gs://imagen4-faces-imagen-demo-460715/0314.png
315,Australia,20,Male,72830,gs://imagen4-faces-imagen-demo-460715/0315.png
316,Australia,20,Male,49183,gs://imagen4-faces-imagen-demo-460715/0316.png
317,Australia,20,Male,69510,gs://imagen4-faces-imagen-demo-460715/0317.png
318,Australia,20,Male,39490,gs://imagen4-faces-imagen-demo-460715/0318.png
319,Australia,20,Female,55864,gs://imagen4-faces-imagen-demo-460715/0319.png
320,Australia,20,Female,36179,gs://imagen4-faces-imagen-demo-460715/0320.png
321,Australia,20,Female,87970,gs://imagen4-faces-imagen-demo-460715/0321.png
322,Australia,20,Female,25139,gs://imagen4-faces-imagen-demo-460715/0322.png
323,Australia,20,Female,39029,gs://imagen4-faces-imagen-demo-460715/0323.png
324,Australia,20,Female,45418,gs://imagen4-faces-imagen-demo-460715/0324.png
325,Australia,30,Male,60930,gs://imagen4-faces-imagen-demo-460715/0325.png
326,Australia,30,Male,52271,gs://imagen4-faces-imagen-demo-460715/0326.png
327,Australia,30,Male,85238,gs://imagen4-faces-imagen-demo-460715/0327.png
328,Australia,30,Male,77465,gs://imagen4-faces-imagen-demo-460715/0328.png
329,Australia,30,Male,19978,gs://imagen4-faces-imagen-demo-460715/0329.png
330,Australia,30,Male,26457,gs://imagen4-faces-imagen-demo-460715/0330.png
331,Australia,30,Female,35200,gs://imagen4-faces-imagen-demo-460715/0331.png
332,Australia,30,Female,60615,gs://imagen4-faces-imagen-demo-460715/0332.png
333,Australia,30,Female,97525,gs://imagen4-faces-imagen-demo-460715/0333.png
334,Australia,30,Female,53348,gs://imagen4-faces-imagen-demo-460715/0334.png
335,Australia,30,Female,79206,gs://imagen4-faces-imagen-demo-460715/0335.png
336,Australia,30,Female,55394,gs://imagen4-faces-imagen-demo-460715/0336.png
337,Austria,20,Male,57903,gs://imagen4-faces-imagen-demo-460715/0337.png
338,Austria,20,Male,20939,gs://imagen4-faces-imagen-demo-460715/0338.png
339,Austria,20,Male,92262,gs://imagen4-faces-imagen-demo-460715/0339.png
340,Austria,20,Male,47748,gs://imagen4-faces-imagen-demo-460715/0340.png
341,Austria,20,Male,27109,gs://imagen4-faces-imagen-demo-460715/0341.png
342,Austria,20,Male,50642,gs://imagen4-faces-imagen-demo-460715/0342.png
343,Austria,20,Female,24860,gs://imagen4-faces-imagen-demo-460715/0343.png
344,Austria,20,Female,71584,gs://imagen4-faces-imagen-demo-460715/0344.png
345,Austria,20,Female,20099,gs://imagen4-faces-imagen-demo-460715/0345.png
346,Austria,20,Female,39421,gs://imagen4-faces-imagen-demo-460715/0346.png
347,Austria,20,Female,69871,gs://imagen4-faces-imagen-demo-460715/0347.png
348,Austria,20,Female,34135,gs://imagen4-faces-imagen-demo-460715/0348.png
349,Austria,30,Male,52465,gs://imagen4-faces-imagen-demo-460715/0349.png
350,Austria,30,Male,21725,gs://imagen4-faces-imagen-demo-460715/0350.png
351,Austria,30,Male,88300,gs://imagen4-faces-imagen-demo-460715/0351.png
352,Austria,30,Male,82764,gs://imagen4-faces-imagen-demo-460715/0352.png
353,Austria,30,Male,66330,gs://imagen4-faces-imagen-demo-460715/0353.png
354,Austria,30,Male,88556,gs://imagen4-faces-imagen-demo-460715/0354.png
355,Austria,30,Female,30140,gs://imagen4-faces-imagen-demo-460715/0355.png
356,Austria,30,Female,58556,gs://imagen4-faces-imagen-demo-460715/0356.png
357,Austria,30,Female,55694,gs://imagen4-faces-imagen-demo-460715/0357.png
358,Austria,30,Female,68797,gs://imagen4-faces-imagen-demo-460715/0358.png
359,Austria,30,Female,83887,gs://imagen4-faces-imagen-demo-460715/0359.png
360,Austria,30,Female,70567,gs://imagen4-faces-imagen-demo-460715/0360.png
361,Azerbaijan,20,Male,65390,gs://imagen4-faces-imagen-demo-460715/0361.png
362,Azerbaijan,20,Male,64542,gs://imagen4-faces-imagen-demo-460715/0362.png
363,Azerbaijan,20,Male,74613,gs://imagen4-faces-imagen-demo-460715/0363.png
364,Azerbaijan,20,Male,14194,gs://imagen4-faces-imagen-demo-460715/0364.png
365,Azerbaijan,20,Male,64699,gs://imagen4-faces-imagen-demo-460715/0365.png
366,Azerbaijan,20,Male,73224,gs://imagen4-faces-imagen-demo-460715/0366.png
367,Azerbaijan,20,Female,57856,gs://imagen4-faces-imagen-demo-460715/0367.png
368,Azerbaijan,20,Female,18858,gs://imagen4-faces-imagen-demo-460715/0368.png
369,Azerbaijan,20,Female,33847,gs://imagen4-faces-imagen-demo-460715/0369.png
370,Azerbaijan,20,Female,58864,gs://imagen4-faces-imagen-demo-460715/0370.png
371,Azerbaijan,20,Female,11873,gs://imagen4-faces-imagen-demo-460715/0371.png
372,Azerbaijan,20,Female,16701,gs://imagen4-faces-imagen-demo-460715/0372.png
373,Azerbaijan,30,Male,34008,gs://imagen4-faces-imagen-demo-460715/0373.png
374,Azerbaijan,30,Male,43461,gs://imagen4-faces-imagen-demo-460715/0374.png
375,Azerbaijan,30,Male,95061,gs://imagen4-faces-imagen-demo-460715/0375.png
376,Azerbaijan,30,Male,27046,gs://imagen4-faces-imagen-demo-460715/0376.png
377,Azerbaijan,30,Male,72980,gs://imagen4-faces-imagen-demo-460715/0377.png
378,Azerbaijan,30,Male,68939,gs://imagen4-faces-imagen-demo-460715/0378.png
379,Azerbaijan,30,Female,51936,gs://imagen4-faces-imagen-demo-460715/0379.png
380,Azerbaijan,30,Female,40764,gs://imagen4-faces-imagen-demo-460715/0380.png
381,Azerbaijan,30,Female,60410,gs://imagen4-faces-imagen-demo-460715/0381.png
382,Azerbaijan,30,Female,89030,gs://imagen4-faces-imagen-demo-460715/0382.png
383,Azerbaijan,30,Female,17336,gs://imagen4-faces-imagen-demo-460715/0383.png
384,Azerbaijan,30,Female,95719,gs://imagen4-faces-imagen-demo-460715/0384.png
385,Bahamas,20,Male,71005,gs://imagen4-faces-imagen-demo-460715/0385.png
386,Bahamas,20,Male,27899,gs://imagen4-faces-imagen-demo-460715/0386.png
387,Bahamas,20,Male,98530,gs://imagen4-faces-imagen-demo-460715/0387.png
388,Bahamas,20,Male,81371,gs://imagen4-faces-imagen-demo-460715/0388.png
389,Bahamas,20,Male,56365,gs://imagen4-faces-imagen-demo-460715/0389.png
390,Bahamas,20,Male,14328,gs://imagen4-faces-imagen-demo-460715/0390.png
391,Bahamas,20,Female,82473,gs://imagen4-faces-imagen-demo-460715/0391.png
392,Bahamas,20,Female,78045,gs://imagen4-faces-imagen-demo-460715/0392.png
393,Bahamas,20,Female,49042,gs://imagen4-faces-imagen-demo-460715/0393.png
394,Bahamas,20,Female,57142,gs://imagen4-faces-imagen-demo-460715/0394.png
395,Bahamas,20,Female,56274,gs://imagen4-faces-imagen-demo-460715/0395.png
396,Bahamas,20,Female,20852,gs://imagen4-faces-imagen-demo-460715/0396.png
397,Bahamas,30,Male,71588,gs://imagen4-faces-imagen-demo-460715/0397.png
398,Bahamas,30,Male,35557,gs://imagen4-faces-imagen-demo-460715/0398.png
399,Bahamas,30,Male,45793,gs://imagen4-faces-imagen-demo-460715/0399.png
400,Bahamas,30,Male,76659,gs://imagen4-faces-imagen-demo-460715/0400.png
401,Bahamas,30,Male,73962,gs://imagen4-faces-imagen-demo-460715/0401.png
402,Bahamas,30,Male,20757,gs://imagen4-faces-imagen-demo-460715/0402.png
403,Bahamas,30,Female,58410,gs://imagen4-faces-imagen-demo-460715/0403.png
404,Bahamas,30,Female,29378,gs://imagen4-faces-imagen-demo-460715/0404.png
405,Bahamas,30,Female,68588,gs://imagen4-faces-imagen-demo-460715/0405.png
406,Bahamas,30,Female,38003,gs://imagen4-faces-imagen-demo-460715/0406.png
407,Bahamas,30,Female,22962,gs://imagen4-faces-imagen-demo-460715/0407.png
408,Bahamas,30,Female,24792,gs://imagen4-faces-imagen-demo-460715/0408.png
409,Bahrain,20,Male,97288,gs://imagen4-faces-imagen-demo-460715/0409.png
410,Bahrain,20,Male,45565,gs://imagen4-faces-imagen-demo-460715/0410.png
411,Bahrain,20,Male,82096,gs://imagen4-faces-imagen-demo-460715/0411.png
412,Bahrain,20,Male,39753,gs://imagen4-faces-imagen-demo-460715/0412.png
413,Bahrain,20,Male,95799,gs://imagen4-faces-imagen-demo-460715/0413.png
414,Bahrain,20,Male,57938,gs://imagen4-faces-imagen-demo-460715/0414.png
415,Bahrain,20,Female,98497,gs://imagen4-faces-imagen-demo-460715/0415.png
416,Bahrain,20,Female,20556,gs://imagen4-faces-imagen-demo-460715/0416.png
417,Bahrain,20,Female,17010,gs://imagen4-faces-imagen-demo-460715/0417.png
418,Bahrain,20,Female,15484,gs://imagen4-faces-imagen-demo-460715/0418.png
419,Bahrain,20,Female,40886,gs://imagen4-faces-imagen-demo-460715/0419.png
420,Bahrain,20,Female,94537,gs://imagen4-faces-imagen-demo-460715/0420.png
421,Bahrain,30,Male,49012,gs://imagen4-faces-imagen-demo-460715/0421.png
422,Bahrain,30,Male,20294,gs://imagen4-faces-imagen-demo-460715/0422.png
423,Bahrain,30,Male,71525,gs://imagen4-faces-imagen-demo-460715/0423.png
424,Bahrain,30,Male,24613,gs://imagen4-faces-imagen-demo-460715/0424.png
425,Bahrain,30,Male,73226,gs://imagen4-faces-imagen-demo-460715/0425.png
426,Bahrain,30,Male,26197,gs://imagen4-faces-imagen-demo-460715/0426.png
427,Bahrain,30,Female,10532,gs://imagen4-faces-imagen-demo-460715/0427.png
428,Bahrain,30,Female,45690,gs://imagen4-faces-imagen-demo-460715/0428.png
429,Bahrain,30,Female,53430,gs://imagen4-faces-imagen-demo-460715/0429.png
430,Bahrain,30,Female,15552,gs://imagen4-faces-imagen-demo-460715/0430.png
431,Bahrain,30,Female,79446,gs://imagen4-faces-imagen-demo-460715/0431.png
432,Bahrain,30,Female,79432,gs://imagen4-faces-imagen-demo-460715/0432.png
433,Bangladesh,20,Male,49570,gs://imagen4-faces-imagen-demo-460715/0433.png
434,Bangladesh,20,Male,84285,gs://imagen4-faces-imagen-demo-460715/0434.png
435,Bangladesh,20,Male,69229,gs://imagen4-faces-imagen-demo-460715/0435.png
436,Bangladesh,20,Male,65663,gs://imagen4-faces-imagen-demo-460715/0436.png
437,Bangladesh,20,Male,48567,gs://imagen4-faces-imagen-demo-460715/0437.png
438,Bangladesh,20,Male,81063,gs://imagen4-faces-imagen-demo-460715/0438.png
439,Bangladesh,20,Female,51217,gs://imagen4-faces-imagen-demo-460715/0439.png
440,Bangladesh,20,Female,27764,gs://imagen4-faces-imagen-demo-460715/0440.png
441,Bangladesh,20,Female,82130,gs://imagen4-faces-imagen-demo-460715/0441.png
442,Bangladesh,20,Female,12970,gs://imagen4-faces-imagen-demo-460715/0442.png
443,Bangladesh,20,Female,65674,gs://imagen4-faces-imagen-demo-460715/0443.png
444,Bangladesh,20,Female,96360,gs://imagen4-faces-imagen-demo-460715/0444.png
445,Bangladesh,30,Male,64472,gs://imagen4-faces-imagen-demo-460715/0445.png
446,Bangladesh,30,Male,21318,gs://imagen4-faces-imagen-demo-460715/0446.png
447,Bangladesh,30,Male,22388,gs://imagen4-faces-imagen-demo-460715/0447.png
448,Bangladesh,30,Male,72247,gs://imagen4-faces-imagen-demo-460715/0448.png
449,Bangladesh,30,Male,11282,gs://imagen4-faces-imagen-demo-460715/0449.png
450,Bangladesh,30,Male,49415,gs://imagen4-faces-imagen-demo-460715/0450.png
451,Bangladesh,30,Female,51008,gs://imagen4-faces-imagen-demo-460715/0451.png
452,Bangladesh,30,Female,38023,gs://imagen4-faces-imagen-demo-460715/0452.png
453,Bangladesh,30,Female,41085,gs://imagen4-faces-imagen-demo-460715/0453.png
454,Bangladesh,30,Female,53201,gs://imagen4-faces-imagen-demo-460715/0454.png
455,Bangladesh,30,Female,55331,gs://imagen4-faces-imagen-demo-460715/0455.png
456,Bangladesh,30,Female,64459,gs://imagen4-faces-imagen-demo-460715/0456.png
457,Barbados,20,Male,92230,gs://imagen4-faces-imagen-demo-460715/0457.png
458,Barbados,20,Male,68200,gs://imagen4-faces-imagen-demo-460715/0458.png
459,Barbados,20,Male,57707,gs://imagen4-faces-imagen-demo-460715/0459.png
460,Barbados,20,Male,41963,gs://imagen4-faces-imagen-demo-460715/0460.png
461,Barbados,20,Male,26095,gs://imagen4-faces-imagen-demo-460715/0461.png
462,Barbados,20,Male,93126,gs://imagen4-faces-imagen-demo-460715/0462.png
463,Barbados,20,Female,80055,gs://imagen4-faces-imagen-demo-460715/0463.png
464,Barbados,20,Female,34462,gs://imagen4-faces-imagen-demo-460715/0464.png
465,Barbados,20,Female,25454,gs://imagen4-faces-imagen-demo-460715/0465.png
466,Barbados,20,Female,29271,gs://imagen4-faces-imagen-demo-460715/0466.png
467,Barbados,20,Female,44372,gs://imagen4-faces-imagen-demo-460715/0467.png
468,Barbados,20,Female,55471,gs://imagen4-faces-imagen-demo-460715/0468.png
469,Barbados,30,Male,16733,gs://imagen4-faces-imagen-demo-460715/0469.png
470,Barbados,30,Male,71593,gs://imagen4-faces-imagen-demo-460715/0470.png
471,Barbados,30,Male,67148,gs://imagen4-faces-imagen-demo-460715/0471.png
472,Barbados,30,Male,42914,gs://imagen4-faces-imagen-demo-460715/0472.png
473,Barbados,30,Male,29935,gs://imagen4-faces-imagen-demo-460715/0473.png
474,Barbados,30,Male,76279,gs://imagen4-faces-imagen-demo-460715/0474.png
475,Barbados,30,Female,32083,gs://imagen4-faces-imagen-demo-460715/0475.png
476,Barbados,30,Female,92789,gs://imagen4-faces-imagen-demo-460715/0476.png
477,Barbados,30,Female,13703,gs://imagen4-faces-imagen-demo-460715/0477.png
478,Barbados,30,Female,52096,gs://imagen4-faces-imagen-demo-460715/0478.png
479,Barbados,30,Female,84338,gs://imagen4-faces-imagen-demo-460715/0479.png
480,Barbados,30,Female,54908,gs://imagen4-faces-imagen-demo-460715/0480.png
481,Belarus,20,Male,72425,gs://imagen4-faces-imagen-demo-460715/0481.png
482,Belarus,20,Male,86118,gs://imagen4-faces-imagen-demo-460715/0482.png
483,Belarus,20,Male,60250,gs://imagen4-faces-imagen-demo-460715/0483.png
484,Belarus,20,Male,39357,gs://imagen4-faces-imagen-demo-460715/0484.png
485,Belarus,20,Male,35661,gs://imagen4-faces-imagen-demo-460715/0485.png
486,Belarus,20,Male,83259,gs://imagen4-faces-imagen-demo-460715/0486.png
487,Belarus,20,Female,88615,gs://imagen4-faces-imagen-demo-460715/0487.png
488,Belarus,20,Female,10009,gs://imagen4-faces-imagen-demo-460715/0488.png
489,Belarus,20,Female,28120,gs://imagen4-faces-imagen-demo-460715/0489.png
490,Belarus,20,Female,93489,gs://imagen4-faces-imagen-demo-460715/0490.png
491,Belarus,20,Female,47029,gs://imagen4-faces-imagen-demo-460715/0491.png
492,Belarus,20,Female,40813,gs://imagen4-faces-imagen-demo-460715/0492.png
493,Belarus,30,Male,77492,gs://imagen4-faces-imagen-demo-460715/0493.png
494,Belarus,30,Male,64377,gs://imagen4-faces-imagen-demo-460715/0494.png
495,Belarus,30,Male,77437,gs://imagen4-faces-imagen-demo-460715/0495.png
496,Belarus,30,Male,57941,gs://imagen4-faces-imagen-demo-460715/0496.png
497,Belarus,30,Male,82871,gs://imagen4-faces-imagen-demo-460715/0497.png
498,Belarus,30,Male,23035,gs://imagen4-faces-imagen-demo-460715/0498.png
499,Belarus,30,Female,88761,gs://imagen4-faces-imagen-demo-460715/0499.png
500,Belarus,30,Female,93330,gs://imagen4-faces-imagen-demo-460715/0500.png
501,Belarus,30,Female,63729,gs://imagen4-faces-imagen-demo-460715/0501.png
502,Belarus,30,Female,81351,gs://imagen4-faces-imagen-demo-460715/0502.png
503,Belarus,30,Female,34025,gs://imagen4-faces-imagen-demo-460715/0503.png
504,Belarus,30,Female,86776,gs://imagen4-faces-imagen-demo-460715/0504.png
505,Belgium,20,Male,67964,gs://imagen4-faces-imagen-demo-460715/0505.png
506,Belgium,20,Male,86446,gs://imagen4-faces-imagen-demo-460715/0506.png
507,Belgium,20,Male,34363,gs://imagen4-faces-imagen-demo-460715/0507.png
508,Belgium,20,Male,83538,gs://imagen4-faces-imagen-demo-460715/0508.png
509,Belgium,20,Male,40388,gs://imagen4-faces-imagen-demo-460715/0509.png
510,Belgium,20,Male,37421,gs://imagen4-faces-imagen-demo-460715/0510.png
511,Belgium,20,Female,88792,gs://imagen4-faces-imagen-demo-460715/0511.png
512,Belgium,20,Female,77398,gs://imagen4-faces-imagen-demo-460715/0512.png
513,Belgium,20,Female,42287,gs://imagen4-faces-imagen-demo-460715/0513.png
514,Belgium,20,Female,52205,gs://imagen4-faces-imagen-demo-460715/0514.png
515,Belgium,20,Female,55274,gs://imagen4-faces-imagen-demo-460715/0515.png
516,Belgium,20,Female,15259,gs://imagen4-faces-imagen-demo-460715/0516.png
517,Belgium,30,Male,97565,gs://imagen4-faces-imagen-demo-460715/0517.png
518,Belgium,30,Male,49278,gs://imagen4-faces-imagen-demo-460715/0518.png
519,Belgium,30,Male,43875,gs://imagen4-faces-imagen-demo-460715/0519.png
520,Belgium,30,Male,13100,gs://imagen4-faces-imagen-demo-460715/0520.png
521,Belgium,30,Male,82278,gs://imagen4-faces-imagen-demo-460715/0521.png
522,Belgium,30,Male,92708,gs://imagen4-faces-imagen-demo-460715/0522.png
523,Belgium,30,Female,48121,gs://imagen4-faces-imagen-demo-460715/0523.png
524,Belgium,30,Female,36176,gs://imagen4-faces-imagen-demo-460715/0524.png
525,Belgium,30,Female,39189,gs://imagen4-faces-imagen-demo-460715/0525.png
526,Belgium,30,Female,98438,gs://imagen4-faces-imagen-demo-460715/0526.png
527,Belgium,30,Female,61465,gs://imagen4-faces-imagen-demo-460715/0527.png
528,Belgium,30,Female,12976,gs://imagen4-faces-imagen-demo-460715/0528.png
529,Belize,20,Male,23667,gs://imagen4-faces-imagen-demo-460715/0529.png
530,Belize,20,Male,49229,gs://imagen4-faces-imagen-demo-460715/0530.png
531,Belize,20,Male,63749,gs://imagen4-faces-imagen-demo-460715/0531.png
532,Belize,20,Male,86943,gs://imagen4-faces-imagen-demo-460715/0532.png
533,Belize,20,Male,41463,gs://imagen4-faces-imagen-demo-460715/0533.png
534,Belize,20,Male,84486,gs://imagen4-faces-imagen-demo-460715/0534.png
535,Belize,20,Female,44194,gs://imagen4-faces-imagen-demo-460715/0535.png
536,Belize,20,Female,17467,gs://imagen4-faces-imagen-demo-460715/0536.png
537,Belize,20,Female,32736,gs://imagen4-faces-imagen-demo-460715/0537.png
538,Belize,20,Female,14176,gs://imagen4-faces-imagen-demo-460715/0538.png
539,Belize,20,Female,27777,gs://imagen4-faces-imagen-demo-460715/0539.png
540,Belize,20,Female,83983,gs://imagen4-faces-imagen-demo-460715/0540.png
541,Belize,30,Male,94629,gs://imagen4-faces-imagen-demo-460715/0541.png
542,Belize,30,Male,97682,gs://imagen4-faces-imagen-demo-460715/0542.png
543,Belize,30,Male,74879,gs://imagen4-faces-imagen-demo-460715/0543.png
544,Belize,30,Male,77799,gs://imagen4-faces-imagen-demo-460715/0544.png
545,Belize,30,Male,97219,gs://imagen4-faces-imagen-demo-460715/0545.png
546,Belize,30,Male,87181,gs://imagen4-faces-imagen-demo-460715/0546.png
547,Belize,30,Female,62535,gs://imagen4-faces-imagen-demo-460715/0547.png
548,Belize,30,Female,92922,gs://imagen4-faces-imagen-demo-460715/0548.png
549,Belize,30,Female,69223,gs://imagen4-faces-imagen-demo-460715/0549.png
550,Belize,30,Female,77830,gs://imagen4-faces-imagen-demo-460715/0550.png
551,Belize,30,Female,63168,gs://imagen4-faces-imagen-demo-460715/0551.png
552,Belize,30,Female,63067,gs://imagen4-faces-imagen-demo-460715/0552.png
553,Benin,20,Male,30948,gs://imagen4-faces-imagen-demo-460715/0553.png
554,Benin,20,Male,43524,gs://imagen4-faces-imagen-demo-460715/0554.png
555,Benin,20,Male,77991,gs://imagen4-faces-imagen-demo-460715/0555.png
556,Benin,20,Male,82591,gs://imagen4-faces-imagen-demo-460715/0556.png
557,Benin,20,Male,88258,gs://imagen4-faces-imagen-demo-460715/0557.png
558,Benin,20,Male,46198,gs://imagen4-faces-imagen-demo-460715/0558.png
559,Benin,20,Female,61258,gs://imagen4-faces-imagen-demo-460715/0559.png
560,Benin,20,Female,28742,gs://imagen4-faces-imagen-demo-460715/0560.png
561,Benin,20,Female,91226,gs://imagen4-faces-imagen-demo-460715/0561.png
562,Benin,20,Female,34642,gs://imagen4-faces-imagen-demo-460715/0562.png
563,Benin,20,Female,73775,gs://imagen4-faces-imagen-demo-460715/0563.png
564,Benin,20,Female,53883,gs://imagen4-faces-imagen-demo-460715/0564.png
565,Benin,30,Male,17231,gs://imagen4-faces-imagen-demo-460715/0565.png
566,Benin,30,Male,48359,gs://imagen4-faces-imagen-demo-460715/0566.png
567,Benin,30,Male,94289,gs://imagen4-faces-imagen-demo-460715/0567.png
568,Benin,30,Male,64001,gs://imagen4-faces-imagen-demo-460715/0568.png
569,Benin,30,Male,96188,gs://imagen4-faces-imagen-demo-460715/0569.png
570,Benin,30,Male,79728,gs://imagen4-faces-imagen-demo-460715/0570.png
571,Benin,30,Female,89381,gs://imagen4-faces-imagen-demo-460715/0571.png
572,Benin,30,Female,18535,gs://imagen4-faces-imagen-demo-460715/0572.png
573,Benin,30,Female,64905,gs://imagen4-faces-imagen-demo-460715/0573.png
574,Benin,30,Female,99075,gs://imagen4-faces-imagen-demo-460715/0574.png
575,Benin,30,Female,25273,gs://imagen4-faces-imagen-demo-460715/0575.png
576,Benin,30,Female,68510,gs://imagen4-faces-imagen-demo-460715/0576.png
577,Bermuda,20,Male,58935,gs://imagen4-faces-imagen-demo-460715/0577.png
578,Bermuda,20,Male,22000,gs://imagen4-faces-imagen-demo-460715/0578.png
579,Bermuda,20,Male,43507,gs://imagen4-faces-imagen-demo-460715/0579.png
580,Bermuda,20,Male,18695,gs://imagen4-faces-imagen-demo-460715/0580.png
581,Bermuda,20,Male,25108,gs://imagen4-faces-imagen-demo-460715/0581.png
582,Bermuda,20,Male,31470,gs://imagen4-faces-imagen-demo-460715/0582.png
583,Bermuda,20,Female,62062,gs://imagen4-faces-imagen-demo-460715/0583.png
584,Bermuda,20,Female,88128,gs://imagen4-faces-imagen-demo-460715/0584.png
585,Bermuda,20,Female,18172,gs://imagen4-faces-imagen-demo-460715/0585.png
586,Bermuda,20,Female,90559,gs://imagen4-faces-imagen-demo-460715/0586.png
587,Bermuda,20,Female,41352,gs://imagen4-faces-imagen-demo-460715/0587.png
588,Bermuda,20,Female,32321,gs://imagen4-faces-imagen-demo-460715/0588.png
589,Bermuda,30,Male,39463,gs://imagen4-faces-imagen-demo-460715/0589.png
590,Bermuda,30,Male,87161,gs://imagen4-faces-imagen-demo-460715/0590.png
591,Bermuda,30,Male,86309,gs://imagen4-faces-imagen-demo-460715/0591.png
592,Bermuda,30,Male,23465,gs://imagen4-faces-imagen-demo-460715/0592.png
593,Bermuda,30,Male,19072,gs://imagen4-faces-imagen-demo-460715/0593.png
594,Bermuda,30,Male,94743,gs://imagen4-faces-imagen-demo-460715/0594.png
595,Bermuda,30,Female,63488,gs://imagen4-faces-imagen-demo-460715/0595.png
596,Bermuda,30,Female,72964,gs://imagen4-faces-imagen-demo-460715/0596.png
597,Bermuda,30,Female,50859,gs://imagen4-faces-imagen-demo-460715/0597.png
598,Bermuda,30,Female,14314,gs://imagen4-faces-imagen-demo-460715/0598.png
599,Bermuda,30,Female,47792,gs://imagen4-faces-imagen-demo-460715/0599.png
600,Bermuda,30,Female,74569,gs://imagen4-faces-imagen-demo-460715/0600.png
601,Bhutan,20,Male,19412,gs://imagen4-faces-imagen-demo-460715/0601.png
602,Bhutan,20,Male,38885,gs://imagen4-faces-imagen-demo-460715/0602.png
603,Bhutan,20,Male,66653,gs://imagen4-faces-imagen-demo-460715/0603.png
604,Bhutan,20,Male,65321,gs://imagen4-faces-imagen-demo-460715/0604.png
605,Bhutan,20,Male,60953,gs://imagen4-faces-imagen-demo-460715/0605.png
606,Bhutan,20,Male,33890,gs://imagen4-faces-imagen-demo-460715/0606.png
607,Bhutan,20,Female,73977,gs://imagen4-faces-imagen-demo-460715/0607.png
608,Bhutan,20,Female,55301,gs://imagen4-faces-imagen-demo-460715/0608.png
609,Bhutan,20,Female,10011,gs://imagen4-faces-imagen-demo-460715/0609.png
610,Bhutan,20,Female,76262,gs://imagen4-faces-imagen-demo-460715/0610.png
611,Bhutan,20,Female,11961,gs://imagen4-faces-imagen-demo-460715/0611.png
612,Bhutan,20,Female,91204,gs://imagen4-faces-imagen-demo-460715/0612.png
613,Bhutan,30,Male,68388,gs://imagen4-faces-imagen-demo-460715/0613.png
614,Bhutan,30,Male,95188,gs://imagen4-faces-imagen-demo-460715/0614.png
615,Bhutan,30,Male,74715,gs://imagen4-faces-imagen-demo-460715/0615.png
616,Bhutan,30,Male,48870,gs://imagen4-faces-imagen-demo-460715/0616.png
617,Bhutan,30,Male,59149,gs://imagen4-faces-imagen-demo-460715/0617.png
618,Bhutan,30,Male,78558,gs://imagen4-faces-imagen-demo-460715/0618.png
619,Bhutan,30,Female,95853,gs://imagen4-faces-imagen-demo-460715/0619.png
620,Bhutan,30,Female,37197,gs://imagen4-faces-imagen-demo-460715/0620.png
621,Bhutan,30,Female,74866,gs://imagen4-faces-imagen-demo-460715/0621.png
622,Bhutan,30,Female,22975,gs://imagen4-faces-imagen-demo-460715/0622.png
623,Bhutan,30,Female,74063,gs://imagen4-faces-imagen-demo-460715/0623.png
624,Bhutan,30,Female,47492,gs://imagen4-faces-imagen-demo-460715/0624.png
625,Bolivia (Plurinational State of),20,Male,47864,gs://imagen4-faces-imagen-demo-460715/0625.png
626,Bolivia (Plurinational State of),20,Male,37576,gs://imagen4-faces-imagen-demo-460715/0626.png
627,Bolivia (Plurinational State of),20,Male,70678,gs://imagen4-faces-imagen-demo-460715/0627.png
628,Bolivia (Plurinational State of),20,Male,44781,gs://imagen4-faces-imagen-demo-460715/0628.png
629,Bolivia (Plurinational State of),20,Male,59257,gs://imagen4-faces-imagen-demo-460715/0629.png
630,Bolivia (Plurinational State of),20,Male,44056,gs://imagen4-faces-imagen-demo-460715/0630.png
631,Bolivia (Plurinational State of),20,Female,32759,gs://imagen4-faces-imagen-demo-460715/0631.png
632,Bolivia (Plurinational State of),20,Female,54698,gs://imagen4-faces-imagen-demo-460715/0632.png
633,Bolivia (Plurinational State of),20,Female,82641,gs://imagen4-faces-imagen-demo-460715/0633.png
634,Bolivia (Plurinational State of),20,Female,72990,gs://imagen4-faces-imagen-demo-460715/0634.png
635,Bolivia (Plurinational State of),20,Female,83172,gs://imagen4-faces-imagen-demo-460715/0635.png
636,Bolivia (Plurinational State of),20,Female,98635,gs://imagen4-faces-imagen-demo-460715/0636.png
637,Bolivia (Plurinational State of),30,Male,92630,gs://imagen4-faces-imagen-demo-460715/0637.png
638,Bolivia (Plurinational State of),30,Male,80366,gs://imagen4-faces-imagen-demo-460715/0638.png
639,Bolivia (Plurinational State of),30,Male,85086,gs://imagen4-faces-imagen-demo-460715/0639.png
640,Bolivia (Plurinational State of),30,Male,29554,gs://imagen4-faces-imagen-demo-460715/0640.png
641,Bolivia (Plurinational State of),30,Male,51442,gs://imagen4-faces-imagen-demo-460715/0641.png
642,Bolivia (Plurinational State of),30,Male,33310,gs://imagen4-faces-imagen-demo-460715/0642.png
643,Bolivia (Plurinational State of),30,Female,32572,gs://imagen4-faces-imagen-demo-460715/0643.png
644,Bolivia (Plurinational State of),30,Female,65015,gs://imagen4-faces-imagen-demo-460715/0644.png
645,Bolivia (Plurinational State of),30,Female,53473,gs://imagen4-faces-imagen-demo-460715/0645.png
646,Bolivia (Plurinational State of),30,Female,26680,gs://imagen4-faces-imagen-demo-460715/0646.png
647,Bolivia (Plurinational State of),30,Female,29503,gs://imagen4-faces-imagen-demo-460715/0647.png
648,Bolivia (Plurinational State of),30,Female,68059,gs://imagen4-faces-imagen-demo-460715/0648.png
649,"Bonaire, Sint Eustatius and Saba",20,Male,49495,gs://imagen4-faces-imagen-demo-460715/0649.png
650,"Bonaire, Sint Eustatius and Saba",20,Male,48436,gs://imagen4-faces-imagen-demo-460715/0650.png
651,"Bonaire, Sint Eustatius and Saba",20,Male,85144,gs://imagen4-faces-imagen-demo-460715/0651.png
652,"Bonaire, Sint Eustatius and Saba",20,Male,81982,gs://imagen4-faces-imagen-demo-460715/0652.png
653,"Bonaire, Sint Eustatius and Saba",20,Male,36327,gs://imagen4-faces-imagen-demo-460715/0653.png
654,"Bonaire, Sint Eustatius and Saba",20,Male,33749,gs://imagen4-faces-imagen-demo-460715/0654.png
655,"Bonaire, Sint Eustatius and Saba",20,Female,80419,gs://imagen4-faces-imagen-demo-460715/0655.png
656,"Bonaire, Sint Eustatius and Saba",20,Female,47024,gs://imagen4-faces-imagen-demo-460715/0656.png
657,"Bonaire, Sint Eustatius and Saba",20,Female,37380,gs://imagen4-faces-imagen-demo-460715/0657.png
658,"Bonaire, Sint Eustatius and Saba",20,Female,34721,gs://imagen4-faces-imagen-demo-460715/0658.png
659,"Bonaire, Sint Eustatius and Saba",20,Female,29633,gs://imagen4-faces-imagen-demo-460715/0659.png
660,"Bonaire, Sint Eustatius and Saba",20,Female,66600,gs://imagen4-faces-imagen-demo-460715/0660.png
661,"Bonaire, Sint Eustatius and Saba",30,Male,85287,gs://imagen4-faces-imagen-demo-460715/0661.png
662,"Bonaire, Sint Eustatius and Saba",30,Male,10680,gs://imagen4-faces-imagen-demo-460715/0662.png
663,"Bonaire, Sint Eustatius and Saba",30,Male,60593,gs://imagen4-faces-imagen-demo-460715/0663.png
664,"Bonaire, Sint Eustatius and Saba",30,Male,92462,gs://imagen4-faces-imagen-demo-460715/0664.png
665,"Bonaire, Sint Eustatius and Saba",30,Male,35721,gs://imagen4-faces-imagen-demo-460715/0665.png
666,"Bonaire, Sint Eustatius and Saba",30,Male,63928,gs://imagen4-faces-imagen-demo-460715/0666.png
667,"Bonaire, Sint Eustatius and Saba",30,Female,57124,gs://imagen4-faces-imagen-demo-460715/0667.png
668,"Bonaire, Sint Eustatius and Saba",30,Female,86280,gs://imagen4-faces-imagen-demo-460715/0668.png
669,"Bonaire, Sint Eustatius and Saba",30,Female,61403,gs://imagen4-faces-imagen-demo-460715/0669.png
670,"Bonaire, Sint Eustatius and Saba",30,Female,29145,gs://imagen4-faces-imagen-demo-460715/0670.png
671,"Bonaire, Sint Eustatius and Saba",30,Female,89938,gs://imagen4-faces-imagen-demo-460715/0671.png
672,"Bonaire, Sint Eustatius and Saba",30,Female,66016,gs://imagen4-faces-imagen-demo-460715/0672.png
673,Bosnia and Herzegovina,20,Male,23436,gs://imagen4-faces-imagen-demo-460715/0673.png
674,Bosnia and Herzegovina,20,Male,79877,gs://imagen4-faces-imagen-demo-460715/0674.png
675,Bosnia and Herzegovina,20,Male,73034,gs://imagen4-faces-imagen-demo-460715/0675.png
676,Bosnia and Herzegovina,20,Male,11757,gs://imagen4-faces-imagen-demo-460715/0676.png
677,Bosnia and Herzegovina,20,Male,95638,gs://imagen4-faces-imagen-demo-460715/0677.png
678,Bosnia and Herzegovina,20,Male,21970,gs://imagen4-faces-imagen-demo-460715/0678.png
679,Bosnia and Herzegovina,20,Female,45639,gs://imagen4-faces-imagen-demo-460715/0679.png
680,Bosnia and Herzegovina,20,Female,70669,gs://imagen4-faces-imagen-demo-460715/0680.png
681,Bosnia and Herzegovina,20,Female,66689,gs://imagen4-faces-imagen-demo-460715/0681.png
682,Bosnia and Herzegovina,20,Female,41461,gs://imagen4-faces-imagen-demo-460715/0682.png
683,Bosnia and Herzegovina,20,Female,32489,gs://imagen4-faces-imagen-demo-460715/0683.png
684,Bosnia and Herzegovina,20,Female,53170,gs://imagen4-faces-imagen-demo-460715/0684.png
685,Bosnia and Herzegovina,30,Male,30983,gs://imagen4-faces-imagen-demo-460715/0685.png
686,Bosnia and Herzegovina,30,Male,90334,gs://imagen4-faces-imagen-demo-460715/0686.png
687,Bosnia and Herzegovina,30,Male,42598,gs://imagen4-faces-imagen-demo-460715/0687.png
688,Bosnia and Herzegovina,30,Male,28804,gs://imagen4-faces-imagen-demo-460715/0688.png
689,Bosnia and Herzegovina,30,Male,90509,gs://imagen4-faces-imagen-demo-460715/0689.png
690,Bosnia and Herzegovina,30,Male,59385,gs://imagen4-faces-imagen-demo-460715/0690.png
691,Bosnia and Herzegovina,30,Female,19440,gs://imagen4-faces-imagen-demo-460715/0691.png
692,Bosnia and Herzegovina,30,Female,43312,gs://imagen4-faces-imagen-demo-460715/0692.png
693,Bosnia and Herzegovina,30,Female,90601,gs://imagen4-faces-imagen-demo-460715/0693.png
694,Bosnia and Herzegovina,30,Female,82373,gs://imagen4-faces-imagen-demo-460715/0694.png
695,Bosnia and Herzegovina,30,Female,75106,gs://imagen4-faces-imagen-demo-460715/0695.png
696,Bosnia and Herzegovina,30,Female,77604,gs://imagen4-faces-imagen-demo-460715/0696.png
697,Botswana,20,Male,81848,gs://imagen4-faces-imagen-demo-460715/0697.png
698,Botswana,20,Male,51393,gs://imagen4-faces-imagen-demo-460715/0698.png
699,Botswana,20,Male,15478,gs://imagen4-faces-imagen-demo-460715/0699.png
700,Botswana,20,Male,64427,gs://imagen4-faces-imagen-demo-460715/0700.png
701,Botswana,20,Male,36297,gs://imagen4-faces-imagen-demo-460715/0701.png
702,Botswana,20,Male,27647,gs://imagen4-faces-imagen-demo-460715/0702.png
703,Botswana,20,Female,34957,gs://imagen4-faces-imagen-demo-460715/0703.png
704,Botswana,20,Female,19153,gs://imagen4-faces-imagen-demo-460715/0704.png
705,Botswana,20,Female,13962,gs://imagen4-faces-imagen-demo-460715/0705.png
706,Botswana,20,Female,99968,gs://imagen4-faces-imagen-demo-460715/0706.png
707,Botswana,20,Female,45856,gs://imagen4-faces-imagen-demo-460715/0707.png
708,Botswana,20,Female,85112,gs://imagen4-faces-imagen-demo-460715/0708.png
709,Botswana,30,Male,49706,gs://imagen4-faces-imagen-demo-460715/0709.png
710,Botswana,30,Male,91840,gs://imagen4-faces-imagen-demo-460715/0710.png
711,Botswana,30,Male,49841,gs://imagen4-faces-imagen-demo-460715/0711.png
712,Botswana,30,Male,65230,gs://imagen4-faces-imagen-demo-460715/0712.png
713,Botswana,30,Male,92691,gs://imagen4-faces-imagen-demo-460715/0713.png
714,Botswana,30,Male,76356,gs://imagen4-faces-imagen-demo-460715/0714.png
715,Botswana,30,Female,96782,gs://imagen4-faces-imagen-demo-460715/0715.png
716,Botswana,30,Female,82812,gs://imagen4-faces-imagen-demo-460715/0716.png
717,Botswana,30,Female,90782,gs://imagen4-faces-imagen-demo-460715/0717.png
718,Botswana,30,Female,10104,gs://imagen4-faces-imagen-demo-460715/0718.png
719,Botswana,30,Female,65157,gs://imagen4-faces-imagen-demo-460715/0719.png
720,Botswana,30,Female,57141,gs://imagen4-faces-imagen-demo-460715/0720.png
721,Bouvet Island,20,Male,95059,gs://imagen4-faces-imagen-demo-460715/0721.png
722,Bouvet Island,20,Male,98580,gs://imagen4-faces-imagen-demo-460715/0722.png
723,Bouvet Island,20,Male,26107,gs://imagen4-faces-imagen-demo-460715/0723.png
724,Bouvet Island,20,Male,65421,gs://imagen4-faces-imagen-demo-460715/0724.png
725,Bouvet Island,20,Male,81641,gs://imagen4-faces-imagen-demo-460715/0725.png
726,Bouvet Island,20,Male,94816,gs://imagen4-faces-imagen-demo-460715/0726.png
727,Bouvet Island,20,Female,25147,gs://imagen4-faces-imagen-demo-460715/0727.png
728,Bouvet Island,20,Female,83787,gs://imagen4-faces-imagen-demo-460715/0728.png
729,Bouvet Island,20,Female,96117,gs://imagen4-faces-imagen-demo-460715/0729.png
730,Bouvet Island,20,Female,17844,gs://imagen4-faces-imagen-demo-460715/0730.png
731,Bouvet Island,20,Female,72482,gs://imagen4-faces-imagen-demo-460715/0731.png
732,Bouvet Island,20,Female,54642,gs://imagen4-faces-imagen-demo-460715/0732.png
733,Bouvet Island,30,Male,98224,gs://imagen4-faces-imagen-demo-460715/0733.png
734,Bouvet Island,30,Male,78565,gs://imagen4-faces-imagen-demo-460715/0734.png
735,Bouvet Island,30,Male,27663,gs://imagen4-faces-imagen-demo-460715/0735.png
736,Bouvet Island,30,Male,41958,gs://imagen4-faces-imagen-demo-460715/0736.png
737,Bouvet Island,30,Male,90140,gs://imagen4-faces-imagen-demo-460715/0737.png
738,Bouvet Island,30,Male,97016,gs://imagen4-faces-imagen-demo-460715/0738.png
739,Bouvet Island,30,Female,47127,gs://imagen4-faces-imagen-demo-460715/0739.png
740,Bouvet Island,30,Female,35479,gs://imagen4-faces-imagen-demo-460715/0740.png
741,Bouvet Island,30,Female,52188,gs://imagen4-faces-imagen-demo-460715/0741.png
742,Bouvet Island,30,Female,68071,gs://imagen4-faces-imagen-demo-460715/0742.png
743,Bouvet Island,30,Female,84642,gs://imagen4-faces-imagen-demo-460715/0743.png
744,Bouvet Island,30,Female,67871,gs://imagen4-faces-imagen-demo-460715/0744.png
745,Brazil,20,Male,76727,gs://imagen4-faces-imagen-demo-460715/0745.png
746,Brazil,20,Male,83718,gs://imagen4-faces-imagen-demo-460715/0746.png
747,Brazil,20,Male,38987,gs://imagen4-faces-imagen-demo-460715/0747.png
748,Brazil,20,Male,55918,gs://imagen4-faces-imagen-demo-460715/0748.png
749,Brazil,20,Male,23155,gs://imagen4-faces-imagen-demo-460715/0749.png
750,Brazil,20,Male,83284,gs://imagen4-faces-imagen-demo-460715/0750.png
751,Brazil,20,Female,99202,gs://imagen4-faces-imagen-demo-460715/0751.png
752,Brazil,20,Female,44106,gs://imagen4-faces-imagen-demo-460715/0752.png
753,Brazil,20,Female,80362,gs://imagen4-faces-imagen-demo-460715/0753.png
754,Brazil,20,Female,57488,gs://imagen4-faces-imagen-demo-460715/0754.png
755,Brazil,20,Female,38455,gs://imagen4-faces-imagen-demo-460715/0755.png
756,Brazil,20,Female,27115,gs://imagen4-faces-imagen-demo-460715/0756.png
757,Brazil,30,Male,40005,gs://imagen4-faces-imagen-demo-460715/0757.png
758,Brazil,30,Male,38247,gs://imagen4-faces-imagen-demo-460715/0758.png
759,Brazil,30,Male,59120,gs://imagen4-faces-imagen-demo-460715/0759.png
760,Brazil,30,Male,73614,gs://imagen4-faces-imagen-demo-460715/0760.png
761,Brazil,30,Male,35198,gs://imagen4-faces-imagen-demo-460715/0761.png
762,Brazil,30,Male,28589,gs://imagen4-faces-imagen-demo-460715/0762.png
763,Brazil,30,Female,94286,gs://imagen4-faces-imagen-demo-460715/0763.png
764,Brazil,30,Female,93188,gs://imagen4-faces-imagen-demo-460715/0764.png
765,Brazil,30,Female,98853,gs://imagen4-faces-imagen-demo-460715/0765.png
766,Brazil,30,Female,26926,gs://imagen4-faces-imagen-demo-460715/0766.png
767,Brazil,30,Female,91849,gs://imagen4-faces-imagen-demo-460715/0767.png
768,Brazil,30,Female,49384,gs://imagen4-faces-imagen-demo-460715/0768.png
769,British Indian Ocean Territory,20,Male,65164,gs://imagen4-faces-imagen-demo-460715/0769.png
770,British Indian Ocean Territory,20,Male,46639,gs://imagen4-faces-imagen-demo-460715/0770.png
771,British Indian Ocean Territory,20,Male,97848,gs://imagen4-faces-imagen-demo-460715/0771.png
772,British Indian Ocean Territory,20,Male,78071,gs://imagen4-faces-imagen-demo-460715/0772.png
773,British Indian Ocean Territory,20,Male,52697,gs://imagen4-faces-imagen-demo-460715/0773.png
774,British Indian Ocean Territory,20,Male,16566,gs://imagen4-faces-imagen-demo-460715/0774.png
775,British Indian Ocean Territory,20,Female,64246,gs://imagen4-faces-imagen-demo-460715/0775.png
776,British Indian Ocean Territory,20,Female,53783,gs://imagen4-faces-imagen-demo-460715/0776.png
777,British Indian Ocean Territory,20,Female,90087,gs://imagen4-faces-imagen-demo-460715/0777.png
778,British Indian Ocean Territory,20,Female,97010,gs://imagen4-faces-imagen-demo-460715/0778.png
779,British Indian Ocean Territory,20,Female,46275,gs://imagen4-faces-imagen-demo-460715/0779.png
780,British Indian Ocean Territory,20,Female,26752,gs://imagen4-faces-imagen-demo-460715/0780.png
781,British Indian Ocean Territory,30,Male,98668,gs://imagen4-faces-imagen-demo-460715/0781.png
782,British Indian Ocean Territory,30,Male,51037,gs://imagen4-faces-imagen-demo-460715/0782.png
783,British Indian Ocean Territory,30,Male,22980,gs://imagen4-faces-imagen-demo-460715/0783.png
784,British Indian Ocean Territory,30,Male,93427,gs://imagen4-faces-imagen-demo-460715/0784.png
785,British Indian Ocean Territory,30,Male,26635,gs://imagen4-faces-imagen-demo-460715/0785.png
786,British Indian Ocean Territory,30,Male,78382,gs://imagen4-faces-imagen-demo-460715/0786.png
787,British Indian Ocean Territory,30,Female,69288,gs://imagen4-faces-imagen-demo-460715/0787.png
788,British Indian Ocean Territory,30,Female,47885,gs://imagen4-faces-imagen-demo-460715/0788.png
789,British Indian Ocean Territory,30,Female,89319,gs://imagen4-faces-imagen-demo-460715/0789.png
790,British Indian Ocean Territory,30,Female,73925,gs://imagen4-faces-imagen-demo-460715/0790.png
791,British Indian Ocean Territory,30,Female,62919,gs://imagen4-faces-imagen-demo-460715/0791.png
792,British Indian Ocean Territory,30,Female,43409,gs://imagen4-faces-imagen-demo-460715/0792.png
793,Brunei Darussalam,20,Male,84199,gs://imagen4-faces-imagen-demo-460715/0793.png
794,Brunei Darussalam,20,Male,25771,gs://imagen4-faces-imagen-demo-460715/0794.png
795,Brunei Darussalam,20,Male,52460,gs://imagen4-faces-imagen-demo-460715/0795.png
796,Brunei Darussalam,20,Male,10366,gs://imagen4-faces-imagen-demo-460715/0796.png
797,Brunei Darussalam,20,Male,53857,gs://imagen4-faces-imagen-demo-460715/0797.png
798,Brunei Darussalam,20,Male,64250,gs://imagen4-faces-imagen-demo-460715/0798.png
799,Brunei Darussalam,20,Female,69086,gs://imagen4-faces-imagen-demo-460715/0799.png
800,Brunei Darussalam,20,Female,20722,gs://imagen4-faces-imagen-demo-460715/0800.png
801,Brunei Darussalam,20,Female,54788,gs://imagen4-faces-imagen-demo-460715/0801.png
802,Brunei Darussalam,20,Female,71190,gs://imagen4-faces-imagen-demo-460715/0802.png
803,Brunei Darussalam,20,Female,75608,gs://imagen4-faces-imagen-demo-460715/0803.png
804,Brunei Darussalam,20,Female,40401,gs://imagen4-faces-imagen-demo-460715/0804.png
805,Brunei Darussalam,30,Male,18215,gs://imagen4-faces-imagen-demo-460715/0805.png
806,Brunei Darussalam,30,Male,76639,gs://imagen4-faces-imagen-demo-460715/0806.png
807,Brunei Darussalam,30,Male,64369,gs://imagen4-faces-imagen-demo-460715/0807.png
808,Brunei Darussalam,30,Male,97936,gs://imagen4-faces-imagen-demo-460715/0808.png
809,Brunei Darussalam,30,Male,48719,gs://imagen4-faces-imagen-demo-460715/0809.png
810,Brunei Darussalam,30,Male,81473,gs://imagen4-faces-imagen-demo-460715/0810.png
811,Brunei Darussalam,30,Female,31065,gs://imagen4-faces-imagen-demo-460715/0811.png
812,Brunei Darussalam,30,Female,74221,gs://imagen4-faces-imagen-demo-460715/0812.png
813,Brunei Darussalam,30,Female,90967,gs://imagen4-faces-imagen-demo-460715/0813.png
814,Brunei Darussalam,30,Female,29603,gs://imagen4-faces-imagen-demo-460715/0814.png
815,Brunei Darussalam,30,Female,84375,gs://imagen4-faces-imagen-demo-460715/0815.png
816,Brunei Darussalam,30,Female,65106,gs://imagen4-faces-imagen-demo-460715/0816.png
817,Bulgaria,20,Male,57804,gs://imagen4-faces-imagen-demo-460715/0817.png
818,Bulgaria,20,Male,12487,gs://imagen4-faces-imagen-demo-460715/0818.png
819,Bulgaria,20,Male,99026,gs://imagen4-faces-imagen-demo-460715/0819.png
820,Bulgaria,20,Male,77963,gs://imagen4-faces-imagen-demo-460715/0820.png
821,Bulgaria,20,Male,35898,gs://imagen4-faces-imagen-demo-460715/0821.png
822,Bulgaria,20,Male,46009,gs://imagen4-faces-imagen-demo-460715/0822.png
823,Bulgaria,20,Female,54718,gs://imagen4-faces-imagen-demo-460715/0823.png
824,Bulgaria,20,Female,43248,gs://imagen4-faces-imagen-demo-460715/0824.png
825,Bulgaria,20,Female,22256,gs://imagen4-faces-imagen-demo-460715/0825.png
826,Bulgaria,20,Female,90437,gs://imagen4-faces-imagen-demo-460715/0826.png
827,Bulgaria,20,Female,58438,gs://imagen4-faces-imagen-demo-460715/0827.png
828,Bulgaria,20,Female,55399,gs://imagen4-faces-imagen-demo-460715/0828.png
829,Bulgaria,30,Male,98013,gs://imagen4-faces-imagen-demo-460715/0829.png
830,Bulgaria,30,Male,53878,gs://imagen4-faces-imagen-demo-460715/0830.png
831,Bulgaria,30,Male,74702,gs://imagen4-faces-imagen-demo-460715/0831.png
832,Bulgaria,30,Male,14874,gs://imagen4-faces-imagen-demo-460715/0832.png
833,Bulgaria,30,Male,11965,gs://imagen4-faces-imagen-demo-460715/0833.png
834,Bulgaria,30,Male,44577,gs://imagen4-faces-imagen-demo-460715/0834.png
835,Bulgaria,30,Female,79445,gs://imagen4-faces-imagen-demo-460715/0835.png
836,Bulgaria,30,Female,84088,gs://imagen4-faces-imagen-demo-460715/0836.png
837,Bulgaria,30,Female,68034,gs://imagen4-faces-imagen-demo-460715/0837.png
838,Bulgaria,30,Female,29844,gs://imagen4-faces-imagen-demo-460715/0838.png
839,Bulgaria,30,Female,75447,gs://imagen4-faces-imagen-demo-460715/0839.png
840,Bulgaria,30,Female,27424,gs://imagen4-faces-imagen-demo-460715/0840.png
841,Burkina Faso,20,Male,28379,gs://imagen4-faces-imagen-demo-460715/0841.png
842,Burkina Faso,20,Male,15953,gs://imagen4-faces-imagen-demo-460715/0842.png
843,Burkina Faso,20,Male,90640,gs://imagen4-faces-imagen-demo-460715/0843.png
844,Burkina Faso,20,Male,77662,gs://imagen4-faces-imagen-demo-460715/0844.png
845,Burkina Faso,20,Male,64795,gs://imagen4-faces-imagen-demo-460715/0845.png
846,Burkina Faso,20,Male,78328,gs://imagen4-faces-imagen-demo-460715/0846.png
847,Burkina Faso,20,Female,20367,gs://imagen4-faces-imagen-demo-460715/0847.png
848,Burkina Faso,20,Female,61883,gs://imagen4-faces-imagen-demo-460715/0848.png
849,Burkina Faso,20,Female,47775,gs://imagen4-faces-imagen-demo-460715/0849.png
850,Burkina Faso,20,Female,97640,gs://imagen4-faces-imagen-demo-460715/0850.png
851,Burkina Faso,20,Female,44377,gs://imagen4-faces-imagen-demo-460715/0851.png
852,Burkina Faso,20,Female,65244,gs://imagen4-faces-imagen-demo-460715/0852.png
853,Burkina Faso,30,Male,67397,gs://imagen4-faces-imagen-demo-460715/0853.png
854,Burkina Faso,30,Male,97409,gs://imagen4-faces-imagen-demo-460715/0854.png
855,Burkina Faso,30,Male,72356,gs://imagen4-faces-imagen-demo-460715/0855.png
856,Burkina Faso,30,Male,96466,gs://imagen4-faces-imagen-demo-460715/0856.png
857,Burkina Faso,30,Male,37138,gs://imagen4-faces-imagen-demo-460715/0857.png
858,Burkina Faso,30,Male,22892,gs://imagen4-faces-imagen-demo-460715/0858.png
859,Burkina Faso,30,Female,75403,gs://imagen4-faces-imagen-demo-460715/0859.png
860,Burkina Faso,30,Female,29136,gs://imagen4-faces-imagen-demo-460715/0860.png
861,Burkina Faso,30,Female,12904,gs://imagen4-faces-imagen-demo-460715/0861.png
862,Burkina Faso,30,Female,52321,gs://imagen4-faces-imagen-demo-460715/0862.png
863,Burkina Faso,30,Female,97672,gs://imagen4-faces-imagen-demo-460715/0863.png
864,Burkina Faso,30,Female,61999,gs://imagen4-faces-imagen-demo-460715/0864.png
865,Burundi,20,Male,54984,gs://imagen4-faces-imagen-demo-460715/0865.png
866,Burundi,20,Male,50085,gs://imagen4-faces-imagen-demo-460715/0866.png
867,Burundi,20,Male,43170,gs://imagen4-faces-imagen-demo-460715/0867.png
868,Burundi,20,Male,87779,gs://imagen4-faces-imagen-demo-460715/0868.png
869,Burundi,20,Male,29073,gs://imagen4-faces-imagen-demo-460715/0869.png
870,Burundi,20,Male,45339,gs://imagen4-faces-imagen-demo-460715/0870.png
871,Burundi,20,Female,33369,gs://imagen4-faces-imagen-demo-460715/0871.png
872,Burundi,20,Female,16495,gs://imagen4-faces-imagen-demo-460715/0872.png
873,Burundi,20,Female,14827,gs://imagen4-faces-imagen-demo-460715/0873.png
874,Burundi,20,Female,42513,gs://imagen4-faces-imagen-demo-460715/0874.png
875,Burundi,20,Female,44757,gs://imagen4-faces-imagen-demo-460715/0875.png
876,Burundi,20,Female,99834,gs://imagen4-faces-imagen-demo-460715/0876.png
877,Burundi,30,Male,66474,gs://imagen4-faces-imagen-demo-460715/0877.png
878,Burundi,30,Male,62628,gs://imagen4-faces-imagen-demo-460715/0878.png
879,Burundi,30,Male,70476,gs://imagen4-faces-imagen-demo-460715/0879.png
880,Burundi,30,Male,51970,gs://imagen4-faces-imagen-demo-460715/0880.png
881,Burundi,30,Male,64541,gs://imagen4-faces-imagen-demo-460715/0881.png
882,Burundi,30,Male,92695,gs://imagen4-faces-imagen-demo-460715/0882.png
883,Burundi,30,Female,42939,gs://imagen4-faces-imagen-demo-460715/0883.png
884,Burundi,30,Female,68816,gs://imagen4-faces-imagen-demo-460715/0884.png
885,Burundi,30,Female,77583,gs://imagen4-faces-imagen-demo-460715/0885.png
886,Burundi,30,Female,22180,gs://imagen4-faces-imagen-demo-460715/0886.png
887,Burundi,30,Female,97550,gs://imagen4-faces-imagen-demo-460715/0887.png
888,Burundi,30,Female,84651,gs://imagen4-faces-imagen-demo-460715/0888.png
889,Cabo Verde,20,Male,27245,gs://imagen4-faces-imagen-demo-460715/0889.png
890,Cabo Verde,20,Male,84793,gs://imagen4-faces-imagen-demo-460715/0890.png
891,Cabo Verde,20,Male,93572,gs://imagen4-faces-imagen-demo-460715/0891.png
892,Cabo Verde,20,Male,71265,gs://imagen4-faces-imagen-demo-460715/0892.png
893,Cabo Verde,20,Male,38387,gs://imagen4-faces-imagen-demo-460715/0893.png
894,Cabo Verde,20,Male,82724,gs://imagen4-faces-imagen-demo-460715/0894.png
895,Cabo Verde,20,Female,45922,gs://imagen4-faces-imagen-demo-460715/0895.png
896,Cabo Verde,20,Female,67615,gs://imagen4-faces-imagen-demo-460715/0896.png
897,Cabo Verde,20,Female,98566,gs://imagen4-faces-imagen-demo-460715/0897.png
898,Cabo Verde,20,Female,43817,gs://imagen4-faces-imagen-demo-460715/0898.png
899,Cabo Verde,20,Female,16245,gs://imagen4-faces-imagen-demo-460715/0899.png
900,Cabo Verde,20,Female,60066,gs://imagen4-faces-imagen-demo-460715/0900.png
901,Cabo Verde,30,Male,59004,gs://imagen4-faces-imagen-demo-460715/0901.png
902,Cabo Verde,30,Male,85818,gs://imagen4-faces-imagen-demo-460715/0902.png
903,Cabo Verde,30,Male,74427,gs://imagen4-faces-imagen-demo-460715/0903.png
904,Cabo Verde,30,Male,96373,gs://imagen4-faces-imagen-demo-460715/0904.png
905,Cabo Verde,30,Male,47535,gs://imagen4-faces-imagen-demo-460715/0905.png
906,Cabo Verde,30,Male,84584,gs://imagen4-faces-imagen-demo-460715/0906.png
907,Cabo Verde,30,Female,41003,gs://imagen4-faces-imagen-demo-460715/0907.png
908,Cabo Verde,30,Female,81581,gs://imagen4-faces-imagen-demo-460715/0908.png
909,Cabo Verde,30,Female,46992,gs://imagen4-faces-imagen-demo-460715/0909.png
910,Cabo Verde,30,Female,45359,gs://imagen4-faces-imagen-demo-460715/0910.png
911,Cabo Verde,30,Female,30312,gs://imagen4-faces-imagen-demo-460715/0911.png
912,Cabo Verde,30,Female,79075,gs://imagen4-faces-imagen-demo-460715/0912.png
913,Cambodia,20,Male,87141,gs://imagen4-faces-imagen-demo-460715/0913.png
914,Cambodia,20,Male,52225,gs://imagen4-faces-imagen-demo-460715/0914.png
915,Cambodia,20,Male,72765,gs://imagen4-faces-imagen-demo-460715/0915.png
916,Cambodia,20,Male,90497,gs://imagen4-faces-imagen-demo-460715/0916.png
917,Cambodia,20,Male,84246,gs://imagen4-faces-imagen-demo-460715/0917.png
918,Cambodia,20,Male,28277,gs://imagen4-faces-imagen-demo-460715/0918.png
919,Cambodia,20,Female,51079,gs://imagen4-faces-imagen-demo-460715/0919.png
920,Cambodia,20,Female,74147,gs://imagen4-faces-imagen-demo-460715/0920.png
921,Cambodia,20,Female,10946,gs://imagen4-faces-imagen-demo-460715/0921.png
922,Cambodia,20,Female,83973,gs://imagen4-faces-imagen-demo-460715/0922.png
923,Cambodia,20,Female,81432,gs://imagen4-faces-imagen-demo-460715/0923.png
924,Cambodia,20,Female,26091,gs://imagen4-faces-imagen-demo-460715/0924.png
925,Cambodia,30,Male,14411,gs://imagen4-faces-imagen-demo-460715/0925.png
926,Cambodia,30,Male,66908,gs://imagen4-faces-imagen-demo-460715/0926.png
927,Cambodia,30,Male,94418,gs://imagen4-faces-imagen-demo-460715/0927.png
928,Cambodia,30,Male,57267,gs://imagen4-faces-imagen-demo-460715/0928.png
929,Cambodia,30,Male,92085,gs://imagen4-faces-imagen-demo-460715/0929.png
930,Cambodia,30,Male,73058,gs://imagen4-faces-imagen-demo-460715/0930.png
931,Cambodia,30,Female,93752,gs://imagen4-faces-imagen-demo-460715/0931.png
932,Cambodia,30,Female,20535,gs://imagen4-faces-imagen-demo-460715/0932.png
933,Cambodia,30,Female,87463,gs://imagen4-faces-imagen-demo-460715/0933.png
934,Cambodia,30,Female,37319,gs://imagen4-faces-imagen-demo-460715/0934.png
935,Cambodia,30,Female,37446,gs://imagen4-faces-imagen-demo-460715/0935.png
936,Cambodia,30,Female,43110,gs://imagen4-faces-imagen-demo-460715/0936.png
937,Cameroon,20,Male,57503,gs://imagen4-faces-imagen-demo-460715/0937.png
938,Cameroon,20,Male,12241,gs://imagen4-faces-imagen-demo-460715/0938.png
939,Cameroon,20,Male,24156,gs://imagen4-faces-imagen-demo-460715/0939.png
940,Cameroon,20,Male,39330,gs://imagen4-faces-imagen-demo-460715/0940.png
941,Cameroon,20,Male,64202,gs://imagen4-faces-imagen-demo-460715/0941.png
942,Cameroon,20,Male,77711,gs://imagen4-faces-imagen-demo-460715/0942.png
943,Cameroon,20,Female,95908,gs://imagen4-faces-imagen-demo-460715/0943.png
944,Cameroon,20,Female,22550,gs://imagen4-faces-imagen-demo-460715/0944.png
945,Cameroon,20,Female,44642,gs://imagen4-faces-imagen-demo-460715/0945.png
946,Cameroon,20,Female,45125,gs://imagen4-faces-imagen-demo-460715/0946.png
947,Cameroon,20,Female,16142,gs://imagen4-faces-imagen-demo-460715/0947.png
948,Cameroon,20,Female,64763,gs://imagen4-faces-imagen-demo-460715/0948.png
949,Cameroon,30,Male,43607,gs://imagen4-faces-imagen-demo-460715/0949.png
950,Cameroon,30,Male,71333,gs://imagen4-faces-imagen-demo-460715/0950.png
951,Cameroon,30,Male,92828,gs://imagen4-faces-imagen-demo-460715/0951.png
952,Cameroon,30,Male,53390,gs://imagen4-faces-imagen-demo-460715/0952.png
953,Cameroon,30,Male,10351,gs://imagen4-faces-imagen-demo-460715/0953.png
954,Cameroon,30,Male,67706,gs://imagen4-faces-imagen-demo-460715/0954.png
955,Cameroon,30,Female,16551,gs://imagen4-faces-imagen-demo-460715/0955.png
956,Cameroon,30,Female,67372,gs://imagen4-faces-imagen-demo-460715/0956.png
957,Cameroon,30,Female,97448,gs://imagen4-faces-imagen-demo-460715/0957.png
958,Cameroon,30,Female,90276,gs://imagen4-faces-imagen-demo-460715/0958.png
959,Cameroon,30,Female,57312,gs://imagen4-faces-imagen-demo-460715/0959.png
960,Cameroon,30,Female,31041,gs://imagen4-faces-imagen-demo-460715/0960.png
961,Canada,20,Male,87131,gs://imagen4-faces-imagen-demo-460715/0961.png
962,Canada,20,Male,58820,gs://imagen4-faces-imagen-demo-460715/0962.png
963,Canada,20,Male,57313,gs://imagen4-faces-imagen-demo-460715/0963.png
964,Canada,20,Male,70232,gs://imagen4-faces-imagen-demo-460715/0964.png
965,Canada,20,Male,65186,gs://imagen4-faces-imagen-demo-460715/0965.png
966,Canada,20,Male,29501,gs://imagen4-faces-imagen-demo-460715/0966.png
967,Canada,20,Female,23329,gs://imagen4-faces-imagen-demo-460715/0967.png
968,Canada,20,Female,59887,gs://imagen4-faces-imagen-demo-460715/0968.png
969,Canada,20,Female,96427,gs://imagen4-faces-imagen-demo-460715/0969.png
970,Canada,20,Female,59315,gs://imagen4-faces-imagen-demo-460715/0970.png
971,Canada,20,Female,60892,gs://imagen4-faces-imagen-demo-460715/0971.png
972,Canada,20,Female,34231,gs://imagen4-faces-imagen-demo-460715/0972.png
973,Canada,30,Male,44242,gs://imagen4-faces-imagen-demo-460715/0973.png
974,Canada,30,Male,26413,gs://imagen4-faces-imagen-demo-460715/0974.png
975,Canada,30,Male,90769,gs://imagen4-faces-imagen-demo-460715/0975.png
976,Canada,30,Male,13522,gs://imagen4-faces-imagen-demo-460715/0976.png
977,Canada,30,Male,45579,gs://imagen4-faces-imagen-demo-460715/0977.png
978,Canada,30,Male,13802,gs://imagen4-faces-imagen-demo-460715/0978.png
979,Canada,30,Female,50657,gs://imagen4-faces-imagen-demo-460715/0979.png
980,Canada,30,Female,31054,gs://imagen4-faces-imagen-demo-460715/0980.png
981,Canada,30,Female,28312,gs://imagen4-faces-imagen-demo-460715/0981.png
982,Canada,30,Female,78828,gs://imagen4-faces-imagen-demo-460715/0982.png
983,Canada,30,Female,96609,gs://imagen4-faces-imagen-demo-460715/0983.png
984,Canada,30,Female,27475,gs://imagen4-faces-imagen-demo-460715/0984.png
985,Cayman Islands,20,Male,50803,gs://imagen4-faces-imagen-demo-460715/0985.png
986,Cayman Islands,20,Male,10436,gs://imagen4-faces-imagen-demo-460715/0986.png
987,Cayman Islands,20,Male,78155,gs://imagen4-faces-imagen-demo-460715/0987.png
988,Cayman Islands,20,Male,58991,gs://imagen4-faces-imagen-demo-460715/0988.png
989,Cayman Islands,20,Male,78939,gs://imagen4-faces-imagen-demo-460715/0989.png
990,Cayman Islands,20,Male,39459,gs://imagen4-faces-imagen-demo-460715/0990.png
991,Cayman Islands,20,Female,30335,gs://imagen4-faces-imagen-demo-460715/0991.png
992,Cayman Islands,20,Female,30769,gs://imagen4-faces-imagen-demo-460715/0992.png
993,Cayman Islands,20,Female,50105,gs://imagen4-faces-imagen-demo-460715/0993.png
994,Cayman Islands,20,Female,31729,gs://imagen4-faces-imagen-demo-460715/0994.png
995,Cayman Islands,20,Female,56622,gs://imagen4-faces-imagen-demo-460715/0995.png
996,Cayman Islands,20,Female,97317,gs://imagen4-faces-imagen-demo-460715/0996.png
997,Cayman Islands,30,Male,91601,gs://imagen4-faces-imagen-demo-460715/0997.png
998,Cayman Islands,30,Male,31741,gs://imagen4-faces-imagen-demo-460715/0998.png
999,Cayman Islands,30,Male,78976,gs://imagen4-faces-imagen-demo-460715/0999.png
1000,Cayman Islands,30,Male,45291,gs://imagen4-faces-imagen-demo-460715/1000.png
1001,Cayman Islands,30,Male,69612,gs://imagen4-faces-imagen-demo-460715/1001.png
1002,Cayman Islands,30,Male,27915,gs://imagen4-faces-imagen-demo-460715/1002.png
1003,Cayman Islands,30,Female,92924,gs://imagen4-faces-imagen-demo-460715/1003.png
1004,Cayman Islands,30,Female,75994,gs://imagen4-faces-imagen-demo-460715/1004.png
1005,Cayman Islands,30,Female,53592,gs://imagen4-faces-imagen-demo-460715/1005.png
1006,Cayman Islands,30,Female,31088,gs://imagen4-faces-imagen-demo-460715/1006.png
1007,Cayman Islands,30,Female,48951,gs://imagen4-faces-imagen-demo-460715/1007.png
1008,Cayman Islands,30,Female,42719,gs://imagen4-faces-imagen-demo-460715/1008.png
1009,Central African Republic,20,Male,13257,gs://imagen4-faces-imagen-demo-460715/1009.png
1010,Central African Republic,20,Male,94535,gs://imagen4-faces-imagen-demo-460715/1010.png
1011,Central African Republic,20,Male,46914,gs://imagen4-faces-imagen-demo-460715/1011.png
1012,Central African Republic,20,Male,39197,gs://imagen4-faces-imagen-demo-460715/1012.png
1013,Central African Republic,20,Male,83788,gs://imagen4-faces-imagen-demo-460715/1013.png
1014,Central African Republic,20,Male,38885,gs://imagen4-faces-imagen-demo-460715/1014.png
1015,Central African Republic,20,Female,13968,gs://imagen4-faces-imagen-demo-460715/1015.png
1016,Central African Republic,20,Female,35633,gs://imagen4-faces-imagen-demo-460715/1016.png
1017,Central African Republic,20,Female,17398,gs://imagen4-faces-imagen-demo-460715/1017.png
1018,Central African Republic,20,Female,29839,gs://imagen4-faces-imagen-demo-460715/1018.png
1019,Central African Republic,20,Female,45195,gs://imagen4-faces-imagen-demo-460715/1019.png
1020,Central African Republic,20,Female,36903,gs://imagen4-faces-imagen-demo-460715/1020.png
1021,Central African Republic,30,Male,70575,gs://imagen4-faces-imagen-demo-460715/1021.png
1022,Central African Republic,30,Male,18644,gs://imagen4-faces-imagen-demo-460715/1022.png
1023,Central African Republic,30,Male,15274,gs://imagen4-faces-imagen-demo-460715/1023.png
1024,Central African Republic,30,Male,67624,gs://imagen4-faces-imagen-demo-460715/1024.png
1025,Central African Republic,30,Male,53984,gs://imagen4-faces-imagen-demo-460715/1025.png
1026,Central African Republic,30,Male,75856,gs://imagen4-faces-imagen-demo-460715/1026.png
1027,Central African Republic,30,Female,47220,gs://imagen4-faces-imagen-demo-460715/1027.png
1028,Central African Republic,30,Female,35549,gs://imagen4-faces-imagen-demo-460715/1028.png
1029,Central African Republic,30,Female,45672,gs://imagen4-faces-imagen-demo-460715/1029.png
1030,Central African Republic,30,Female,22711,gs://imagen4-faces-imagen-demo-460715/1030.png
1031,Central African Republic,30,Female,57064,gs://imagen4-faces-imagen-demo-460715/1031.png
1032,Central African Republic,30,Female,34360,gs://imagen4-faces-imagen-demo-460715/1032.png
1033,Chad,20,Male,48378,gs://imagen4-faces-imagen-demo-460715/1033.png
1034,Chad,20,Male,84544,gs://imagen4-faces-imagen-demo-460715/1034.png
1035,Chad,20,Male,21022,gs://imagen4-faces-imagen-demo-460715/1035.png
1036,Chad,20,Male,32696,gs://imagen4-faces-imagen-demo-460715/1036.png
1037,Chad,20,Male,96212,gs://imagen4-faces-imagen-demo-460715/1037.png
1038,Chad,20,Male,25236,gs://imagen4-faces-imagen-demo-460715/1038.png
1039,Chad,20,Female,15156,gs://imagen4-faces-imagen-demo-460715/1039.png
1040,Chad,20,Female,46802,gs://imagen4-faces-imagen-demo-460715/1040.png
1041,Chad,20,Female,14800,gs://imagen4-faces-imagen-demo-460715/1041.png
1042,Chad,20,Female,97124,gs://imagen4-faces-imagen-demo-460715/1042.png
1043,Chad,20,Female,66771,gs://imagen4-faces-imagen-demo-460715/1043.png
1044,Chad,20,Female,24069,gs://imagen4-faces-imagen-demo-460715/1044.png
1045,Chad,30,Male,28304,gs://imagen4-faces-imagen-demo-460715/1045.png
1046,Chad,30,Male,31926,gs://imagen4-faces-imagen-demo-460715/1046.png
1047,Chad,30,Male,56373,gs://imagen4-faces-imagen-demo-460715/1047.png
1048,Chad,30,Male,67884,gs://imagen4-faces-imagen-demo-460715/1048.png
1049,Chad,30,Male,22108,gs://imagen4-faces-imagen-demo-460715/1049.png
1050,Chad,30,Male,18663,gs://imagen4-faces-imagen-demo-460715/1050.png
1051,Chad,30,Female,88536,gs://imagen4-faces-imagen-demo-460715/1051.png
1052,Chad,30,Female,83196,gs://imagen4-faces-imagen-demo-460715/1052.png
1053,Chad,30,Female,58320,gs://imagen4-faces-imagen-demo-460715/1053.png
1054,Chad,30,Female,97609,gs://imagen4-faces-imagen-demo-460715/1054.png
1055,Chad,30,Female,26699,gs://imagen4-faces-imagen-demo-460715/1055.png
1056,Chad,30,Female,53013,gs://imagen4-faces-imagen-demo-460715/1056.png
1057,Chile,20,Male,23895,gs://imagen4-faces-imagen-demo-460715/1057.png
1058,Chile,20,Male,81473,gs://imagen4-faces-imagen-demo-460715/1058.png
1059,Chile,20,Male,19051,gs://imagen4-faces-imagen-demo-460715/1059.png
1060,Chile,20,Male,32569,gs://imagen4-faces-imagen-demo-460715/1060.png
1061,Chile,20,Male,67797,gs://imagen4-faces-imagen-demo-460715/1061.png
1062,Chile,20,Male,32946,gs://imagen4-faces-imagen-demo-460715/1062.png
1063,Chile,20,Female,33282,gs://imagen4-faces-imagen-demo-460715/1063.png
1064,Chile,20,Female,64720,gs://imagen4-faces-imagen-demo-460715/1064.png
1065,Chile,20,Female,29599,gs://imagen4-faces-imagen-demo-460715/1065.png
1066,Chile,20,Female,77958,gs://imagen4-faces-imagen-demo-460715/1066.png
1067,Chile,20,Female,80892,gs://imagen4-faces-imagen-demo-460715/1067.png
1068,Chile,20,Female,35204,gs://imagen4-faces-imagen-demo-460715/1068.png
1069,Chile,30,Male,83012,gs://imagen4-faces-imagen-demo-460715/1069.png
1070,Chile,30,Male,83279,gs://imagen4-faces-imagen-demo-460715/1070.png
1071,Chile,30,Male,89376,gs://imagen4-faces-imagen-demo-460715/1071.png
1072,Chile,30,Male,97046,gs://imagen4-faces-imagen-demo-460715/1072.png
1073,Chile,30,Male,98501,gs://imagen4-faces-imagen-demo-460715/1073.png
1074,Chile,30,Male,98883,gs://imagen4-faces-imagen-demo-460715/1074.png
1075,Chile,30,Female,82066,gs://imagen4-faces-imagen-demo-460715/1075.png
1076,Chile,30,Female,60271,gs://imagen4-faces-imagen-demo-460715/1076.png
1077,Chile,30,Female,16989,gs://imagen4-faces-imagen-demo-460715/1077.png
1078,Chile,30,Female,43253,gs://imagen4-faces-imagen-demo-460715/1078.png
1079,Chile,30,Female,25330,gs://imagen4-faces-imagen-demo-460715/1079.png
1080,Chile,30,Female,73706,gs://imagen4-faces-imagen-demo-460715/1080.png
1081,China,20,Male,41323,gs://imagen4-faces-imagen-demo-460715/1081.png
1082,China,20,Male,61069,gs://imagen4-faces-imagen-demo-460715/1082.png
1083,China,20,Male,69658,gs://imagen4-faces-imagen-demo-460715/1083.png
1084,China,20,Male,79811,gs://imagen4-faces-imagen-demo-460715/1084.png
1085,China,20,Male,46992,gs://imagen4-faces-imagen-demo-460715/1085.png
1086,China,20,Male,65821,gs://imagen4-faces-imagen-demo-460715/1086.png
1087,China,20,Female,75454,gs://imagen4-faces-imagen-demo-460715/1087.png
1088,China,20,Female,70447,gs://imagen4-faces-imagen-demo-460715/1088.png
1089,China,20,Female,49169,gs://imagen4-faces-imagen-demo-460715/1089.png
1090,China,20,Female,94927,gs://imagen4-faces-imagen-demo-460715/1090.png
1091,China,20,Female,97742,gs://imagen4-faces-imagen-demo-460715/1091.png
1092,China,20,Female,91555,gs://imagen4-faces-imagen-demo-460715/1092.png
1093,China,30,Male,44562,gs://imagen4-faces-imagen-demo-460715/1093.png
1094,China,30,Male,72558,gs://imagen4-faces-imagen-demo-460715/1094.png
1095,China,30,Male,74411,gs://imagen4-faces-imagen-demo-460715/1095.png
1096,China,30,Male,63543,gs://imagen4-faces-imagen-demo-460715/1096.png
1097,China,30,Male,50592,gs://imagen4-faces-imagen-demo-460715/1097.png
1098,China,30,Male,68630,gs://imagen4-faces-imagen-demo-460715/1098.png
1099,China,30,Female,45931,gs://imagen4-faces-imagen-demo-460715/1099.png
1100,China,30,Female,71683,gs://imagen4-faces-imagen-demo-460715/1100.png
1101,China,30,Female,83280,gs://imagen4-faces-imagen-demo-460715/1101.png
1102,China,30,Female,97997,gs://imagen4-faces-imagen-demo-460715/1102.png
1103,China,30,Female,22363,gs://imagen4-faces-imagen-demo-460715/1103.png
1104,China,30,Female,50631,gs://imagen4-faces-imagen-demo-460715/1104.png
1105,Christmas Island,20,Male,39894,gs://imagen4-faces-imagen-demo-460715/1105.png
1106,Christmas Island,20,Male,29406,gs://imagen4-faces-imagen-demo-460715/1106.png
1107,Christmas Island,20,Male,72115,gs://imagen4-faces-imagen-demo-460715/1107.png
1108,Christmas Island,20,Male,96426,gs://imagen4-faces-imagen-demo-460715/1108.png
1109,Christmas Island,20,Male,11076,gs://imagen4-faces-imagen-demo-460715/1109.png
1110,Christmas Island,20,Male,36543,gs://imagen4-faces-imagen-demo-460715/1110.png
1111,Christmas Island,20,Female,41038,gs://imagen4-faces-imagen-demo-460715/1111.png
1112,Christmas Island,20,Female,62808,gs://imagen4-faces-imagen-demo-460715/1112.png
1113,Christmas Island,20,Female,66621,gs://imagen4-faces-imagen-demo-460715/1113.png
1114,Christmas Island,20,Female,45963,gs://imagen4-faces-imagen-demo-460715/1114.png
1115,Christmas Island,20,Female,64370,gs://imagen4-faces-imagen-demo-460715/1115.png
1116,Christmas Island,20,Female,74489,gs://imagen4-faces-imagen-demo-460715/1116.png
1117,Christmas Island,30,Male,12623,gs://imagen4-faces-imagen-demo-460715/1117.png
1118,Christmas Island,30,Male,36479,gs://imagen4-faces-imagen-demo-460715/1118.png
1119,Christmas Island,30,Male,59487,gs://imagen4-faces-imagen-demo-460715/1119.png
1120,Christmas Island,30,Male,68164,gs://imagen4-faces-imagen-demo-460715/1120.png
1121,Christmas Island,30,Male,79208,gs://imagen4-faces-imagen-demo-460715/1121.png
1122,Christmas Island,30,Male,12853,gs://imagen4-faces-imagen-demo-460715/1122.png
1123,Christmas Island,30,Female,74638,gs://imagen4-faces-imagen-demo-460715/1123.png
1124,Christmas Island,30,Female,11105,gs://imagen4-faces-imagen-demo-460715/1124.png
1125,Christmas Island,30,Female,22257,gs://imagen4-faces-imagen-demo-460715/1125.png
1126,Christmas Island,30,Female,46376,gs://imagen4-faces-imagen-demo-460715/1126.png
1127,Christmas Island,30,Female,17118,gs://imagen4-faces-imagen-demo-460715/1127.png
1128,Christmas Island,30,Female,51022,gs://imagen4-faces-imagen-demo-460715/1128.png
1129,Cocos (Keeling) Islands,20,Male,92072,gs://imagen4-faces-imagen-demo-460715/1129.png
1130,Cocos (Keeling) Islands,20,Male,67516,gs://imagen4-faces-imagen-demo-460715/1130.png
1131,Cocos (Keeling) Islands,20,Male,45792,gs://imagen4-faces-imagen-demo-460715/1131.png
1132,Cocos (Keeling) Islands,20,Male,26823,gs://imagen4-faces-imagen-demo-460715/1132.png
1133,Cocos (Keeling) Islands,20,Male,19090,gs://imagen4-faces-imagen-demo-460715/1133.png
1134,Cocos (Keeling) Islands,20,Male,73039,gs://imagen4-faces-imagen-demo-460715/1134.png
1135,Cocos (Keeling) Islands,20,Female,71559,gs://imagen4-faces-imagen-demo-460715/1135.png
1136,Cocos (Keeling) Islands,20,Female,96575,gs://imagen4-faces-imagen-demo-460715/1136.png
1137,Cocos (Keeling) Islands,20,Female,44737,gs://imagen4-faces-imagen-demo-460715/1137.png
1138,Cocos (Keeling) Islands,20,Female,23614,gs://imagen4-faces-imagen-demo-460715/1138.png
1139,Cocos (Keeling) Islands,20,Female,18038,gs://imagen4-faces-imagen-demo-460715/1139.png
1140,Cocos (Keeling) Islands,20,Female,68274,gs://imagen4-faces-imagen-demo-460715/1140.png
1141,Cocos (Keeling) Islands,30,Male,32933,gs://imagen4-faces-imagen-demo-460715/1141.png
1142,Cocos (Keeling) Islands,30,Male,84362,gs://imagen4-faces-imagen-demo-460715/1142.png
1143,Cocos (Keeling) Islands,30,Male,25955,gs://imagen4-faces-imagen-demo-460715/1143.png
1144,Cocos (Keeling) Islands,30,Male,17302,gs://imagen4-faces-imagen-demo-460715/1144.png
1145,Cocos (Keeling) Islands,30,Male,75713,gs://imagen4-faces-imagen-demo-460715/1145.png
1146,Cocos (Keeling) Islands,30,Male,12915,gs://imagen4-faces-imagen-demo-460715/1146.png
1147,Cocos (Keeling) Islands,30,Female,10375,gs://imagen4-faces-imagen-demo-460715/1147.png
1148,Cocos (Keeling) Islands,30,Female,87391,gs://imagen4-faces-imagen-demo-460715/1148.png
1149,Cocos (Keeling) Islands,30,Female,41303,gs://imagen4-faces-imagen-demo-460715/1149.png
1150,Cocos (Keeling) Islands,30,Female,46993,gs://imagen4-faces-imagen-demo-460715/1150.png
1151,Cocos (Keeling) Islands,30,Female,91329,gs://imagen4-faces-imagen-demo-460715/1151.png
1152,Cocos (Keeling) Islands,30,Female,71921,gs://imagen4-faces-imagen-demo-460715/1152.png
1153,Colombia,20,Male,20785,gs://imagen4-faces-imagen-demo-460715/1153.png
1154,Colombia,20,Male,20287,gs://imagen4-faces-imagen-demo-460715/1154.png
1155,Colombia,20,Male,86291,gs://imagen4-faces-imagen-demo-460715/1155.png
1156,Colombia,20,Male,98844,gs://imagen4-faces-imagen-demo-460715/1156.png
1157,Colombia,20,Male,18317,gs://imagen4-faces-imagen-demo-460715/1157.png
1158,Colombia,20,Male,59449,gs://imagen4-faces-imagen-demo-460715/1158.png
1159,Colombia,20,Female,51894,gs://imagen4-faces-imagen-demo-460715/1159.png
1160,Colombia,20,Female,54990,gs://imagen4-faces-imagen-demo-460715/1160.png
1161,Colombia,20,Female,42691,gs://imagen4-faces-imagen-demo-460715/1161.png
1162,Colombia,20,Female,78927,gs://imagen4-faces-imagen-demo-460715/1162.png
1163,Colombia,20,Female,57231,gs://imagen4-faces-imagen-demo-460715/1163.png
1164,Colombia,20,Female,99202,gs://imagen4-faces-imagen-demo-460715/1164.png
1165,Colombia,30,Male,37203,gs://imagen4-faces-imagen-demo-460715/1165.png
1166,Colombia,30,Male,42328,gs://imagen4-faces-imagen-demo-460715/1166.png
1167,Colombia,30,Male,63096,gs://imagen4-faces-imagen-demo-460715/1167.png
1168,Colombia,30,Male,59863,gs://imagen4-faces-imagen-demo-460715/1168.png
1169,Colombia,30,Male,92703,gs://imagen4-faces-imagen-demo-460715/1169.png
1170,Colombia,30,Male,67470,gs://imagen4-faces-imagen-demo-460715/1170.png
1171,Colombia,30,Female,45874,gs://imagen4-faces-imagen-demo-460715/1171.png
1172,Colombia,30,Female,89007,gs://imagen4-faces-imagen-demo-460715/1172.png
1173,Colombia,30,Female,53843,gs://imagen4-faces-imagen-demo-460715/1173.png
1174,Colombia,30,Female,42780,gs://imagen4-faces-imagen-demo-460715/1174.png
1175,Colombia,30,Female,27217,gs://imagen4-faces-imagen-demo-460715/1175.png
1176,Colombia,30,Female,38534,gs://imagen4-faces-imagen-demo-460715/1176.png
1177,Comoros,20,Male,46476,gs://imagen4-faces-imagen-demo-460715/1177.png
1178,Comoros,20,Male,13999,gs://imagen4-faces-imagen-demo-460715/1178.png
1179,Comoros,20,Male,41755,gs://imagen4-faces-imagen-demo-460715/1179.png
1180,Comoros,20,Male,27309,gs://imagen4-faces-imagen-demo-460715/1180.png
1181,Comoros,20,Male,81902,gs://imagen4-faces-imagen-demo-460715/1181.png
1182,Comoros,20,Male,50594,gs://imagen4-faces-imagen-demo-460715/1182.png
1183,Comoros,20,Female,46064,gs://imagen4-faces-imagen-demo-460715/1183.png
1184,Comoros,20,Female,38413,gs://imagen4-faces-imagen-demo-460715/1184.png
1185,Comoros,20,Female,98549,gs://imagen4-faces-imagen-demo-460715/1185.png
1186,Comoros,20,Female,77195,gs://imagen4-faces-imagen-demo-460715/1186.png
1187,Comoros,20,Female,89794,gs://imagen4-faces-imagen-demo-460715/1187.png
1188,Comoros,20,Female,63254,gs://imagen4-faces-imagen-demo-460715/1188.png
1189,Comoros,30,Male,12352,gs://imagen4-faces-imagen-demo-460715/1189.png
1190,Comoros,30,Male,85182,gs://imagen4-faces-imagen-demo-460715/1190.png
1191,Comoros,30,Male,52515,gs://imagen4-faces-imagen-demo-460715/1191.png
1192,Comoros,30,Male,66934,gs://imagen4-faces-imagen-demo-460715/1192.png
1193,Comoros,30,Male,46242,gs://imagen4-faces-imagen-demo-460715/1193.png
1194,Comoros,30,Male,35748,gs://imagen4-faces-imagen-demo-460715/1194.png
1195,Comoros,30,Female,48489,gs://imagen4-faces-imagen-demo-460715/1195.png
1196,Comoros,30,Female,82890,gs://imagen4-faces-imagen-demo-460715/1196.png
1197,Comoros,30,Female,76751,gs://imagen4-faces-imagen-demo-460715/1197.png
1198,Comoros,30,Female,43045,gs://imagen4-faces-imagen-demo-460715/1198.png
1199,Comoros,30,Female,74789,gs://imagen4-faces-imagen-demo-460715/1199.png
1200,Comoros,30,Female,97285,gs://imagen4-faces-imagen-demo-460715/1200.png
1201,Congo,20,Male,58942,gs://imagen4-faces-imagen-demo-460715/1201.png
1202,Congo,20,Male,40445,gs://imagen4-faces-imagen-demo-460715/1202.png
1203,Congo,20,Male,50001,gs://imagen4-faces-imagen-demo-460715/1203.png
1204,Congo,20,Male,98484,gs://imagen4-faces-imagen-demo-460715/1204.png
1205,Congo,20,Male,10555,gs://imagen4-faces-imagen-demo-460715/1205.png
1206,Congo,20,Male,34971,gs://imagen4-faces-imagen-demo-460715/1206.png
1207,Congo,20,Female,11741,gs://imagen4-faces-imagen-demo-460715/1207.png
1208,Congo,20,Female,59349,gs://imagen4-faces-imagen-demo-460715/1208.png
1209,Congo,20,Female,41070,gs://imagen4-faces-imagen-demo-460715/1209.png
1210,Congo,20,Female,25405,gs://imagen4-faces-imagen-demo-460715/1210.png
1211,Congo,20,Female,34859,gs://imagen4-faces-imagen-demo-460715/1211.png
1212,Congo,20,Female,85125,gs://imagen4-faces-imagen-demo-460715/1212.png
1213,Congo,30,Male,16245,gs://imagen4-faces-imagen-demo-460715/1213.png
1214,Congo,30,Male,27492,gs://imagen4-faces-imagen-demo-460715/1214.png
1215,Congo,30,Male,60880,gs://imagen4-faces-imagen-demo-460715/1215.png
1216,Congo,30,Male,12006,gs://imagen4-faces-imagen-demo-460715/1216.png
1217,Congo,30,Male,11857,gs://imagen4-faces-imagen-demo-460715/1217.png
1218,Congo,30,Male,88401,gs://imagen4-faces-imagen-demo-460715/1218.png
1219,Congo,30,Female,76624,gs://imagen4-faces-imagen-demo-460715/1219.png
1220,Congo,30,Female,27876,gs://imagen4-faces-imagen-demo-460715/1220.png
1221,Congo,30,Female,93581,gs://imagen4-faces-imagen-demo-460715/1221.png
1222,Congo,30,Female,54213,gs://imagen4-faces-imagen-demo-460715/1222.png
1223,Congo,30,Female,27808,gs://imagen4-faces-imagen-demo-460715/1223.png
1224,Congo,30,Female,76168,gs://imagen4-faces-imagen-demo-460715/1224.png
1225,Congo (Democratic Republic of the),20,Male,33885,gs://imagen4-faces-imagen-demo-460715/1225.png
1226,Congo (Democratic Republic of the),20,Male,76023,gs://imagen4-faces-imagen-demo-460715/1226.png
1227,Congo (Democratic Republic of the),20,Male,46354,gs://imagen4-faces-imagen-demo-460715/1227.png
1228,Congo (Democratic Republic of the),20,Male,97770,gs://imagen4-faces-imagen-demo-460715/1228.png
1229,Congo (Democratic Republic of the),20,Male,38440,gs://imagen4-faces-imagen-demo-460715/1229.png
1230,Congo (Democratic Republic of the),20,Male,34090,gs://imagen4-faces-imagen-demo-460715/1230.png
1231,Congo (Democratic Republic of the),20,Female,24523,gs://imagen4-faces-imagen-demo-460715/1231.png
1232,Congo (Democratic Republic of the),20,Female,89775,gs://imagen4-faces-imagen-demo-460715/1232.png
1233,Congo (Democratic Republic of the),20,Female,89236,gs://imagen4-faces-imagen-demo-460715/1233.png
1234,Congo (Democratic Republic of the),20,Female,16674,gs://imagen4-faces-imagen-demo-460715/1234.png
1235,Congo (Democratic Republic of the),20,Female,68448,gs://imagen4-faces-imagen-demo-460715/1235.png
1236,Congo (Democratic Republic of the),20,Female,71313,gs://imagen4-faces-imagen-demo-460715/1236.png
1237,Congo (Democratic Republic of the),30,Male,73527,gs://imagen4-faces-imagen-demo-460715/1237.png
1238,Congo (Democratic Republic of the),30,Male,24976,gs://imagen4-faces-imagen-demo-460715/1238.png
1239,Congo (Democratic Republic of the),30,Male,58207,gs://imagen4-faces-imagen-demo-460715/1239.png
1240,Congo (Democratic Republic of the),30,Male,83581,gs://imagen4-faces-imagen-demo-460715/1240.png
1241,Congo (Democratic Republic of the),30,Male,36267,gs://imagen4-faces-imagen-demo-460715/1241.png
1242,Congo (Democratic Republic of the),30,Male,46397,gs://imagen4-faces-imagen-demo-460715/1242.png
1243,Congo (Democratic Republic of the),30,Female,64847,gs://imagen4-faces-imagen-demo-460715/1243.png
1244,Congo (Democratic Republic of the),30,Female,17700,gs://imagen4-faces-imagen-demo-460715/1244.png
1245,Congo (Democratic Republic of the),30,Female,17144,gs://imagen4-faces-imagen-demo-460715/1245.png
1246,Congo (Democratic Republic of the),30,Female,45397,gs://imagen4-faces-imagen-demo-460715/1246.png
1247,Congo (Democratic Republic of the),30,Female,89289,gs://imagen4-faces-imagen-demo-460715/1247.png
1248,Congo (Democratic Republic of the),30,Female,68620,gs://imagen4-faces-imagen-demo-460715/1248.png
1249,Cook Islands,20,Male,92715,gs://imagen4-faces-imagen-demo-460715/1249.png
1250,Cook Islands,20,Male,25842,gs://imagen4-faces-imagen-demo-460715/1250.png
1251,Cook Islands,20,Male,83647,gs://imagen4-faces-imagen-demo-460715/1251.png
1252,Cook Islands,20,Male,49640,gs://imagen4-faces-imagen-demo-460715/1252.png
1253,Cook Islands,20,Male,16948,gs://imagen4-faces-imagen-demo-460715/1253.png
1254,Cook Islands,20,Male,70700,gs://imagen4-faces-imagen-demo-460715/1254.png
1255,Cook Islands,20,Female,15974,gs://imagen4-faces-imagen-demo-460715/1255.png
1256,Cook Islands,20,Female,79240,gs://imagen4-faces-imagen-demo-460715/1256.png
1257,Cook Islands,20,Female,84961,gs://imagen4-faces-imagen-demo-460715/1257.png
1258,Cook Islands,20,Female,87606,gs://imagen4-faces-imagen-demo-460715/1258.png
1259,Cook Islands,20,Female,19051,gs://imagen4-faces-imagen-demo-460715/1259.png
1260,Cook Islands,20,Female,76556,gs://imagen4-faces-imagen-demo-460715/1260.png
1261,Cook Islands,30,Male,67614,gs://imagen4-faces-imagen-demo-460715/1261.png
1262,Cook Islands,30,Male,28456,gs://imagen4-faces-imagen-demo-460715/1262.png
1263,Cook Islands,30,Male,72260,gs://imagen4-faces-imagen-demo-460715/1263.png
1264,Cook Islands,30,Male,50791,gs://imagen4-faces-imagen-demo-460715/1264.png
1265,Cook Islands,30,Male,65369,gs://imagen4-faces-imagen-demo-460715/1265.png
1266,Cook Islands,30,Male,18563,gs://imagen4-faces-imagen-demo-460715/1266.png
1267,Cook Islands,30,Female,41225,gs://imagen4-faces-imagen-demo-460715/1267.png
1268,Cook Islands,30,Female,89926,gs://imagen4-faces-imagen-demo-460715/1268.png
1269,Cook Islands,30,Female,25780,gs://imagen4-faces-imagen-demo-460715/1269.png
1270,Cook Islands,30,Female,55222,gs://imagen4-faces-imagen-demo-460715/1270.png
1271,Cook Islands,30,Female,89688,gs://imagen4-faces-imagen-demo-460715/1271.png
1272,Cook Islands,30,Female,42598,gs://imagen4-faces-imagen-demo-460715/1272.png
1273,Costa Rica,20,Male,41091,gs://imagen4-faces-imagen-demo-460715/1273.png
1274,Costa Rica,20,Male,86393,gs://imagen4-faces-imagen-demo-460715/1274.png
1275,Costa Rica,20,Male,77199,gs://imagen4-faces-imagen-demo-460715/1275.png
1276,Costa Rica,20,Male,40027,gs://imagen4-faces-imagen-demo-460715/1276.png
1277,Costa Rica,20,Male,55110,gs://imagen4-faces-imagen-demo-460715/1277.png
1278,Costa Rica,20,Male,56331,gs://imagen4-faces-imagen-demo-460715/1278.png
1279,Costa Rica,20,Female,13958,gs://imagen4-faces-imagen-demo-460715/1279.png
1280,Costa Rica,20,Female,51495,gs://imagen4-faces-imagen-demo-460715/1280.png
1281,Costa Rica,20,Female,31588,gs://imagen4-faces-imagen-demo-460715/1281.png
1282,Costa Rica,20,Female,95811,gs://imagen4-faces-imagen-demo-460715/1282.png
1283,Costa Rica,20,Female,45196,gs://imagen4-faces-imagen-demo-460715/1283.png
1284,Costa Rica,20,Female,96884,gs://imagen4-faces-imagen-demo-460715/1284.png
1285,Costa Rica,30,Male,11158,gs://imagen4-faces-imagen-demo-460715/1285.png
1286,Costa Rica,30,Male,52461,gs://imagen4-faces-imagen-demo-460715/1286.png
1287,Costa Rica,30,Male,27787,gs://imagen4-faces-imagen-demo-460715/1287.png
1288,Costa Rica,30,Male,56496,gs://imagen4-faces-imagen-demo-460715/1288.png
1289,Costa Rica,30,Male,61793,gs://imagen4-faces-imagen-demo-460715/1289.png
1290,Costa Rica,30,Male,10877,gs://imagen4-faces-imagen-demo-460715/1290.png
1291,Costa Rica,30,Female,60170,gs://imagen4-faces-imagen-demo-460715/1291.png
1292,Costa Rica,30,Female,53652,gs://imagen4-faces-imagen-demo-460715/1292.png
1293,Costa Rica,30,Female,39874,gs://imagen4-faces-imagen-demo-460715/1293.png
1294,Costa Rica,30,Female,49888,gs://imagen4-faces-imagen-demo-460715/1294.png
1295,Costa Rica,30,Female,29345,gs://imagen4-faces-imagen-demo-460715/1295.png
1296,Costa Rica,30,Female,81400,gs://imagen4-faces-imagen-demo-460715/1296.png
1297,Cote d'Ivoire,20,Male,10850,gs://imagen4-faces-imagen-demo-460715/1297.png
1298,Cote d'Ivoire,20,Male,11602,gs://imagen4-faces-imagen-demo-460715/1298.png
1299,Cote d'Ivoire,20,Male,87897,gs://imagen4-faces-imagen-demo-460715/1299.png
1300,Cote d'Ivoire,20,Male,91958,gs://imagen4-faces-imagen-demo-460715/1300.png
1301,Cote d'Ivoire,20,Male,19536,gs://imagen4-faces-imagen-demo-460715/1301.png
1302,Cote d'Ivoire,20,Male,28131,gs://imagen4-faces-imagen-demo-460715/1302.png
1303,Cote d'Ivoire,20,Female,26989,gs://imagen4-faces-imagen-demo-460715/1303.png
1304,Cote d'Ivoire,20,Female,41342,gs://imagen4-faces-imagen-demo-460715/1304.png
1305,Cote d'Ivoire,20,Female,90284,gs://imagen4-faces-imagen-demo-460715/1305.png
1306,Cote d'Ivoire,20,Female,50908,gs://imagen4-faces-imagen-demo-460715/1306.png
1307,Cote d'Ivoire,20,Female,86669,gs://imagen4-faces-imagen-demo-460715/1307.png
1308,Cote d'Ivoire,20,Female,75184,gs://imagen4-faces-imagen-demo-460715/1308.png
1309,Cote d'Ivoire,30,Male,21784,gs://imagen4-faces-imagen-demo-460715/1309.png
1310,Cote d'Ivoire,30,Male,19915,gs://imagen4-faces-imagen-demo-460715/1310.png
1311,Cote d'Ivoire,30,Male,67935,gs://imagen4-faces-imagen-demo-460715/1311.png
1312,Cote d'Ivoire,30,Male,64271,gs://imagen4-faces-imagen-demo-460715/1312.png
1313,Cote d'Ivoire,30,Male,37344,gs://imagen4-faces-imagen-demo-460715/1313.png
1314,Cote d'Ivoire,30,Male,27776,gs://imagen4-faces-imagen-demo-460715/1314.png
1315,Cote d'Ivoire,30,Female,39015,gs://imagen4-faces-imagen-demo-460715/1315.png
1316,Cote d'Ivoire,30,Female,25249,gs://imagen4-faces-imagen-demo-460715/1316.png
1317,Cote d'Ivoire,30,Female,62454,gs://imagen4-faces-imagen-demo-460715/1317.png
1318,Cote d'Ivoire,30,Female,32609,gs://imagen4-faces-imagen-demo-460715/1318.png
1319,Cote d'Ivoire,30,Female,40847,gs://imagen4-faces-imagen-demo-460715/1319.png
1320,Cote d'Ivoire,30,Female,44961,gs://imagen4-faces-imagen-demo-460715/1320.png
1321,Croatia,20,Male,44868,gs://imagen4-faces-imagen-demo-460715/1321.png
1322,Croatia,20,Male,85975,gs://imagen4-faces-imagen-demo-460715/1322.png
1323,Croatia,20,Male,51688,gs://imagen4-faces-imagen-demo-460715/1323.png
1324,Croatia,20,Male,41727,gs://imagen4-faces-imagen-demo-460715/1324.png
1325,Croatia,20,Male,21948,gs://imagen4-faces-imagen-demo-460715/1325.png
1326,Croatia,20,Male,67505,gs://imagen4-faces-imagen-demo-460715/1326.png
1327,Croatia,20,Female,32760,gs://imagen4-faces-imagen-demo-460715/1327.png
1328,Croatia,20,Female,12573,gs://imagen4-faces-imagen-demo-460715/1328.png
1329,Croatia,20,Female,37571,gs://imagen4-faces-imagen-demo-460715/1329.png
1330,Croatia,20,Female,19565,gs://imagen4-faces-imagen-demo-460715/1330.png
1331,Croatia,20,Female,76765,gs://imagen4-faces-imagen-demo-460715/1331.png
1332,Croatia,20,Female,57513,gs://imagen4-faces-imagen-demo-460715/1332.png
1333,Croatia,30,Male,12553,gs://imagen4-faces-imagen-demo-460715/1333.png
1334,Croatia,30,Male,21972,gs://imagen4-faces-imagen-demo-460715/1334.png
1335,Croatia,30,Male,84113,gs://imagen4-faces-imagen-demo-460715/1335.png
1336,Croatia,30,Male,91730,gs://imagen4-faces-imagen-demo-460715/1336.png
1337,Croatia,30,Male,66452,gs://imagen4-faces-imagen-demo-460715/1337.png
1338,Croatia,30,Male,54062,gs://imagen4-faces-imagen-demo-460715/1338.png
1339,Croatia,30,Female,90048,gs://imagen4-faces-imagen-demo-460715/1339.png
1340,Croatia,30,Female,79294,gs://imagen4-faces-imagen-demo-460715/1340.png
1341,Croatia,30,Female,33999,gs://imagen4-faces-imagen-demo-460715/1341.png
1342,Croatia,30,Female,88258,gs://imagen4-faces-imagen-demo-460715/1342.png
1343,Croatia,30,Female,91500,gs://imagen4-faces-imagen-demo-460715/1343.png
1344,Croatia,30,Female,63779,gs://imagen4-faces-imagen-demo-460715/1344.png
1345,Cuba,20,Male,26566,gs://imagen4-faces-imagen-demo-460715/1345.png
1346,Cuba,20,Male,51744,gs://imagen4-faces-imagen-demo-460715/1346.png
1347,Cuba,20,Male,87990,gs://imagen4-faces-imagen-demo-460715/1347.png
1348,Cuba,20,Male,29250,gs://imagen4-faces-imagen-demo-460715/1348.png
1349,Cuba,20,Male,83609,gs://imagen4-faces-imagen-demo-460715/1349.png
1350,Cuba,20,Male,69913,gs://imagen4-faces-imagen-demo-460715/1350.png
1351,Cuba,20,Female,61422,gs://imagen4-faces-imagen-demo-460715/1351.png
1352,Cuba,20,Female,51116,gs://imagen4-faces-imagen-demo-460715/1352.png
1353,Cuba,20,Female,10691,gs://imagen4-faces-imagen-demo-460715/1353.png
1354,Cuba,20,Female,62909,gs://imagen4-faces-imagen-demo-460715/1354.png
1355,Cuba,20,Female,50965,gs://imagen4-faces-imagen-demo-460715/1355.png
1356,Cuba,20,Female,21376,gs://imagen4-faces-imagen-demo-460715/1356.png
1357,Cuba,30,Male,69631,gs://imagen4-faces-imagen-demo-460715/1357.png
1358,Cuba,30,Male,27279,gs://imagen4-faces-imagen-demo-460715/1358.png
1359,Cuba,30,Male,87497,gs://imagen4-faces-imagen-demo-460715/1359.png
1360,Cuba,30,Male,68129,gs://imagen4-faces-imagen-demo-460715/1360.png
1361,Cuba,30,Male,50962,gs://imagen4-faces-imagen-demo-460715/1361.png
1362,Cuba,30,Male,88928,gs://imagen4-faces-imagen-demo-460715/1362.png
1363,Cuba,30,Female,32972,gs://imagen4-faces-imagen-demo-460715/1363.png
1364,Cuba,30,Female,46916,gs://imagen4-faces-imagen-demo-460715/1364.png
1365,Cuba,30,Female,93175,gs://imagen4-faces-imagen-demo-460715/1365.png
1366,Cuba,30,Female,50064,gs://imagen4-faces-imagen-demo-460715/1366.png
1367,Cuba,30,Female,79792,gs://imagen4-faces-imagen-demo-460715/1367.png
1368,Cuba,30,Female,12953,gs://imagen4-faces-imagen-demo-460715/1368.png
1369,Curacao,20,Male,80535,gs://imagen4-faces-imagen-demo-460715/1369.png
1370,Curacao,20,Male,94000,gs://imagen4-faces-imagen-demo-460715/1370.png
1371,Curacao,20,Male,57612,gs://imagen4-faces-imagen-demo-460715/1371.png
1372,Curacao,20,Male,65899,gs://imagen4-faces-imagen-demo-460715/1372.png
1373,Curacao,20,Male,35942,gs://imagen4-faces-imagen-demo-460715/1373.png
1374,Curacao,20,Male,22293,gs://imagen4-faces-imagen-demo-460715/1374.png
1375,Curacao,20,Female,25533,gs://imagen4-faces-imagen-demo-460715/1375.png
1376,Curacao,20,Female,38773,gs://imagen4-faces-imagen-demo-460715/1376.png
1377,Curacao,20,Female,69241,gs://imagen4-faces-imagen-demo-460715/1377.png
1378,Curacao,20,Female,25717,gs://imagen4-faces-imagen-demo-460715/1378.png
1379,Curacao,20,Female,14940,gs://imagen4-faces-imagen-demo-460715/1379.png
1380,Curacao,20,Female,76894,gs://imagen4-faces-imagen-demo-460715/1380.png
1381,Curacao,30,Male,49503,gs://imagen4-faces-imagen-demo-460715/1381.png
1382,Curacao,30,Male,33952,gs://imagen4-faces-imagen-demo-460715/1382.png
1383,Curacao,30,Male,55154,gs://imagen4-faces-imagen-demo-460715/1383.png
1384,Curacao,30,Male,44018,gs://imagen4-faces-imagen-demo-460715/1384.png
1385,Curacao,30,Male,77122,gs://imagen4-faces-imagen-demo-460715/1385.png
1386,Curacao,30,Male,27874,gs://imagen4-faces-imagen-demo-460715/1386.png
1387,Curacao,30,Female,97171,gs://imagen4-faces-imagen-demo-460715/1387.png
1388,Curacao,30,Female,58106,gs://imagen4-faces-imagen-demo-460715/1388.png
1389,Curacao,30,Female,12249,gs://imagen4-faces-imagen-demo-460715/1389.png
1390,Curacao,30,Female,31543,gs://imagen4-faces-imagen-demo-460715/1390.png
1391,Curacao,30,Female,46321,gs://imagen4-faces-imagen-demo-460715/1391.png
1392,Curacao,30,Female,17853,gs://imagen4-faces-imagen-demo-460715/1392.png
1393,Cyprus,20,Male,16458,gs://imagen4-faces-imagen-demo-460715/1393.png
1394,Cyprus,20,Male,50496,gs://imagen4-faces-imagen-demo-460715/1394.png
1395,Cyprus,20,Male,12028,gs://imagen4-faces-imagen-demo-460715/1395.png
1396,Cyprus,20,Male,23842,gs://imagen4-faces-imagen-demo-460715/1396.png
1397,Cyprus,20,Male,48379,gs://imagen4-faces-imagen-demo-460715/1397.png
1398,Cyprus,20,Male,66948,gs://imagen4-faces-imagen-demo-460715/1398.png
1399,Cyprus,20,Female,91045,gs://imagen4-faces-imagen-demo-460715/1399.png
1400,Cyprus,20,Female,31465,gs://imagen4-faces-imagen-demo-460715/1400.png
1401,Cyprus,20,Female,89291,gs://imagen4-faces-imagen-demo-460715/1401.png
1402,Cyprus,20,Female,21098,gs://imagen4-faces-imagen-demo-460715/1402.png
1403,Cyprus,20,Female,18642,gs://imagen4-faces-imagen-demo-460715/1403.png
1404,Cyprus,20,Female,69296,gs://imagen4-faces-imagen-demo-460715/1404.png
1405,Cyprus,30,Male,32947,gs://imagen4-faces-imagen-demo-460715/1405.png
1406,Cyprus,30,Male,17833,gs://imagen4-faces-imagen-demo-460715/1406.png
1407,Cyprus,30,Male,74712,gs://imagen4-faces-imagen-demo-460715/1407.png
1408,Cyprus,30,Male,70677,gs://imagen4-faces-imagen-demo-460715/1408.png
1409,Cyprus,30,Male,21749,gs://imagen4-faces-imagen-demo-460715/1409.png
1410,Cyprus,30,Male,59436,gs://imagen4-faces-imagen-demo-460715/1410.png
1411,Cyprus,30,Female,50299,gs://imagen4-faces-imagen-demo-460715/1411.png
1412,Cyprus,30,Female,54614,gs://imagen4-faces-imagen-demo-460715/1412.png
1413,Cyprus,30,Female,33961,gs://imagen4-faces-imagen-demo-460715/1413.png
1414,Cyprus,30,Female,81945,gs://imagen4-faces-imagen-demo-460715/1414.png
1415,Cyprus,30,Female,23513,gs://imagen4-faces-imagen-demo-460715/1415.png
1416,Cyprus,30,Female,93938,gs://imagen4-faces-imagen-demo-460715/1416.png
1417,Czechia,20,Male,70092,gs://imagen4-faces-imagen-demo-460715/1417.png
1418,Czechia,20,Male,90933,gs://imagen4-faces-imagen-demo-460715/1418.png
1419,Czechia,20,Male,56068,gs://imagen4-faces-imagen-demo-460715/1419.png
1420,Czechia,20,Male,53124,gs://imagen4-faces-imagen-demo-460715/1420.png
1421,Czechia,20,Male,30201,gs://imagen4-faces-imagen-demo-460715/1421.png
1422,Czechia,20,Male,74198,gs://imagen4-faces-imagen-demo-460715/1422.png
1423,Czechia,20,Female,56647,gs://imagen4-faces-imagen-demo-460715/1423.png
1424,Czechia,20,Female,27311,gs://imagen4-faces-imagen-demo-460715/1424.png
1425,Czechia,20,Female,48756,gs://imagen4-faces-imagen-demo-460715/1425.png
1426,Czechia,20,Female,84567,gs://imagen4-faces-imagen-demo-460715/1426.png
1427,Czechia,20,Female,72787,gs://imagen4-faces-imagen-demo-460715/1427.png
1428,Czechia,20,Female,51752,gs://imagen4-faces-imagen-demo-460715/1428.png
1429,Czechia,30,Male,25350,gs://imagen4-faces-imagen-demo-460715/1429.png
1430,Czechia,30,Male,24787,gs://imagen4-faces-imagen-demo-460715/1430.png
1431,Czechia,30,Male,41254,gs://imagen4-faces-imagen-demo-460715/1431.png
1432,Czechia,30,Male,67108,gs://imagen4-faces-imagen-demo-460715/1432.png
1433,Czechia,30,Male,17708,gs://imagen4-faces-imagen-demo-460715/1433.png
1434,Czechia,30,Male,90950,gs://imagen4-faces-imagen-demo-460715/1434.png
1435,Czechia,30,Female,17553,gs://imagen4-faces-imagen-demo-460715/1435.png
1436,Czechia,30,Female,45439,gs://imagen4-faces-imagen-demo-460715/1436.png
1437,Czechia,30,Female,47117,gs://imagen4-faces-imagen-demo-460715/1437.png
1438,Czechia,30,Female,62114,gs://imagen4-faces-imagen-demo-460715/1438.png
1439,Czechia,30,Female,21579,gs://imagen4-faces-imagen-demo-460715/1439.png
1440,Czechia,30,Female,61644,gs://imagen4-faces-imagen-demo-460715/1440.png
1441,Denmark,20,Male,42532,gs://imagen4-faces-imagen-demo-460715/1441.png
1442,Denmark,20,Male,60491,gs://imagen4-faces-imagen-demo-460715/1442.png
1443,Denmark,20,Male,90204,gs://imagen4-faces-imagen-demo-460715/1443.png
1444,Denmark,20,Male,51116,gs://imagen4-faces-imagen-demo-460715/1444.png
1445,Denmark,20,Male,91885,gs://imagen4-faces-imagen-demo-460715/1445.png
1446,Denmark,20,Male,12141,gs://imagen4-faces-imagen-demo-460715/1446.png
1447,Denmark,20,Female,49518,gs://imagen4-faces-imagen-demo-460715/1447.png
1448,Denmark,20,Female,55481,gs://imagen4-faces-imagen-demo-460715/1448.png
1449,Denmark,20,Female,30339,gs://imagen4-faces-imagen-demo-460715/1449.png
1450,Denmark,20,Female,66533,gs://imagen4-faces-imagen-demo-460715/1450.png
1451,Denmark,20,Female,25037,gs://imagen4-faces-imagen-demo-460715/1451.png
1452,Denmark,20,Female,70500,gs://imagen4-faces-imagen-demo-460715/1452.png
1453,Denmark,30,Male,17767,gs://imagen4-faces-imagen-demo-460715/1453.png
1454,Denmark,30,Male,29677,gs://imagen4-faces-imagen-demo-460715/1454.png
1455,Denmark,30,Male,42775,gs://imagen4-faces-imagen-demo-460715/1455.png
1456,Denmark,30,Male,19545,gs://imagen4-faces-imagen-demo-460715/1456.png
1457,Denmark,30,Male,28192,gs://imagen4-faces-imagen-demo-460715/1457.png
1458,Denmark,30,Male,88472,gs://imagen4-faces-imagen-demo-460715/1458.png
1459,Denmark,30,Female,91550,gs://imagen4-faces-imagen-demo-460715/1459.png
1460,Denmark,30,Female,91474,gs://imagen4-faces-imagen-demo-460715/1460.png
1461,Denmark,30,Female,18859,gs://imagen4-faces-imagen-demo-460715/1461.png
1462,Denmark,30,Female,85459,gs://imagen4-faces-imagen-demo-460715/1462.png
1463,Denmark,30,Female,33832,gs://imagen4-faces-imagen-demo-460715/1463.png
1464,Denmark,30,Female,21666,gs://imagen4-faces-imagen-demo-460715/1464.png
1465,Djibouti,20,Male,64391,gs://imagen4-faces-imagen-demo-460715/1465.png
1466,Djibouti,20,Male,74692,gs://imagen4-faces-imagen-demo-460715/1466.png
1467,Djibouti,20,Male,35531,gs://imagen4-faces-imagen-demo-460715/1467.png
1468,Djibouti,20,Male,45119,gs://imagen4-faces-imagen-demo-460715/1468.png
1469,Djibouti,20,Male,43358,gs://imagen4-faces-imagen-demo-460715/1469.png
1470,Djibouti,20,Male,56412,gs://imagen4-faces-imagen-demo-460715/1470.png
1471,Djibouti,20,Female,84832,gs://imagen4-faces-imagen-demo-460715/1471.png
1472,Djibouti,20,Female,55397,gs://imagen4-faces-imagen-demo-460715/1472.png
1473,Djibouti,20,Female,79920,gs://imagen4-faces-imagen-demo-460715/1473.png
1474,Djibouti,20,Female,14568,gs://imagen4-faces-imagen-demo-460715/1474.png
1475,Djibouti,20,Female,87051,gs://imagen4-faces-imagen-demo-460715/1475.png
1476,Djibouti,20,Female,90193,gs://imagen4-faces-imagen-demo-460715/1476.png
1477,Djibouti,30,Male,13490,gs://imagen4-faces-imagen-demo-460715/1477.png
1478,Djibouti,30,Male,45288,gs://imagen4-faces-imagen-demo-460715/1478.png
1479,Djibouti,30,Male,68865,gs://imagen4-faces-imagen-demo-460715/1479.png
1480,Djibouti,30,Male,34617,gs://imagen4-faces-imagen-demo-460715/1480.png
1481,Djibouti,30,Male,90720,gs://imagen4-faces-imagen-demo-460715/1481.png
1482,Djibouti,30,Male,75984,gs://imagen4-faces-imagen-demo-460715/1482.png
1483,Djibouti,30,Female,37253,gs://imagen4-faces-imagen-demo-460715/1483.png
1484,Djibouti,30,Female,67351,gs://imagen4-faces-imagen-demo-460715/1484.png
1485,Djibouti,30,Female,92799,gs://imagen4-faces-imagen-demo-460715/1485.png
1486,Djibouti,30,Female,33298,gs://imagen4-faces-imagen-demo-460715/1486.png
1487,Djibouti,30,Female,57468,gs://imagen4-faces-imagen-demo-460715/1487.png
1488,Djibouti,30,Female,62359,gs://imagen4-faces-imagen-demo-460715/1488.png
1489,Dominica,20,Male,65050,gs://imagen4-faces-imagen-demo-460715/1489.png
1490,Dominica,20,Male,97408,gs://imagen4-faces-imagen-demo-460715/1490.png
1491,Dominica,20,Male,18045,gs://imagen4-faces-imagen-demo-460715/1491.png
1492,Dominica,20,Male,93509,gs://imagen4-faces-imagen-demo-460715/1492.png
1493,Dominica,20,Male,63339,gs://imagen4-faces-imagen-demo-460715/1493.png
1494,Dominica,20,Male,52361,gs://imagen4-faces-imagen-demo-460715/1494.png
1495,Dominica,20,Female,98335,gs://imagen4-faces-imagen-demo-460715/1495.png
1496,Dominica,20,Female,32294,gs://imagen4-faces-imagen-demo-460715/1496.png
1497,Dominica,20,Female,80865,gs://imagen4-faces-imagen-demo-460715/1497.png
1498,Dominica,20,Female,14333,gs://imagen4-faces-imagen-demo-460715/1498.png
1499,Dominica,20,Female,35466,gs://imagen4-faces-imagen-demo-460715/1499.png
1500,Dominica,20,Female,24645,gs://imagen4-faces-imagen-demo-460715/1500.png
1501,Dominica,30,Male,39211,gs://imagen4-faces-imagen-demo-460715/1501.png
1502,Dominica,30,Male,71327,gs://imagen4-faces-imagen-demo-460715/1502.png
1503,Dominica,30,Male,54812,gs://imagen4-faces-imagen-demo-460715/1503.png
1504,Dominica,30,Male,59992,gs://imagen4-faces-imagen-demo-460715/1504.png
1505,Dominica,30,Male,44779,gs://imagen4-faces-imagen-demo-460715/1505.png
1506,Dominica,30,Male,62128,gs://imagen4-faces-imagen-demo-460715/1506.png
1507,Dominica,30,Female,86794,gs://imagen4-faces-imagen-demo-460715/1507.png
1508,Dominica,30,Female,29047,gs://imagen4-faces-imagen-demo-460715/1508.png
1509,Dominica,30,Female,22024,gs://imagen4-faces-imagen-demo-460715/1509.png
1510,Dominica,30,Female,18969,gs://imagen4-faces-imagen-demo-460715/1510.png
1511,Dominica,30,Female,83063,gs://imagen4-faces-imagen-demo-460715/1511.png
1512,Dominica,30,Female,45980,gs://imagen4-faces-imagen-demo-460715/1512.png
1513,Dominican Republic,20,Male,40043,gs://imagen4-faces-imagen-demo-460715/1513.png
1514,Dominican Republic,20,Male,47986,gs://imagen4-faces-imagen-demo-460715/1514.png
1515,Dominican Republic,20,Male,13735,gs://imagen4-faces-imagen-demo-460715/1515.png
1516,Dominican Republic,20,Male,34715,gs://imagen4-faces-imagen-demo-460715/1516.png
1517,Dominican Republic,20,Male,70323,gs://imagen4-faces-imagen-demo-460715/1517.png
1518,Dominican Republic,20,Male,86456,gs://imagen4-faces-imagen-demo-460715/1518.png
1519,Dominican Republic,20,Female,12490,gs://imagen4-faces-imagen-demo-460715/1519.png
1520,Dominican Republic,20,Female,78594,gs://imagen4-faces-imagen-demo-460715/1520.png
1521,Dominican Republic,20,Female,72140,gs://imagen4-faces-imagen-demo-460715/1521.png
1522,Dominican Republic,20,Female,30090,gs://imagen4-faces-imagen-demo-460715/1522.png
1523,Dominican Republic,20,Female,67962,gs://imagen4-faces-imagen-demo-460715/1523.png
1524,Dominican Republic,20,Female,75717,gs://imagen4-faces-imagen-demo-460715/1524.png
1525,Dominican Republic,30,Male,93791,gs://imagen4-faces-imagen-demo-460715/1525.png
1526,Dominican Republic,30,Male,62408,gs://imagen4-faces-imagen-demo-460715/1526.png
1527,Dominican Republic,30,Male,16638,gs://imagen4-faces-imagen-demo-460715/1527.png
1528,Dominican Republic,30,Male,22916,gs://imagen4-faces-imagen-demo-460715/1528.png
1529,Dominican Republic,30,Male,59778,gs://imagen4-faces-imagen-demo-460715/1529.png
1530,Dominican Republic,30,Male,31028,gs://imagen4-faces-imagen-demo-460715/1530.png
1531,Dominican Republic,30,Female,61511,gs://imagen4-faces-imagen-demo-460715/1531.png
1532,Dominican Republic,30,Female,73802,gs://imagen4-faces-imagen-demo-460715/1532.png
1533,Dominican Republic,30,Female,67466,gs://imagen4-faces-imagen-demo-460715/1533.png
1534,Dominican Republic,30,Female,40116,gs://imagen4-faces-imagen-demo-460715/1534.png
1535,Dominican Republic,30,Female,77619,gs://imagen4-faces-imagen-demo-460715/1535.png
1536,Dominican Republic,30,Female,40210,gs://imagen4-faces-imagen-demo-460715/1536.png
1537,Ecuador,20,Male,38431,gs://imagen4-faces-imagen-demo-460715/1537.png
1538,Ecuador,20,Male,77101,gs://imagen4-faces-imagen-demo-460715/1538.png
1539,Ecuador,20,Male,90460,gs://imagen4-faces-imagen-demo-460715/1539.png
1540,Ecuador,20,Male,26579,gs://imagen4-faces-imagen-demo-460715/1540.png
1541,Ecuador,20,Male,45572,gs://imagen4-faces-imagen-demo-460715/1541.png
1542,Ecuador,20,Male,97169,gs://imagen4-faces-imagen-demo-460715/1542.png
1543,Ecuador,20,Female,89040,gs://imagen4-faces-imagen-demo-460715/1543.png
1544,Ecuador,20,Female,81239,gs://imagen4-faces-imagen-demo-460715/1544.png
1545,Ecuador,20,Female,11874,gs://imagen4-faces-imagen-demo-460715/1545.png
1546,Ecuador,20,Female,19114,gs://imagen4-faces-imagen-demo-460715/1546.png
1547,Ecuador,20,Female,65135,gs://imagen4-faces-imagen-demo-460715/1547.png
1548,Ecuador,20,Female,81300,gs://imagen4-faces-imagen-demo-460715/1548.png
1549,Ecuador,30,Male,41896,gs://imagen4-faces-imagen-demo-460715/1549.png
1550,Ecuador,30,Male,83078,gs://imagen4-faces-imagen-demo-460715/1550.png
1551,Ecuador,30,Male,97641,gs://imagen4-faces-imagen-demo-460715/1551.png
1552,Ecuador,30,Male,26646,gs://imagen4-faces-imagen-demo-460715/1552.png
1553,Ecuador,30,Male,59575,gs://imagen4-faces-imagen-demo-460715/1553.png
1554,Ecuador,30,Male,17963,gs://imagen4-faces-imagen-demo-460715/1554.png
1555,Ecuador,30,Female,88479,gs://imagen4-faces-imagen-demo-460715/1555.png
1556,Ecuador,30,Female,84514,gs://imagen4-faces-imagen-demo-460715/1556.png
1557,Ecuador,30,Female,44432,gs://imagen4-faces-imagen-demo-460715/1557.png
1558,Ecuador,30,Female,27622,gs://imagen4-faces-imagen-demo-460715/1558.png
1559,Ecuador,30,Female,85409,gs://imagen4-faces-imagen-demo-460715/1559.png
1560,Ecuador,30,Female,35882,gs://imagen4-faces-imagen-demo-460715/1560.png
1561,Egypt,20,Male,56011,gs://imagen4-faces-imagen-demo-460715/1561.png
1562,Egypt,20,Male,54713,gs://imagen4-faces-imagen-demo-460715/1562.png
1563,Egypt,20,Male,62070,gs://imagen4-faces-imagen-demo-460715/1563.png
1564,Egypt,20,Male,68011,gs://imagen4-faces-imagen-demo-460715/1564.png
1565,Egypt,20,Male,55889,gs://imagen4-faces-imagen-demo-460715/1565.png
1566,Egypt,20,Male,42179,gs://imagen4-faces-imagen-demo-460715/1566.png
1567,Egypt,20,Female,26330,gs://imagen4-faces-imagen-demo-460715/1567.png
1568,Egypt,20,Female,87559,gs://imagen4-faces-imagen-demo-460715/1568.png
1569,Egypt,20,Female,10064,gs://imagen4-faces-imagen-demo-460715/1569.png
1570,Egypt,20,Female,61850,gs://imagen4-faces-imagen-demo-460715/1570.png
1571,Egypt,20,Female,57412,gs://imagen4-faces-imagen-demo-460715/1571.png
1572,Egypt,20,Female,73959,gs://imagen4-faces-imagen-demo-460715/1572.png
1573,Egypt,30,Male,82265,gs://imagen4-faces-imagen-demo-460715/1573.png
1574,Egypt,30,Male,17789,gs://imagen4-faces-imagen-demo-460715/1574.png
1575,Egypt,30,Male,95977,gs://imagen4-faces-imagen-demo-460715/1575.png
1576,Egypt,30,Male,45212,gs://imagen4-faces-imagen-demo-460715/1576.png
1577,Egypt,30,Male,17684,gs://imagen4-faces-imagen-demo-460715/1577.png
1578,Egypt,30,Male,21643,gs://imagen4-faces-imagen-demo-460715/1578.png
1579,Egypt,30,Female,63110,gs://imagen4-faces-imagen-demo-460715/1579.png
1580,Egypt,30,Female,69819,gs://imagen4-faces-imagen-demo-460715/1580.png
1581,Egypt,30,Female,22922,gs://imagen4-faces-imagen-demo-460715/1581.png
1582,Egypt,30,Female,37304,gs://imagen4-faces-imagen-demo-460715/1582.png
1583,Egypt,30,Female,23755,gs://imagen4-faces-imagen-demo-460715/1583.png
1584,Egypt,30,Female,70210,gs://imagen4-faces-imagen-demo-460715/1584.png
1585,El Salvador,20,Male,93145,gs://imagen4-faces-imagen-demo-460715/1585.png
1586,El Salvador,20,Male,48651,gs://imagen4-faces-imagen-demo-460715/1586.png
1587,El Salvador,20,Male,25580,gs://imagen4-faces-imagen-demo-460715/1587.png
1588,El Salvador,20,Male,76905,gs://imagen4-faces-imagen-demo-460715/1588.png
1589,El Salvador,20,Male,35222,gs://imagen4-faces-imagen-demo-460715/1589.png
1590,El Salvador,20,Male,29440,gs://imagen4-faces-imagen-demo-460715/1590.png
1591,El Salvador,20,Female,82847,gs://imagen4-faces-imagen-demo-460715/1591.png
1592,El Salvador,20,Female,22063,gs://imagen4-faces-imagen-demo-460715/1592.png
1593,El Salvador,20,Female,43746,gs://imagen4-faces-imagen-demo-460715/1593.png
1594,El Salvador,20,Female,89911,gs://imagen4-faces-imagen-demo-460715/1594.png
1595,El Salvador,20,Female,50963,gs://imagen4-faces-imagen-demo-460715/1595.png
1596,El Salvador,20,Female,31519,gs://imagen4-faces-imagen-demo-460715/1596.png
1597,El Salvador,30,Male,97331,gs://imagen4-faces-imagen-demo-460715/1597.png
1598,El Salvador,30,Male,95795,gs://imagen4-faces-imagen-demo-460715/1598.png
1599,El Salvador,30,Male,74042,gs://imagen4-faces-imagen-demo-460715/1599.png
1600,El Salvador,30,Male,62637,gs://imagen4-faces-imagen-demo-460715/1600.png
1601,El Salvador,30,Male,47486,gs://imagen4-faces-imagen-demo-460715/1601.png
1602,El Salvador,30,Male,14776,gs://imagen4-faces-imagen-demo-460715/1602.png
1603,El Salvador,30,Female,63155,gs://imagen4-faces-imagen-demo-460715/1603.png
1604,El Salvador,30,Female,61259,gs://imagen4-faces-imagen-demo-460715/1604.png
1605,El Salvador,30,Female,51474,gs://imagen4-faces-imagen-demo-460715/1605.png
1606,El Salvador,30,Female,83830,gs://imagen4-faces-imagen-demo-460715/1606.png
1607,El Salvador,30,Female,37792,gs://imagen4-faces-imagen-demo-460715/1607.png
1608,El Salvador,30,Female,84336,gs://imagen4-faces-imagen-demo-460715/1608.png
1609,Equatorial Guinea,20,Male,40232,gs://imagen4-faces-imagen-demo-460715/1609.png
1610,Equatorial Guinea,20,Male,71371,gs://imagen4-faces-imagen-demo-460715/1610.png
1611,Equatorial Guinea,20,Male,24939,gs://imagen4-faces-imagen-demo-460715/1611.png
1612,Equatorial Guinea,20,Male,86511,gs://imagen4-faces-imagen-demo-460715/1612.png
1613,Equatorial Guinea,20,Male,62248,gs://imagen4-faces-imagen-demo-460715/1613.png
1614,Equatorial Guinea,20,Male,26489,gs://imagen4-faces-imagen-demo-460715/1614.png
1615,Equatorial Guinea,20,Female,62325,gs://imagen4-faces-imagen-demo-460715/1615.png
1616,Equatorial Guinea,20,Female,47723,gs://imagen4-faces-imagen-demo-460715/1616.png
1617,Equatorial Guinea,20,Female,12038,gs://imagen4-faces-imagen-demo-460715/1617.png
1618,Equatorial Guinea,20,Female,53040,gs://imagen4-faces-imagen-demo-460715/1618.png
1619,Equatorial Guinea,20,Female,44984,gs://imagen4-faces-imagen-demo-460715/1619.png
1620,Equatorial Guinea,20,Female,59667,gs://imagen4-faces-imagen-demo-460715/1620.png
1621,Equatorial Guinea,30,Male,21690,gs://imagen4-faces-imagen-demo-460715/1621.png
1622,Equatorial Guinea,30,Male,23016,gs://imagen4-faces-imagen-demo-460715/1622.png
1623,Equatorial Guinea,30,Male,32774,gs://imagen4-faces-imagen-demo-460715/1623.png
1624,Equatorial Guinea,30,Male,47373,gs://imagen4-faces-imagen-demo-460715/1624.png
1625,Equatorial Guinea,30,Male,70950,gs://imagen4-faces-imagen-demo-460715/1625.png
1626,Equatorial Guinea,30,Male,35883,gs://imagen4-faces-imagen-demo-460715/1626.png
1627,Equatorial Guinea,30,Female,38389,gs://imagen4-faces-imagen-demo-460715/1627.png
1628,Equatorial Guinea,30,Female,32062,gs://imagen4-faces-imagen-demo-460715/1628.png
1629,Equatorial Guinea,30,Female,62955,gs://imagen4-faces-imagen-demo-460715/1629.png
1630,Equatorial Guinea,30,Female,37416,gs://imagen4-faces-imagen-demo-460715/1630.png
1631,Equatorial Guinea,30,Female,88284,gs://imagen4-faces-imagen-demo-460715/1631.png
1632,Equatorial Guinea,30,Female,59723,gs://imagen4-faces-imagen-demo-460715/1632.png
1633,Eritrea,20,Male,83348,gs://imagen4-faces-imagen-demo-460715/1633.png
1634,Eritrea,20,Male,60006,gs://imagen4-faces-imagen-demo-460715/1634.png
1635,Eritrea,20,Male,43007,gs://imagen4-faces-imagen-demo-460715/1635.png
1636,Eritrea,20,Male,31343,gs://imagen4-faces-imagen-demo-460715/1636.png
1637,Eritrea,20,Male,57708,gs://imagen4-faces-imagen-demo-460715/1637.png
1638,Eritrea,20,Male,61656,gs://imagen4-faces-imagen-demo-460715/1638.png
1639,Eritrea,20,Female,15060,gs://imagen4-faces-imagen-demo-460715/1639.png
1640,Eritrea,20,Female,77538,gs://imagen4-faces-imagen-demo-460715/1640.png
1641,Eritrea,20,Female,95343,gs://imagen4-faces-imagen-demo-460715/1641.png
1642,Eritrea,20,Female,32749,gs://imagen4-faces-imagen-demo-460715/1642.png
1643,Eritrea,20,Female,22058,gs://imagen4-faces-imagen-demo-460715/1643.png
1644,Eritrea,20,Female,79063,gs://imagen4-faces-imagen-demo-460715/1644.png
1645,Eritrea,30,Male,69527,gs://imagen4-faces-imagen-demo-460715/1645.png
1646,Eritrea,30,Male,39950,gs://imagen4-faces-imagen-demo-460715/1646.png
1647,Eritrea,30,Male,22265,gs://imagen4-faces-imagen-demo-460715/1647.png
1648,Eritrea,30,Male,82535,gs://imagen4-faces-imagen-demo-460715/1648.png
1649,Eritrea,30,Male,49880,gs://imagen4-faces-imagen-demo-460715/1649.png
1650,Eritrea,30,Male,87029,gs://imagen4-faces-imagen-demo-460715/1650.png
1651,Eritrea,30,Female,56397,gs://imagen4-faces-imagen-demo-460715/1651.png
1652,Eritrea,30,Female,17561,gs://imagen4-faces-imagen-demo-460715/1652.png
1653,Eritrea,30,Female,32506,gs://imagen4-faces-imagen-demo-460715/1653.png
1654,Eritrea,30,Female,36051,gs://imagen4-faces-imagen-demo-460715/1654.png
1655,Eritrea,30,Female,90971,gs://imagen4-faces-imagen-demo-460715/1655.png
1656,Eritrea,30,Female,42434,gs://imagen4-faces-imagen-demo-460715/1656.png
1657,Estonia,20,Male,48401,gs://imagen4-faces-imagen-demo-460715/1657.png
1658,Estonia,20,Male,96930,gs://imagen4-faces-imagen-demo-460715/1658.png
1659,Estonia,20,Male,82442,gs://imagen4-faces-imagen-demo-460715/1659.png
1660,Estonia,20,Male,38001,gs://imagen4-faces-imagen-demo-460715/1660.png
1661,Estonia,20,Male,63760,gs://imagen4-faces-imagen-demo-460715/1661.png
1662,Estonia,20,Male,25369,gs://imagen4-faces-imagen-demo-460715/1662.png
1663,Estonia,20,Female,50916,gs://imagen4-faces-imagen-demo-460715/1663.png
1664,Estonia,20,Female,62844,gs://imagen4-faces-imagen-demo-460715/1664.png
1665,Estonia,20,Female,91990,gs://imagen4-faces-imagen-demo-460715/1665.png
1666,Estonia,20,Female,98538,gs://imagen4-faces-imagen-demo-460715/1666.png
1667,Estonia,20,Female,99695,gs://imagen4-faces-imagen-demo-460715/1667.png
1668,Estonia,20,Female,11986,gs://imagen4-faces-imagen-demo-460715/1668.png
1669,Estonia,30,Male,33749,gs://imagen4-faces-imagen-demo-460715/1669.png
1670,Estonia,30,Male,62549,gs://imagen4-faces-imagen-demo-460715/1670.png
1671,Estonia,30,Male,39661,gs://imagen4-faces-imagen-demo-460715/1671.png
1672,Estonia,30,Male,69211,gs://imagen4-faces-imagen-demo-460715/1672.png
1673,Estonia,30,Male,48888,gs://imagen4-faces-imagen-demo-460715/1673.png
1674,Estonia,30,Male,86735,gs://imagen4-faces-imagen-demo-460715/1674.png
1675,Estonia,30,Female,87517,gs://imagen4-faces-imagen-demo-460715/1675.png
1676,Estonia,30,Female,73590,gs://imagen4-faces-imagen-demo-460715/1676.png
1677,Estonia,30,Female,33560,gs://imagen4-faces-imagen-demo-460715/1677.png
1678,Estonia,30,Female,81124,gs://imagen4-faces-imagen-demo-460715/1678.png
1679,Estonia,30,Female,16735,gs://imagen4-faces-imagen-demo-460715/1679.png
1680,Estonia,30,Female,92544,gs://imagen4-faces-imagen-demo-460715/1680.png
1681,Eswatini,20,Male,91137,gs://imagen4-faces-imagen-demo-460715/1681.png
1682,Eswatini,20,Male,54155,gs://imagen4-faces-imagen-demo-460715/1682.png
1683,Eswatini,20,Male,15306,gs://imagen4-faces-imagen-demo-460715/1683.png
1684,Eswatini,20,Male,34334,gs://imagen4-faces-imagen-demo-460715/1684.png
1685,Eswatini,20,Male,15704,gs://imagen4-faces-imagen-demo-460715/1685.png
1686,Eswatini,20,Male,77947,gs://imagen4-faces-imagen-demo-460715/1686.png
1687,Eswatini,20,Female,30040,gs://imagen4-faces-imagen-demo-460715/1687.png
1688,Eswatini,20,Female,50223,gs://imagen4-faces-imagen-demo-460715/1688.png
1689,Eswatini,20,Female,25090,gs://imagen4-faces-imagen-demo-460715/1689.png
1690,Eswatini,20,Female,85088,gs://imagen4-faces-imagen-demo-460715/1690.png
1691,Eswatini,20,Female,70460,gs://imagen4-faces-imagen-demo-460715/1691.png
1692,Eswatini,20,Female,10163,gs://imagen4-faces-imagen-demo-460715/1692.png
1693,Eswatini,30,Male,12239,gs://imagen4-faces-imagen-demo-460715/1693.png
1694,Eswatini,30,Male,25347,gs://imagen4-faces-imagen-demo-460715/1694.png
1695,Eswatini,30,Male,38394,gs://imagen4-faces-imagen-demo-460715/1695.png
1696,Eswatini,30,Male,17176,gs://imagen4-faces-imagen-demo-460715/1696.png
1697,Eswatini,30,Male,45403,gs://imagen4-faces-imagen-demo-460715/1697.png
1698,Eswatini,30,Male,40928,gs://imagen4-faces-imagen-demo-460715/1698.png
1699,Eswatini,30,Female,61799,gs://imagen4-faces-imagen-demo-460715/1699.png
1700,Eswatini,30,Female,43930,gs://imagen4-faces-imagen-demo-460715/1700.png
1701,Eswatini,30,Female,98115,gs://imagen4-faces-imagen-demo-460715/1701.png
1702,Eswatini,30,Female,45232,gs://imagen4-faces-imagen-demo-460715/1702.png
1703,Eswatini,30,Female,18770,gs://imagen4-faces-imagen-demo-460715/1703.png
1704,Eswatini,30,Female,88591,gs://imagen4-faces-imagen-demo-460715/1704.png
1705,Ethiopia,20,Male,99256,gs://imagen4-faces-imagen-demo-460715/1705.png
1706,Ethiopia,20,Male,89674,gs://imagen4-faces-imagen-demo-460715/1706.png
1707,Ethiopia,20,Male,70142,gs://imagen4-faces-imagen-demo-460715/1707.png
1708,Ethiopia,20,Male,27981,gs://imagen4-faces-imagen-demo-460715/1708.png
1709,Ethiopia,20,Male,27864,gs://imagen4-faces-imagen-demo-460715/1709.png
1710,Ethiopia,20,Male,71418,gs://imagen4-faces-imagen-demo-460715/1710.png
1711,Ethiopia,20,Female,83885,gs://imagen4-faces-imagen-demo-460715/1711.png
1712,Ethiopia,20,Female,28663,gs://imagen4-faces-imagen-demo-460715/1712.png
1713,Ethiopia,20,Female,11860,gs://imagen4-faces-imagen-demo-460715/1713.png
1714,Ethiopia,20,Female,92640,gs://imagen4-faces-imagen-demo-460715/1714.png
1715,Ethiopia,20,Female,87197,gs://imagen4-faces-imagen-demo-460715/1715.png
1716,Ethiopia,20,Female,97241,gs://imagen4-faces-imagen-demo-460715/1716.png
1717,Ethiopia,30,Male,22389,gs://imagen4-faces-imagen-demo-460715/1717.png
1718,Ethiopia,30,Male,20759,gs://imagen4-faces-imagen-demo-460715/1718.png
1719,Ethiopia,30,Male,51660,gs://imagen4-faces-imagen-demo-460715/1719.png
1720,Ethiopia,30,Male,23309,gs://imagen4-faces-imagen-demo-460715/1720.png
1721,Ethiopia,30,Male,28206,gs://imagen4-faces-imagen-demo-460715/1721.png
1722,Ethiopia,30,Male,39394,gs://imagen4-faces-imagen-demo-460715/1722.png
1723,Ethiopia,30,Female,33938,gs://imagen4-faces-imagen-demo-460715/1723.png
1724,Ethiopia,30,Female,85748,gs://imagen4-faces-imagen-demo-460715/1724.png
1725,Ethiopia,30,Female,30405,gs://imagen4-faces-imagen-demo-460715/1725.png
1726,Ethiopia,30,Female,67515,gs://imagen4-faces-imagen-demo-460715/1726.png
1727,Ethiopia,30,Female,58571,gs://imagen4-faces-imagen-demo-460715/1727.png
1728,Ethiopia,30,Female,29528,gs://imagen4-faces-imagen-demo-460715/1728.png
1729,Falkland Islands (Malvinas),20,Male,51902,gs://imagen4-faces-imagen-demo-460715/1729.png
1730,Falkland Islands (Malvinas),20,Male,42938,gs://imagen4-faces-imagen-demo-460715/1730.png
1731,Falkland Islands (Malvinas),20,Male,47754,gs://imagen4-faces-imagen-demo-460715/1731.png
1732,Falkland Islands (Malvinas),20,Male,76491,gs://imagen4-faces-imagen-demo-460715/1732.png
1733,Falkland Islands (Malvinas),20,Male,58058,gs://imagen4-faces-imagen-demo-460715/1733.png
1734,Falkland Islands (Malvinas),20,Male,49533,gs://imagen4-faces-imagen-demo-460715/1734.png
1735,Falkland Islands (Malvinas),20,Female,75930,gs://imagen4-faces-imagen-demo-460715/1735.png
1736,Falkland Islands (Malvinas),20,Female,71014,gs://imagen4-faces-imagen-demo-460715/1736.png
1737,Falkland Islands (Malvinas),20,Female,70946,gs://imagen4-faces-imagen-demo-460715/1737.png
1738,Falkland Islands (Malvinas),20,Female,36834,gs://imagen4-faces-imagen-demo-460715/1738.png
1739,Falkland Islands (Malvinas),20,Female,91315,gs://imagen4-faces-imagen-demo-460715/1739.png
1740,Falkland Islands (Malvinas),20,Female,78054,gs://imagen4-faces-imagen-demo-460715/1740.png
1741,Falkland Islands (Malvinas),30,Male,22626,gs://imagen4-faces-imagen-demo-460715/1741.png
1742,Falkland Islands (Malvinas),30,Male,15013,gs://imagen4-faces-imagen-demo-460715/1742.png
1743,Falkland Islands (Malvinas),30,Male,37055,gs://imagen4-faces-imagen-demo-460715/1743.png
1744,Falkland Islands (Malvinas),30,Male,29645,gs://imagen4-faces-imagen-demo-460715/1744.png
1745,Falkland Islands (Malvinas),30,Male,62080,gs://imagen4-faces-imagen-demo-460715/1745.png
1746,Falkland Islands (Malvinas),30,Male,54804,gs://imagen4-faces-imagen-demo-460715/1746.png
1747,Falkland Islands (Malvinas),30,Female,92756,gs://imagen4-faces-imagen-demo-460715/1747.png
1748,Falkland Islands (Malvinas),30,Female,75539,gs://imagen4-faces-imagen-demo-460715/1748.png
1749,Falkland Islands (Malvinas),30,Female,41344,gs://imagen4-faces-imagen-demo-460715/1749.png
1750,Falkland Islands (Malvinas),30,Female,77695,gs://imagen4-faces-imagen-demo-460715/1750.png
1751,Falkland Islands (Malvinas),30,Female,39263,gs://imagen4-faces-imagen-demo-460715/1751.png
1752,Falkland Islands (Malvinas),30,Female,15766,gs://imagen4-faces-imagen-demo-460715/1752.png
1753,Faroe Islands,20,Male,71487,gs://imagen4-faces-imagen-demo-460715/1753.png
1754,Faroe Islands,20,Male,63175,gs://imagen4-faces-imagen-demo-460715/1754.png
1755,Faroe Islands,20,Male,22052,gs://imagen4-faces-imagen-demo-460715/1755.png
1756,Faroe Islands,20,Male,11642,gs://imagen4-faces-imagen-demo-460715/1756.png
1757,Faroe Islands,20,Male,40659,gs://imagen4-faces-imagen-demo-460715/1757.png
1758,Faroe Islands,20,Male,92492,gs://imagen4-faces-imagen-demo-460715/1758.png
1759,Faroe Islands,20,Female,59537,gs://imagen4-faces-imagen-demo-460715/1759.png
1760,Faroe Islands,20,Female,49232,gs://imagen4-faces-imagen-demo-460715/1760.png
1761,Faroe Islands,20,Female,12751,gs://imagen4-faces-imagen-demo-460715/1761.png
1762,Faroe Islands,20,Female,30793,gs://imagen4-faces-imagen-demo-460715/1762.png
1763,Faroe Islands,20,Female,78512,gs://imagen4-faces-imagen-demo-460715/1763.png
1764,Faroe Islands,20,Female,78720,gs://imagen4-faces-imagen-demo-460715/1764.png
1765,Faroe Islands,30,Male,50679,gs://imagen4-faces-imagen-demo-460715/1765.png
1766,Faroe Islands,30,Male,42575,gs://imagen4-faces-imagen-demo-460715/1766.png
1767,Faroe Islands,30,Male,34138,gs://imagen4-faces-imagen-demo-460715/1767.png
1768,Faroe Islands,30,Male,75221,gs://imagen4-faces-imagen-demo-460715/1768.png
1769,Faroe Islands,30,Male,53118,gs://imagen4-faces-imagen-demo-460715/1769.png
1770,Faroe Islands,30,Male,93035,gs://imagen4-faces-imagen-demo-460715/1770.png
1771,Faroe Islands,30,Female,75170,gs://imagen4-faces-imagen-demo-460715/1771.png
1772,Faroe Islands,30,Female,57451,gs://imagen4-faces-imagen-demo-460715/1772.png
1773,Faroe Islands,30,Female,75694,gs://imagen4-faces-imagen-demo-460715/1773.png
1774,Faroe Islands,30,Female,14702,gs://imagen4-faces-imagen-demo-460715/1774.png
1775,Faroe Islands,30,Female,55982,gs://imagen4-faces-imagen-demo-460715/1775.png
1776,Faroe Islands,30,Female,25212,gs://imagen4-faces-imagen-demo-460715/1776.png
1777,Fiji,20,Male,17399,gs://imagen4-faces-imagen-demo-460715/1777.png
1778,Fiji,20,Male,51730,gs://imagen4-faces-imagen-demo-460715/1778.png
1779,Fiji,20,Male,43458,gs://imagen4-faces-imagen-demo-460715/1779.png
1780,Fiji,20,Male,68512,gs://imagen4-faces-imagen-demo-460715/1780.png
1781,Fiji,20,Male,27712,gs://imagen4-faces-imagen-demo-460715/1781.png
1782,Fiji,20,Male,81992,gs://imagen4-faces-imagen-demo-460715/1782.png
1783,Fiji,20,Female,43499,gs://imagen4-faces-imagen-demo-460715/1783.png
1784,Fiji,20,Female,56949,gs://imagen4-faces-imagen-demo-460715/1784.png
1785,Fiji,20,Female,99368,gs://imagen4-faces-imagen-demo-460715/1785.png
1786,Fiji,20,Female,99943,gs://imagen4-faces-imagen-demo-460715/1786.png
1787,Fiji,20,Female,91445,gs://imagen4-faces-imagen-demo-460715/1787.png
1788,Fiji,20,Female,50839,gs://imagen4-faces-imagen-demo-460715/1788.png
1789,Fiji,30,Male,46564,gs://imagen4-faces-imagen-demo-460715/1789.png
1790,Fiji,30,Male,89264,gs://imagen4-faces-imagen-demo-460715/1790.png
1791,Fiji,30,Male,49242,gs://imagen4-faces-imagen-demo-460715/1791.png
1792,Fiji,30,Male,38485,gs://imagen4-faces-imagen-demo-460715/1792.png
1793,Fiji,30,Male,38984,gs://imagen4-faces-imagen-demo-460715/1793.png
1794,Fiji,30,Male,93740,gs://imagen4-faces-imagen-demo-460715/1794.png
1795,Fiji,30,Female,76184,gs://imagen4-faces-imagen-demo-460715/1795.png
1796,Fiji,30,Female,64278,gs://imagen4-faces-imagen-demo-460715/1796.png
1797,Fiji,30,Female,11002,gs://imagen4-faces-imagen-demo-460715/1797.png
1798,Fiji,30,Female,79636,gs://imagen4-faces-imagen-demo-460715/1798.png
1799,Fiji,30,Female,32279,gs://imagen4-faces-imagen-demo-460715/1799.png
1800,Fiji,30,Female,23973,gs://imagen4-faces-imagen-demo-460715/1800.png
1801,Finland,20,Male,40933,gs://imagen4-faces-imagen-demo-460715/1801.png
1802,Finland,20,Male,41947,gs://imagen4-faces-imagen-demo-460715/1802.png
1803,Finland,20,Male,73683,gs://imagen4-faces-imagen-demo-460715/1803.png
1804,Finland,20,Male,46679,gs://imagen4-faces-imagen-demo-460715/1804.png
1805,Finland,20,Male,23758,gs://imagen4-faces-imagen-demo-460715/1805.png
1806,Finland,20,Male,37560,gs://imagen4-faces-imagen-demo-460715/1806.png
1807,Finland,20,Female,74100,gs://imagen4-faces-imagen-demo-460715/1807.png
1808,Finland,20,Female,26097,gs://imagen4-faces-imagen-demo-460715/1808.png
1809,Finland,20,Female,11856,gs://imagen4-faces-imagen-demo-460715/1809.png
1810,Finland,20,Female,36615,gs://imagen4-faces-imagen-demo-460715/1810.png
1811,Finland,20,Female,93220,gs://imagen4-faces-imagen-demo-460715/1811.png
1812,Finland,20,Female,88510,gs://imagen4-faces-imagen-demo-460715/1812.png
1813,Finland,30,Male,49796,gs://imagen4-faces-imagen-demo-460715/1813.png
1814,Finland,30,Male,38902,gs://imagen4-faces-imagen-demo-460715/1814.png
1815,Finland,30,Male,96934,gs://imagen4-faces-imagen-demo-460715/1815.png
1816,Finland,30,Male,21139,gs://imagen4-faces-imagen-demo-460715/1816.png
1817,Finland,30,Male,46797,gs://imagen4-faces-imagen-demo-460715/1817.png
1818,Finland,30,Male,87594,gs://imagen4-faces-imagen-demo-460715/1818.png
1819,Finland,30,Female,92383,gs://imagen4-faces-imagen-demo-460715/1819.png
1820,Finland,30,Female,33206,gs://imagen4-faces-imagen-demo-460715/1820.png
1821,Finland,30,Female,84236,gs://imagen4-faces-imagen-demo-460715/1821.png
1822,Finland,30,Female,19432,gs://imagen4-faces-imagen-demo-460715/1822.png
1823,Finland,30,Female,88060,gs://imagen4-faces-imagen-demo-460715/1823.png
1824,Finland,30,Female,27183,gs://imagen4-faces-imagen-demo-460715/1824.png
1825,France,20,Male,30810,gs://imagen4-faces-imagen-demo-460715/1825.png
1826,France,20,Male,76954,gs://imagen4-faces-imagen-demo-460715/1826.png
1827,France,20,Male,73681,gs://imagen4-faces-imagen-demo-460715/1827.png
1828,France,20,Male,85751,gs://imagen4-faces-imagen-demo-460715/1828.png
1829,France,20,Male,52961,gs://imagen4-faces-imagen-demo-460715/1829.png
1830,France,20,Male,12087,gs://imagen4-faces-imagen-demo-460715/1830.png
1831,France,20,Female,69015,gs://imagen4-faces-imagen-demo-460715/1831.png
1832,France,20,Female,37898,gs://imagen4-faces-imagen-demo-460715/1832.png
1833,France,20,Female,47809,gs://imagen4-faces-imagen-demo-460715/1833.png
1834,France,20,Female,56341,gs://imagen4-faces-imagen-demo-460715/1834.png
1835,France,20,Female,98385,gs://imagen4-faces-imagen-demo-460715/1835.png
1836,France,20,Female,89897,gs://imagen4-faces-imagen-demo-460715/1836.png
1837,France,30,Male,13210,gs://imagen4-faces-imagen-demo-460715/1837.png
1838,France,30,Male,48706,gs://imagen4-faces-imagen-demo-460715/1838.png
1839,France,30,Male,40181,gs://imagen4-faces-imagen-demo-460715/1839.png
1840,France,30,Male,82518,gs://imagen4-faces-imagen-demo-460715/1840.png
1841,France,30,Male,67715,gs://imagen4-faces-imagen-demo-460715/1841.png
1842,France,30,Male,53657,gs://imagen4-faces-imagen-demo-460715/1842.png
1843,France,30,Female,97423,gs://imagen4-faces-imagen-demo-460715/1843.png
1844,France,30,Female,63429,gs://imagen4-faces-imagen-demo-460715/1844.png
1845,France,30,Female,93666,gs://imagen4-faces-imagen-demo-460715/1845.png
1846,France,30,Female,89412,gs://imagen4-faces-imagen-demo-460715/1846.png
1847,France,30,Female,86576,gs://imagen4-faces-imagen-demo-460715/1847.png
1848,France,30,Female,46810,gs://imagen4-faces-imagen-demo-460715/1848.png
1849,French Guiana,20,Male,51658,gs://imagen4-faces-imagen-demo-460715/1849.png
1850,French Guiana,20,Male,83534,gs://imagen4-faces-imagen-demo-460715/1850.png
1851,French Guiana,20,Male,36552,gs://imagen4-faces-imagen-demo-460715/1851.png
1852,French Guiana,20,Male,91916,gs://imagen4-faces-imagen-demo-460715/1852.png
1853,French Guiana,20,Male,28386,gs://imagen4-faces-imagen-demo-460715/1853.png
1854,French Guiana,20,Male,26204,gs://imagen4-faces-imagen-demo-460715/1854.png
1855,French Guiana,20,Female,77413,gs://imagen4-faces-imagen-demo-460715/1855.png
1856,French Guiana,20,Female,86528,gs://imagen4-faces-imagen-demo-460715/1856.png
1857,French Guiana,20,Female,11769,gs://imagen4-faces-imagen-demo-460715/1857.png
1858,French Guiana,20,Female,74583,gs://imagen4-faces-imagen-demo-460715/1858.png
1859,French Guiana,20,Female,64034,gs://imagen4-faces-imagen-demo-460715/1859.png
1860,French Guiana,20,Female,30610,gs://imagen4-faces-imagen-demo-460715/1860.png
1861,French Guiana,30,Male,32053,gs://imagen4-faces-imagen-demo-460715/1861.png
1862,French Guiana,30,Male,94782,gs://imagen4-faces-imagen-demo-460715/1862.png
1863,French Guiana,30,Male,16401,gs://imagen4-faces-imagen-demo-460715/1863.png
1864,French Guiana,30,Male,87769,gs://imagen4-faces-imagen-demo-460715/1864.png
1865,French Guiana,30,Male,60802,gs://imagen4-faces-imagen-demo-460715/1865.png
1866,French Guiana,30,Male,58689,gs://imagen4-faces-imagen-demo-460715/1866.png
1867,French Guiana,30,Female,45025,gs://imagen4-faces-imagen-demo-460715/1867.png
1868,French Guiana,30,Female,10872,gs://imagen4-faces-imagen-demo-460715/1868.png
1869,French Guiana,30,Female,79490,gs://imagen4-faces-imagen-demo-460715/1869.png
1870,French Guiana,30,Female,52177,gs://imagen4-faces-imagen-demo-460715/1870.png
1871,French Guiana,30,Female,69806,gs://imagen4-faces-imagen-demo-460715/1871.png
1872,French Guiana,30,Female,88995,gs://imagen4-faces-imagen-demo-460715/1872.png
1873,French Polynesia,20,Male,21849,gs://imagen4-faces-imagen-demo-460715/1873.png
1874,French Polynesia,20,Male,36219,gs://imagen4-faces-imagen-demo-460715/1874.png
1875,French Polynesia,20,Male,98704,gs://imagen4-faces-imagen-demo-460715/1875.png
1876,French Polynesia,20,Male,44585,gs://imagen4-faces-imagen-demo-460715/1876.png
1877,French Polynesia,20,Male,15173,gs://imagen4-faces-imagen-demo-460715/1877.png
1878,French Polynesia,20,Male,40221,gs://imagen4-faces-imagen-demo-460715/1878.png
1879,French Polynesia,20,Female,12843,gs://imagen4-faces-imagen-demo-460715/1879.png
1880,French Polynesia,20,Female,36322,gs://imagen4-faces-imagen-demo-460715/1880.png
1881,French Polynesia,20,Female,75709,gs://imagen4-faces-imagen-demo-460715/1881.png
1882,French Polynesia,20,Female,63142,gs://imagen4-faces-imagen-demo-460715/1882.png
1883,French Polynesia,20,Female,64576,gs://imagen4-faces-imagen-demo-460715/1883.png
1884,French Polynesia,20,Female,97165,gs://imagen4-faces-imagen-demo-460715/1884.png
1885,French Polynesia,30,Male,74873,gs://imagen4-faces-imagen-demo-460715/1885.png
1886,French Polynesia,30,Male,16974,gs://imagen4-faces-imagen-demo-460715/1886.png
1887,French Polynesia,30,Male,46990,gs://imagen4-faces-imagen-demo-460715/1887.png
1888,French Polynesia,30,Male,75816,gs://imagen4-faces-imagen-demo-460715/1888.png
1889,French Polynesia,30,Male,68028,gs://imagen4-faces-imagen-demo-460715/1889.png
1890,French Polynesia,30,Male,25513,gs://imagen4-faces-imagen-demo-460715/1890.png
1891,French Polynesia,30,Female,68698,gs://imagen4-faces-imagen-demo-460715/1891.png
1892,French Polynesia,30,Female,92830,gs://imagen4-faces-imagen-demo-460715/1892.png
1893,French Polynesia,30,Female,29216,gs://imagen4-faces-imagen-demo-460715/1893.png
1894,French Polynesia,30,Female,85803,gs://imagen4-faces-imagen-demo-460715/1894.png
1895,French Polynesia,30,Female,87077,gs://imagen4-faces-imagen-demo-460715/1895.png
1896,French Polynesia,30,Female,44439,gs://imagen4-faces-imagen-demo-460715/1896.png
1897,French Southern Territories,20,Male,18795,gs://imagen4-faces-imagen-demo-460715/1897.png
1898,French Southern Territories,20,Male,36674,gs://imagen4-faces-imagen-demo-460715/1898.png
1899,French Southern Territories,20,Male,54921,gs://imagen4-faces-imagen-demo-460715/1899.png
1900,French Southern Territories,20,Male,48091,gs://imagen4-faces-imagen-demo-460715/1900.png
1901,French Southern Territories,20,Male,39435,gs://imagen4-faces-imagen-demo-460715/1901.png
1902,French Southern Territories,20,Male,34705,gs://imagen4-faces-imagen-demo-460715/1902.png
1903,French Southern Territories,20,Female,56478,gs://imagen4-faces-imagen-demo-460715/1903.png
1904,French Southern Territories,20,Female,16313,gs://imagen4-faces-imagen-demo-460715/1904.png
1905,French Southern Territories,20,Female,75651,gs://imagen4-faces-imagen-demo-460715/1905.png
1906,French Southern Territories,20,Female,25129,gs://imagen4-faces-imagen-demo-460715/1906.png
1907,French Southern Territories,20,Female,68149,gs://imagen4-faces-imagen-demo-460715/1907.png
1908,French Southern Territories,20,Female,42567,gs://imagen4-faces-imagen-demo-460715/1908.png
1909,French Southern Territories,30,Male,53639,gs://imagen4-faces-imagen-demo-460715/1909.png
1910,French Southern Territories,30,Male,97313,gs://imagen4-faces-imagen-demo-460715/1910.png
1911,French Southern Territories,30,Male,50751,gs://imagen4-faces-imagen-demo-460715/1911.png
1912,French Southern Territories,30,Male,87968,gs://imagen4-faces-imagen-demo-460715/1912.png
1913,French Southern Territories,30,Male,61123,gs://imagen4-faces-imagen-demo-460715/1913.png
1914,French Southern Territories,30,Male,53331,gs://imagen4-faces-imagen-demo-460715/1914.png
1915,French Southern Territories,30,Female,92339,gs://imagen4-faces-imagen-demo-460715/1915.png
1916,French Southern Territories,30,Female,51970,gs://imagen4-faces-imagen-demo-460715/1916.png
1917,French Southern Territories,30,Female,70113,gs://imagen4-faces-imagen-demo-460715/1917.png
1918,French Southern Territories,30,Female,25519,gs://imagen4-faces-imagen-demo-460715/1918.png
1919,French Southern Territories,30,Female,33181,gs://imagen4-faces-imagen-demo-460715/1919.png
1920,French Southern Territories,30,Female,65220,gs://imagen4-faces-imagen-demo-460715/1920.png
1921,Gabon,20,Male,57849,gs://imagen4-faces-imagen-demo-460715/1921.png
1922,Gabon,20,Male,25178,gs://imagen4-faces-imagen-demo-460715/1922.png
1923,Gabon,20,Male,35463,gs://imagen4-faces-imagen-demo-460715/1923.png
1924,Gabon,20,Male,85967,gs://imagen4-faces-imagen-demo-460715/1924.png
1925,Gabon,20,Male,39166,gs://imagen4-faces-imagen-demo-460715/1925.png
1926,Gabon,20,Male,89938,gs://imagen4-faces-imagen-demo-460715/1926.png
1927,Gabon,20,Female,36111,gs://imagen4-faces-imagen-demo-460715/1927.png
1928,Gabon,20,Female,46097,gs://imagen4-faces-imagen-demo-460715/1928.png
1929,Gabon,20,Female,49743,gs://imagen4-faces-imagen-demo-460715/1929.png
1930,Gabon,20,Female,48736,gs://imagen4-faces-imagen-demo-460715/1930.png
1931,Gabon,20,Female,93916,gs://imagen4-faces-imagen-demo-460715/1931.png
1932,Gabon,20,Female,47936,gs://imagen4-faces-imagen-demo-460715/1932.png
1933,Gabon,30,Male,96200,gs://imagen4-faces-imagen-demo-460715/1933.png
1934,Gabon,30,Male,29836,gs://imagen4-faces-imagen-demo-460715/1934.png
1935,Gabon,30,Male,10795,gs://imagen4-faces-imagen-demo-460715/1935.png
1936,Gabon,30,Male,97201,gs://imagen4-faces-imagen-demo-460715/1936.png
1937,Gabon,30,Male,43904,gs://imagen4-faces-imagen-demo-460715/1937.png
1938,Gabon,30,Male,66211,gs://imagen4-faces-imagen-demo-460715/1938.png
1939,Gabon,30,Female,51401,gs://imagen4-faces-imagen-demo-460715/1939.png
1940,Gabon,30,Female,23622,gs://imagen4-faces-imagen-demo-460715/1940.png
1941,Gabon,30,Female,29792,gs://imagen4-faces-imagen-demo-460715/1941.png
1942,Gabon,30,Female,53781,gs://imagen4-faces-imagen-demo-460715/1942.png
1943,Gabon,30,Female,67908,gs://imagen4-faces-imagen-demo-460715/1943.png
1944,Gabon,30,Female,14693,gs://imagen4-faces-imagen-demo-460715/1944.png
1945,Gambia,20,Male,18087,gs://imagen4-faces-imagen-demo-460715/1945.png
1946,Gambia,20,Male,41269,gs://imagen4-faces-imagen-demo-460715/1946.png
1947,Gambia,20,Male,77431,gs://imagen4-faces-imagen-demo-460715/1947.png
1948,Gambia,20,Male,62206,gs://imagen4-faces-imagen-demo-460715/1948.png
1949,Gambia,20,Male,46654,gs://imagen4-faces-imagen-demo-460715/1949.png
1950,Gambia,20,Male,49042,gs://imagen4-faces-imagen-demo-460715/1950.png
1951,Gambia,20,Female,42410,gs://imagen4-faces-imagen-demo-460715/1951.png
1952,Gambia,20,Female,79774,gs://imagen4-faces-imagen-demo-460715/1952.png
1953,Gambia,20,Female,59831,gs://imagen4-faces-imagen-demo-460715/1953.png
1954,Gambia,20,Female,90045,gs://imagen4-faces-imagen-demo-460715/1954.png
1955,Gambia,20,Female,13077,gs://imagen4-faces-imagen-demo-460715/1955.png
1956,Gambia,20,Female,92220,gs://imagen4-faces-imagen-demo-460715/1956.png
1957,Gambia,30,Male,16796,gs://imagen4-faces-imagen-demo-460715/1957.png
1958,Gambia,30,Male,10123,gs://imagen4-faces-imagen-demo-460715/1958.png
1959,Gambia,30,Male,60320,gs://imagen4-faces-imagen-demo-460715/1959.png
1960,Gambia,30,Male,70904,gs://imagen4-faces-imagen-demo-460715/1960.png
1961,Gambia,30,Male,76666,gs://imagen4-faces-imagen-demo-460715/1961.png
1962,Gambia,30,Male,11767,gs://imagen4-faces-imagen-demo-460715/1962.png
1963,Gambia,30,Female,65338,gs://imagen4-faces-imagen-demo-460715/1963.png
1964,Gambia,30,Female,47363,gs://imagen4-faces-imagen-demo-460715/1964.png
1965,Gambia,30,Female,35317,gs://imagen4-faces-imagen-demo-460715/1965.png
1966,Gambia,30,Female,17034,gs://imagen4-faces-imagen-demo-460715/1966.png
1967,Gambia,30,Female,54464,gs://imagen4-faces-imagen-demo-460715/1967.png
1968,Gambia,30,Female,40561,gs://imagen4-faces-imagen-demo-460715/1968.png
1969,Georgia,20,Male,97585,gs://imagen4-faces-imagen-demo-460715/1969.png
1970,Georgia,20,Male,73368,gs://imagen4-faces-imagen-demo-460715/1970.png
1971,Georgia,20,Male,13109,gs://imagen4-faces-imagen-demo-460715/1971.png
1972,Georgia,20,Male,25353,gs://imagen4-faces-imagen-demo-460715/1972.png
1973,Georgia,20,Male,57275,gs://imagen4-faces-imagen-demo-460715/1973.png
1974,Georgia,20,Male,53006,gs://imagen4-faces-imagen-demo-460715/1974.png
1975,Georgia,20,Female,93669,gs://imagen4-faces-imagen-demo-460715/1975.png
1976,Georgia,20,Female,37920,gs://imagen4-faces-imagen-demo-460715/1976.png
1977,Georgia,20,Female,39226,gs://imagen4-faces-imagen-demo-460715/1977.png
1978,Georgia,20,Female,66368,gs://imagen4-faces-imagen-demo-460715/1978.png
1979,Georgia,20,Female,94594,gs://imagen4-faces-imagen-demo-460715/1979.png
1980,Georgia,20,Female,75595,gs://imagen4-faces-imagen-demo-460715/1980.png
1981,Georgia,30,Male,48624,gs://imagen4-faces-imagen-demo-460715/1981.png
1982,Georgia,30,Male,59011,gs://imagen4-faces-imagen-demo-460715/1982.png
1983,Georgia,30,Male,26163,gs://imagen4-faces-imagen-demo-460715/1983.png
1984,Georgia,30,Male,48562,gs://imagen4-faces-imagen-demo-460715/1984.png
1985,Georgia,30,Male,70957,gs://imagen4-faces-imagen-demo-460715/1985.png
1986,Georgia,30,Male,62223,gs://imagen4-faces-imagen-demo-460715/1986.png
1987,Georgia,30,Female,96198,gs://imagen4-faces-imagen-demo-460715/1987.png
1988,Georgia,30,Female,34941,gs://imagen4-faces-imagen-demo-460715/1988.png
1989,Georgia,30,Female,51196,gs://imagen4-faces-imagen-demo-460715/1989.png
1990,Georgia,30,Female,55084,gs://imagen4-faces-imagen-demo-460715/1990.png
1991,Georgia,30,Female,33841,gs://imagen4-faces-imagen-demo-460715/1991.png
1992,Georgia,30,Female,57588,gs://imagen4-faces-imagen-demo-460715/1992.png
1993,Germany,20,Male,10345,gs://imagen4-faces-imagen-demo-460715/1993.png
1994,Germany,20,Male,30984,gs://imagen4-faces-imagen-demo-460715/1994.png
1995,Germany,20,Male,48360,gs://imagen4-faces-imagen-demo-460715/1995.png
1996,Germany,20,Male,14975,gs://imagen4-faces-imagen-demo-460715/1996.png
1997,Germany,20,Male,15286,gs://imagen4-faces-imagen-demo-460715/1997.png
1998,Germany,20,Male,32580,gs://imagen4-faces-imagen-demo-460715/1998.png
1999,Germany,20,Female,50409,gs://imagen4-faces-imagen-demo-460715/1999.png
2000,Germany,20,Female,46476,gs://imagen4-faces-imagen-demo-460715/2000.png
2001,Germany,20,Female,88129,gs://imagen4-faces-imagen-demo-460715/2001.png
2002,Germany,20,Female,83309,gs://imagen4-faces-imagen-demo-460715/2002.png
2003,Germany,20,Female,53154,gs://imagen4-faces-imagen-demo-460715/2003.png
2004,Germany,20,Female,62145,gs://imagen4-faces-imagen-demo-460715/2004.png
2005,Germany,30,Male,41316,gs://imagen4-faces-imagen-demo-460715/2005.png
2006,Germany,30,Male,56197,gs://imagen4-faces-imagen-demo-460715/2006.png
2007,Germany,30,Male,29505,gs://imagen4-faces-imagen-demo-460715/2007.png
2008,Germany,30,Male,39884,gs://imagen4-faces-imagen-demo-460715/2008.png
2009,Germany,30,Male,65146,gs://imagen4-faces-imagen-demo-460715/2009.png
2010,Germany,30,Male,25306,gs://imagen4-faces-imagen-demo-460715/2010.png
2011,Germany,30,Female,36342,gs://imagen4-faces-imagen-demo-460715/2011.png
2012,Germany,30,Female,96219,gs://imagen4-faces-imagen-demo-460715/2012.png
2013,Germany,30,Female,30112,gs://imagen4-faces-imagen-demo-460715/2013.png
2014,Germany,30,Female,45520,gs://imagen4-faces-imagen-demo-460715/2014.png
2015,Germany,30,Female,46248,gs://imagen4-faces-imagen-demo-460715/2015.png
2016,Germany,30,Female,12345,gs://imagen4-faces-imagen-demo-460715/2016.png
2017,Ghana,20,Male,94451,gs://imagen4-faces-imagen-demo-460715/2017.png
2018,Ghana,20,Male,56330,gs://imagen4-faces-imagen-demo-460715/2018.png
2019,Ghana,20,Male,28611,gs://imagen4-faces-imagen-demo-460715/2019.png
2020,Ghana,20,Male,98907,gs://imagen4-faces-imagen-demo-460715/2020.png
2021,Ghana,20,Male,75251,gs://imagen4-faces-imagen-demo-460715/2021.png
2022,Ghana,20,Male,61014,gs://imagen4-faces-imagen-demo-460715/2022.png
2023,Ghana,20,Female,85315,gs://imagen4-faces-imagen-demo-460715/2023.png
2024,Ghana,20,Female,99544,gs://imagen4-faces-imagen-demo-460715/2024.png
2025,Ghana,20,Female,75533,gs://imagen4-faces-imagen-demo-460715/2025.png
2026,Ghana,20,Female,96351,gs://imagen4-faces-imagen-demo-460715/2026.png
2027,Ghana,20,Female,67593,gs://imagen4-faces-imagen-demo-460715/2027.png
2028,Ghana,20,Female,16468,gs://imagen4-faces-imagen-demo-460715/2028.png
2029,Ghana,30,Male,80657,gs://imagen4-faces-imagen-demo-460715/2029.png
2030,Ghana,30,Male,31172,gs://imagen4-faces-imagen-demo-460715/2030.png
2031,Ghana,30,Male,36828,gs://imagen4-faces-imagen-demo-460715/2031.png
2032,Ghana,30,Male,39812,gs://imagen4-faces-imagen-demo-460715/2032.png
2033,Ghana,30,Male,81434,gs://imagen4-faces-imagen-demo-460715/2033.png
2034,Ghana,30,Male,58365,gs://imagen4-faces-imagen-demo-460715/2034.png
2035,Ghana,30,Female,24871,gs://imagen4-faces-imagen-demo-460715/2035.png
2036,Ghana,30,Female,33761,gs://imagen4-faces-imagen-demo-460715/2036.png
2037,Ghana,30,Female,94429,gs://imagen4-faces-imagen-demo-460715/2037.png
2038,Ghana,30,Female,48657,gs://imagen4-faces-imagen-demo-460715/2038.png
2039,Ghana,30,Female,60686,gs://imagen4-faces-imagen-demo-460715/2039.png
2040,Ghana,30,Female,72232,gs://imagen4-faces-imagen-demo-460715/2040.png
2041,Gibraltar,20,Male,72819,gs://imagen4-faces-imagen-demo-460715/2041.png
2042,Gibraltar,20,Male,34278,gs://imagen4-faces-imagen-demo-460715/2042.png
2043,Gibraltar,20,Male,62292,gs://imagen4-faces-imagen-demo-460715/2043.png
2044,Gibraltar,20,Male,68318,gs://imagen4-faces-imagen-demo-460715/2044.png
2045,Gibraltar,20,Male,84536,gs://imagen4-faces-imagen-demo-460715/2045.png
2046,Gibraltar,20,Male,64847,gs://imagen4-faces-imagen-demo-460715/2046.png
2047,Gibraltar,20,Female,95305,gs://imagen4-faces-imagen-demo-460715/2047.png
2048,Gibraltar,20,Female,44390,gs://imagen4-faces-imagen-demo-460715/2048.png
2049,Gibraltar,20,Female,65233,gs://imagen4-faces-imagen-demo-460715/2049.png
2050,Gibraltar,20,Female,30059,gs://imagen4-faces-imagen-demo-460715/2050.png
2051,Gibraltar,20,Female,88373,gs://imagen4-faces-imagen-demo-460715/2051.png
2052,Gibraltar,20,Female,53367,gs://imagen4-faces-imagen-demo-460715/2052.png
2053,Gibraltar,30,Male,61560,gs://imagen4-faces-imagen-demo-460715/2053.png
2054,Gibraltar,30,Male,29265,gs://imagen4-faces-imagen-demo-460715/2054.png
2055,Gibraltar,30,Male,94034,gs://imagen4-faces-imagen-demo-460715/2055.png
2056,Gibraltar,30,Male,58408,gs://imagen4-faces-imagen-demo-460715/2056.png
2057,Gibraltar,30,Male,21192,gs://imagen4-faces-imagen-demo-460715/2057.png
2058,Gibraltar,30,Male,37258,gs://imagen4-faces-imagen-demo-460715/2058.png
2059,Gibraltar,30,Female,77666,gs://imagen4-faces-imagen-demo-460715/2059.png
2060,Gibraltar,30,Female,76451,gs://imagen4-faces-imagen-demo-460715/2060.png
2061,Gibraltar,30,Female,57406,gs://imagen4-faces-imagen-demo-460715/2061.png
2062,Gibraltar,30,Female,46836,gs://imagen4-faces-imagen-demo-460715/2062.png
2063,Gibraltar,30,Female,51183,gs://imagen4-faces-imagen-demo-460715/2063.png
2064,Gibraltar,30,Female,61651,gs://imagen4-faces-imagen-demo-460715/2064.png
2065,Greece,20,Male,60187,gs://imagen4-faces-imagen-demo-460715/2065.png
2066,Greece,20,Male,12794,gs://imagen4-faces-imagen-demo-460715/2066.png
2067,Greece,20,Male,78768,gs://imagen4-faces-imagen-demo-460715/2067.png
2068,Greece,20,Male,76255,gs://imagen4-faces-imagen-demo-460715/2068.png
2069,Greece,20,Male,16963,gs://imagen4-faces-imagen-demo-460715/2069.png
2070,Greece,20,Male,42742,gs://imagen4-faces-imagen-demo-460715/2070.png
2071,Greece,20,Female,84352,gs://imagen4-faces-imagen-demo-460715/2071.png
2072,Greece,20,Female,76088,gs://imagen4-faces-imagen-demo-460715/2072.png
2073,Greece,20,Female,42410,gs://imagen4-faces-imagen-demo-460715/2073.png
2074,Greece,20,Female,46242,gs://imagen4-faces-imagen-demo-460715/2074.png
2075,Greece,20,Female,59784,gs://imagen4-faces-imagen-demo-460715/2075.png
2076,Greece,20,Female,71903,gs://imagen4-faces-imagen-demo-460715/2076.png
2077,Greece,30,Male,80633,gs://imagen4-faces-imagen-demo-460715/2077.png
2078,Greece,30,Male,11867,gs://imagen4-faces-imagen-demo-460715/2078.png
2079,Greece,30,Male,89534,gs://imagen4-faces-imagen-demo-460715/2079.png
2080,Greece,30,Male,94114,gs://imagen4-faces-imagen-demo-460715/2080.png
2081,Greece,30,Male,83481,gs://imagen4-faces-imagen-demo-460715/2081.png
2082,Greece,30,Male,68610,gs://imagen4-faces-imagen-demo-460715/2082.png
2083,Greece,30,Female,78186,gs://imagen4-faces-imagen-demo-460715/2083.png
2084,Greece,30,Female,32344,gs://imagen4-faces-imagen-demo-460715/2084.png
2085,Greece,30,Female,33410,gs://imagen4-faces-imagen-demo-460715/2085.png
2086,Greece,30,Female,30818,gs://imagen4-faces-imagen-demo-460715/2086.png
2087,Greece,30,Female,71133,gs://imagen4-faces-imagen-demo-460715/2087.png
2088,Greece,30,Female,71971,gs://imagen4-faces-imagen-demo-460715/2088.png
2089,Greenland,20,Male,18358,gs://imagen4-faces-imagen-demo-460715/2089.png
2090,Greenland,20,Male,39041,gs://imagen4-faces-imagen-demo-460715/2090.png
2091,Greenland,20,Male,43093,gs://imagen4-faces-imagen-demo-460715/2091.png
2092,Greenland,20,Male,12717,gs://imagen4-faces-imagen-demo-460715/2092.png
2093,Greenland,20,Male,58582,gs://imagen4-faces-imagen-demo-460715/2093.png
2094,Greenland,20,Male,27090,gs://imagen4-faces-imagen-demo-460715/2094.png
2095,Greenland,20,Female,71421,gs://imagen4-faces-imagen-demo-460715/2095.png
2096,Greenland,20,Female,83702,gs://imagen4-faces-imagen-demo-460715/2096.png
2097,Greenland,20,Female,80556,gs://imagen4-faces-imagen-demo-460715/2097.png
2098,Greenland,20,Female,52403,gs://imagen4-faces-imagen-demo-460715/2098.png
2099,Greenland,20,Female,14491,gs://imagen4-faces-imagen-demo-460715/2099.png
2100,Greenland,20,Female,20461,gs://imagen4-faces-imagen-demo-460715/2100.png
2101,Greenland,30,Male,57855,gs://imagen4-faces-imagen-demo-460715/2101.png
2102,Greenland,30,Male,23880,gs://imagen4-faces-imagen-demo-460715/2102.png
2103,Greenland,30,Male,45238,gs://imagen4-faces-imagen-demo-460715/2103.png
2104,Greenland,30,Male,25019,gs://imagen4-faces-imagen-demo-460715/2104.png
2105,Greenland,30,Male,91962,gs://imagen4-faces-imagen-demo-460715/2105.png
2106,Greenland,30,Male,54335,gs://imagen4-faces-imagen-demo-460715/2106.png
2107,Greenland,30,Female,44131,gs://imagen4-faces-imagen-demo-460715/2107.png
2108,Greenland,30,Female,24187,gs://imagen4-faces-imagen-demo-460715/2108.png
2109,Greenland,30,Female,64708,gs://imagen4-faces-imagen-demo-460715/2109.png
2110,Greenland,30,Female,91358,gs://imagen4-faces-imagen-demo-460715/2110.png
2111,Greenland,30,Female,87290,gs://imagen4-faces-imagen-demo-460715/2111.png
2112,Greenland,30,Female,16123,gs://imagen4-faces-imagen-demo-460715/2112.png
2113,Grenada,20,Male,42949,gs://imagen4-faces-imagen-demo-460715/2113.png
2114,Grenada,20,Male,34164,gs://imagen4-faces-imagen-demo-460715/2114.png
2115,Grenada,20,Male,73649,gs://imagen4-faces-imagen-demo-460715/2115.png
2116,Grenada,20,Male,44540,gs://imagen4-faces-imagen-demo-460715/2116.png
2117,Grenada,20,Male,42456,gs://imagen4-faces-imagen-demo-460715/2117.png
2118,Grenada,20,Male,28976,gs://imagen4-faces-imagen-demo-460715/2118.png
2119,Grenada,20,Female,82049,gs://imagen4-faces-imagen-demo-460715/2119.png
2120,Grenada,20,Female,50671,gs://imagen4-faces-imagen-demo-460715/2120.png
2121,Grenada,20,Female,99723,gs://imagen4-faces-imagen-demo-460715/2121.png
2122,Grenada,20,Female,45596,gs://imagen4-faces-imagen-demo-460715/2122.png
2123,Grenada,20,Female,19128,gs://imagen4-faces-imagen-demo-460715/2123.png
2124,Grenada,20,Female,14516,gs://imagen4-faces-imagen-demo-460715/2124.png
2125,Grenada,30,Male,72998,gs://imagen4-faces-imagen-demo-460715/2125.png
2126,Grenada,30,Male,88959,gs://imagen4-faces-imagen-demo-460715/2126.png
2127,Grenada,30,Male,46620,gs://imagen4-faces-imagen-demo-460715/2127.png
2128,Grenada,30,Male,63415,gs://imagen4-faces-imagen-demo-460715/2128.png
2129,Grenada,30,Male,81112,gs://imagen4-faces-imagen-demo-460715/2129.png
2130,Grenada,30,Male,20225,gs://imagen4-faces-imagen-demo-460715/2130.png
2131,Grenada,30,Female,13464,gs://imagen4-faces-imagen-demo-460715/2131.png
2132,Grenada,30,Female,50860,gs://imagen4-faces-imagen-demo-460715/2132.png
2133,Grenada,30,Female,97304,gs://imagen4-faces-imagen-demo-460715/2133.png
2134,Grenada,30,Female,38325,gs://imagen4-faces-imagen-demo-460715/2134.png
2135,Grenada,30,Female,63771,gs://imagen4-faces-imagen-demo-460715/2135.png
2136,Grenada,30,Female,71500,gs://imagen4-faces-imagen-demo-460715/2136.png
2137,Guadeloupe,20,Male,29376,gs://imagen4-faces-imagen-demo-460715/2137.png
2138,Guadeloupe,20,Male,65331,gs://imagen4-faces-imagen-demo-460715/2138.png
2139,Guadeloupe,20,Male,74579,gs://imagen4-faces-imagen-demo-460715/2139.png
2140,Guadeloupe,20,Male,67263,gs://imagen4-faces-imagen-demo-460715/2140.png
2141,Guadeloupe,20,Male,98356,gs://imagen4-faces-imagen-demo-460715/2141.png
2142,Guadeloupe,20,Male,54118,gs://imagen4-faces-imagen-demo-460715/2142.png
2143,Guadeloupe,20,Female,11260,gs://imagen4-faces-imagen-demo-460715/2143.png
2144,Guadeloupe,20,Female,21545,gs://imagen4-faces-imagen-demo-460715/2144.png
2145,Guadeloupe,20,Female,30836,gs://imagen4-faces-imagen-demo-460715/2145.png
2146,Guadeloupe,20,Female,67261,gs://imagen4-faces-imagen-demo-460715/2146.png
2147,Guadeloupe,20,Female,74003,gs://imagen4-faces-imagen-demo-460715/2147.png
2148,Guadeloupe,20,Female,70635,gs://imagen4-faces-imagen-demo-460715/2148.png
2149,Guadeloupe,30,Male,40809,gs://imagen4-faces-imagen-demo-460715/2149.png
2150,Guadeloupe,30,Male,76621,gs://imagen4-faces-imagen-demo-460715/2150.png
2151,Guadeloupe,30,Male,73464,gs://imagen4-faces-imagen-demo-460715/2151.png
2152,Guadeloupe,30,Male,57222,gs://imagen4-faces-imagen-demo-460715/2152.png
2153,Guadeloupe,30,Male,30150,gs://imagen4-faces-imagen-demo-460715/2153.png
2154,Guadeloupe,30,Male,47272,gs://imagen4-faces-imagen-demo-460715/2154.png
2155,Guadeloupe,30,Female,67924,gs://imagen4-faces-imagen-demo-460715/2155.png
2156,Guadeloupe,30,Female,33642,gs://imagen4-faces-imagen-demo-460715/2156.png
2157,Guadeloupe,30,Female,84332,gs://imagen4-faces-imagen-demo-460715/2157.png
2158,Guadeloupe,30,Female,97487,gs://imagen4-faces-imagen-demo-460715/2158.png
2159,Guadeloupe,30,Female,84771,gs://imagen4-faces-imagen-demo-460715/2159.png
2160,Guadeloupe,30,Female,71509,gs://imagen4-faces-imagen-demo-460715/2160.png
2161,Guam,20,Male,88992,gs://imagen4-faces-imagen-demo-460715/2161.png
2162,Guam,20,Male,17256,gs://imagen4-faces-imagen-demo-460715/2162.png
2163,Guam,20,Male,69569,gs://imagen4-faces-imagen-demo-460715/2163.png
2164,Guam,20,Male,94294,gs://imagen4-faces-imagen-demo-460715/2164.png
2165,Guam,20,Male,14833,gs://imagen4-faces-imagen-demo-460715/2165.png
2166,Guam,20,Male,60356,gs://imagen4-faces-imagen-demo-460715/2166.png
2167,Guam,20,Female,53641,gs://imagen4-faces-imagen-demo-460715/2167.png
2168,Guam,20,Female,41545,gs://imagen4-faces-imagen-demo-460715/2168.png
2169,Guam,20,Female,55362,gs://imagen4-faces-imagen-demo-460715/2169.png
2170,Guam,20,Female,90490,gs://imagen4-faces-imagen-demo-460715/2170.png
2171,Guam,20,Female,61969,gs://imagen4-faces-imagen-demo-460715/2171.png
2172,Guam,20,Female,19151,gs://imagen4-faces-imagen-demo-460715/2172.png
2173,Guam,30,Male,49104,gs://imagen4-faces-imagen-demo-460715/2173.png
2174,Guam,30,Male,49258,gs://imagen4-faces-imagen-demo-460715/2174.png
2175,Guam,30,Male,72902,gs://imagen4-faces-imagen-demo-460715/2175.png
2176,Guam,30,Male,32003,gs://imagen4-faces-imagen-demo-460715/2176.png
2177,Guam,30,Male,95360,gs://imagen4-faces-imagen-demo-460715/2177.png
2178,Guam,30,Male,21697,gs://imagen4-faces-imagen-demo-460715/2178.png
2179,Guam,30,Female,56247,gs://imagen4-faces-imagen-demo-460715/2179.png
2180,Guam,30,Female,23317,gs://imagen4-faces-imagen-demo-460715/2180.png
2181,Guam,30,Female,68569,gs://imagen4-faces-imagen-demo-460715/2181.png
2182,Guam,30,Female,94499,gs://imagen4-faces-imagen-demo-460715/2182.png
2183,Guam,30,Female,12265,gs://imagen4-faces-imagen-demo-460715/2183.png
2184,Guam,30,Female,76586,gs://imagen4-faces-imagen-demo-460715/2184.png
2185,Guatemala,20,Male,16888,gs://imagen4-faces-imagen-demo-460715/2185.png
2186,Guatemala,20,Male,82408,gs://imagen4-faces-imagen-demo-460715/2186.png
2187,Guatemala,20,Male,96319,gs://imagen4-faces-imagen-demo-460715/2187.png
2188,Guatemala,20,Male,77899,gs://imagen4-faces-imagen-demo-460715/2188.png
2189,Guatemala,20,Male,26963,gs://imagen4-faces-imagen-demo-460715/2189.png
2190,Guatemala,20,Male,32208,gs://imagen4-faces-imagen-demo-460715/2190.png
2191,Guatemala,20,Female,96294,gs://imagen4-faces-imagen-demo-460715/2191.png
2192,Guatemala,20,Female,58252,gs://imagen4-faces-imagen-demo-460715/2192.png
2193,Guatemala,20,Female,63854,gs://imagen4-faces-imagen-demo-460715/2193.png
2194,Guatemala,20,Female,80804,gs://imagen4-faces-imagen-demo-460715/2194.png
2195,Guatemala,20,Female,63378,gs://imagen4-faces-imagen-demo-460715/2195.png
2196,Guatemala,20,Female,66756,gs://imagen4-faces-imagen-demo-460715/2196.png
2197,Guatemala,30,Male,56038,gs://imagen4-faces-imagen-demo-460715/2197.png
2198,Guatemala,30,Male,87580,gs://imagen4-faces-imagen-demo-460715/2198.png
2199,Guatemala,30,Male,97492,gs://imagen4-faces-imagen-demo-460715/2199.png
2200,Guatemala,30,Male,76305,gs://imagen4-faces-imagen-demo-460715/2200.png
2201,Guatemala,30,Male,30036,gs://imagen4-faces-imagen-demo-460715/2201.png
2202,Guatemala,30,Male,60317,gs://imagen4-faces-imagen-demo-460715/2202.png
2203,Guatemala,30,Female,65975,gs://imagen4-faces-imagen-demo-460715/2203.png
2204,Guatemala,30,Female,24742,gs://imagen4-faces-imagen-demo-460715/2204.png
2205,Guatemala,30,Female,61261,gs://imagen4-faces-imagen-demo-460715/2205.png
2206,Guatemala,30,Female,11075,gs://imagen4-faces-imagen-demo-460715/2206.png
2207,Guatemala,30,Female,27684,gs://imagen4-faces-imagen-demo-460715/2207.png
2208,Guatemala,30,Female,88429,gs://imagen4-faces-imagen-demo-460715/2208.png
2209,Guernsey,20,Male,38873,gs://imagen4-faces-imagen-demo-460715/2209.png
2210,Guernsey,20,Male,52046,gs://imagen4-faces-imagen-demo-460715/2210.png
2211,Guernsey,20,Male,64166,gs://imagen4-faces-imagen-demo-460715/2211.png
2212,Guernsey,20,Male,13095,gs://imagen4-faces-imagen-demo-460715/2212.png
2213,Guernsey,20,Male,81070,gs://imagen4-faces-imagen-demo-460715/2213.png
2214,Guernsey,20,Male,89495,gs://imagen4-faces-imagen-demo-460715/2214.png
2215,Guernsey,20,Female,42497,gs://imagen4-faces-imagen-demo-460715/2215.png
2216,Guernsey,20,Female,19279,gs://imagen4-faces-imagen-demo-460715/2216.png
2217,Guernsey,20,Female,45093,gs://imagen4-faces-imagen-demo-460715/2217.png
2218,Guernsey,20,Female,95474,gs://imagen4-faces-imagen-demo-460715/2218.png
2219,Guernsey,20,Female,81618,gs://imagen4-faces-imagen-demo-460715/2219.png
2220,Guernsey,20,Female,21068,gs://imagen4-faces-imagen-demo-460715/2220.png
2221,Guernsey,30,Male,83208,gs://imagen4-faces-imagen-demo-460715/2221.png
2222,Guernsey,30,Male,90517,gs://imagen4-faces-imagen-demo-460715/2222.png
2223,Guernsey,30,Male,80219,gs://imagen4-faces-imagen-demo-460715/2223.png
2224,Guernsey,30,Male,91329,gs://imagen4-faces-imagen-demo-460715/2224.png
2225,Guernsey,30,Male,45619,gs://imagen4-faces-imagen-demo-460715/2225.png
2226,Guernsey,30,Male,87563,gs://imagen4-faces-imagen-demo-460715/2226.png
2227,Guernsey,30,Female,15955,gs://imagen4-faces-imagen-demo-460715/2227.png
2228,Guernsey,30,Female,97313,gs://imagen4-faces-imagen-demo-460715/2228.png
2229,Guernsey,30,Female,46437,gs://imagen4-faces-imagen-demo-460715/2229.png
2230,Guernsey,30,Female,37331,gs://imagen4-faces-imagen-demo-460715/2230.png
2231,Guernsey,30,Female,52092,gs://imagen4-faces-imagen-demo-460715/2231.png
2232,Guernsey,30,Female,69718,gs://imagen4-faces-imagen-demo-460715/2232.png
2233,Guinea,20,Male,93956,gs://imagen4-faces-imagen-demo-460715/2233.png
2234,Guinea,20,Male,77699,gs://imagen4-faces-imagen-demo-460715/2234.png
2235,Guinea,20,Male,16904,gs://imagen4-faces-imagen-demo-460715/2235.png
2236,Guinea,20,Male,82770,gs://imagen4-faces-imagen-demo-460715/2236.png
2237,Guinea,20,Male,10199,gs://imagen4-faces-imagen-demo-460715/2237.png
2238,Guinea,20,Male,31684,gs://imagen4-faces-imagen-demo-460715/2238.png
2239,Guinea,20,Female,49392,gs://imagen4-faces-imagen-demo-460715/2239.png
2240,Guinea,20,Female,46493,gs://imagen4-faces-imagen-demo-460715/2240.png
2241,Guinea,20,Female,18143,gs://imagen4-faces-imagen-demo-460715/2241.png
2242,Guinea,20,Female,26731,gs://imagen4-faces-imagen-demo-460715/2242.png
2243,Guinea,20,Female,19583,gs://imagen4-faces-imagen-demo-460715/2243.png
2244,Guinea,20,Female,18623,gs://imagen4-faces-imagen-demo-460715/2244.png
2245,Guinea,30,Male,89360,gs://imagen4-faces-imagen-demo-460715/2245.png
2246,Guinea,30,Male,47399,gs://imagen4-faces-imagen-demo-460715/2246.png
2247,Guinea,30,Male,85398,gs://imagen4-faces-imagen-demo-460715/2247.png
2248,Guinea,30,Male,33346,gs://imagen4-faces-imagen-demo-460715/2248.png
2249,Guinea,30,Male,51595,gs://imagen4-faces-imagen-demo-460715/2249.png
2250,Guinea,30,Male,16565,gs://imagen4-faces-imagen-demo-460715/2250.png
2251,Guinea,30,Female,10156,gs://imagen4-faces-imagen-demo-460715/2251.png
2252,Guinea,30,Female,10194,gs://imagen4-faces-imagen-demo-460715/2252.png
2253,Guinea,30,Female,85325,gs://imagen4-faces-imagen-demo-460715/2253.png
2254,Guinea,30,Female,28042,gs://imagen4-faces-imagen-demo-460715/2254.png
2255,Guinea,30,Female,83288,gs://imagen4-faces-imagen-demo-460715/2255.png
2256,Guinea,30,Female,98170,gs://imagen4-faces-imagen-demo-460715/2256.png
2257,Guinea-Bissau,20,Male,89991,gs://imagen4-faces-imagen-demo-460715/2257.png
2258,Guinea-Bissau,20,Male,16033,gs://imagen4-faces-imagen-demo-460715/2258.png
2259,Guinea-Bissau,20,Male,83243,gs://imagen4-faces-imagen-demo-460715/2259.png
2260,Guinea-Bissau,20,Male,37491,gs://imagen4-faces-imagen-demo-460715/2260.png
2261,Guinea-Bissau,20,Male,77950,gs://imagen4-faces-imagen-demo-460715/2261.png
2262,Guinea-Bissau,20,Male,92080,gs://imagen4-faces-imagen-demo-460715/2262.png
2263,Guinea-Bissau,20,Female,90048,gs://imagen4-faces-imagen-demo-460715/2263.png
2264,Guinea-Bissau,20,Female,44478,gs://imagen4-faces-imagen-demo-460715/2264.png
2265,Guinea-Bissau,20,Female,90419,gs://imagen4-faces-imagen-demo-460715/2265.png
2266,Guinea-Bissau,20,Female,82511,gs://imagen4-faces-imagen-demo-460715/2266.png
2267,Guinea-Bissau,20,Female,55934,gs://imagen4-faces-imagen-demo-460715/2267.png
2268,Guinea-Bissau,20,Female,78018,gs://imagen4-faces-imagen-demo-460715/2268.png
2269,Guinea-Bissau,30,Male,53292,gs://imagen4-faces-imagen-demo-460715/2269.png
2270,Guinea-Bissau,30,Male,62802,gs://imagen4-faces-imagen-demo-460715/2270.png
2271,Guinea-Bissau,30,Male,77858,gs://imagen4-faces-imagen-demo-460715/2271.png
2272,Guinea-Bissau,30,Male,46346,gs://imagen4-faces-imagen-demo-460715/2272.png
2273,Guinea-Bissau,30,Male,32612,gs://imagen4-faces-imagen-demo-460715/2273.png
2274,Guinea-Bissau,30,Male,58004,gs://imagen4-faces-imagen-demo-460715/2274.png
2275,Guinea-Bissau,30,Female,61026,gs://imagen4-faces-imagen-demo-460715/2275.png
2276,Guinea-Bissau,30,Female,59138,gs://imagen4-faces-imagen-demo-460715/2276.png
2277,Guinea-Bissau,30,Female,47807,gs://imagen4-faces-imagen-demo-460715/2277.png
2278,Guinea-Bissau,30,Female,51925,gs://imagen4-faces-imagen-demo-460715/2278.png
2279,Guinea-Bissau,30,Female,94581,gs://imagen4-faces-imagen-demo-460715/2279.png
2280,Guinea-Bissau,30,Female,77624,gs://imagen4-faces-imagen-demo-460715/2280.png
2281,Guyana,20,Male,74545,gs://imagen4-faces-imagen-demo-460715/2281.png
2282,Guyana,20,Male,77220,gs://imagen4-faces-imagen-demo-460715/2282.png
2283,Guyana,20,Male,56160,gs://imagen4-faces-imagen-demo-460715/2283.png
2284,Guyana,20,Male,95610,gs://imagen4-faces-imagen-demo-460715/2284.png
2285,Guyana,20,Male,82054,gs://imagen4-faces-imagen-demo-460715/2285.png
2286,Guyana,20,Male,86303,gs://imagen4-faces-imagen-demo-460715/2286.png
2287,Guyana,20,Female,30292,gs://imagen4-faces-imagen-demo-460715/2287.png
2288,Guyana,20,Female,52423,gs://imagen4-faces-imagen-demo-460715/2288.png
2289,Guyana,20,Female,22656,gs://imagen4-faces-imagen-demo-460715/2289.png
2290,Guyana,20,Female,21231,gs://imagen4-faces-imagen-demo-460715/2290.png
2291,Guyana,20,Female,50274,gs://imagen4-faces-imagen-demo-460715/2291.png
2292,Guyana,20,Female,51230,gs://imagen4-faces-imagen-demo-460715/2292.png
2293,Guyana,30,Male,30500,gs://imagen4-faces-imagen-demo-460715/2293.png
2294,Guyana,30,Male,39897,gs://imagen4-faces-imagen-demo-460715/2294.png
2295,Guyana,30,Male,92657,gs://imagen4-faces-imagen-demo-460715/2295.png
2296,Guyana,30,Male,76231,gs://imagen4-faces-imagen-demo-460715/2296.png
2297,Guyana,30,Male,21460,gs://imagen4-faces-imagen-demo-460715/2297.png
2298,Guyana,30,Male,11093,gs://imagen4-faces-imagen-demo-460715/2298.png
2299,Guyana,30,Female,12498,gs://imagen4-faces-imagen-demo-460715/2299.png
2300,Guyana,30,Female,14134,gs://imagen4-faces-imagen-demo-460715/2300.png
2301,Guyana,30,Female,59316,gs://imagen4-faces-imagen-demo-460715/2301.png
2302,Guyana,30,Female,24843,gs://imagen4-faces-imagen-demo-460715/2302.png
2303,Guyana,30,Female,11855,gs://imagen4-faces-imagen-demo-460715/2303.png
2304,Guyana,30,Female,52729,gs://imagen4-faces-imagen-demo-460715/2304.png
2305,Haiti,20,Male,24259,gs://imagen4-faces-imagen-demo-460715/2305.png
2306,Haiti,20,Male,65588,gs://imagen4-faces-imagen-demo-460715/2306.png
2307,Haiti,20,Male,56206,gs://imagen4-faces-imagen-demo-460715/2307.png
2308,Haiti,20,Male,74742,gs://imagen4-faces-imagen-demo-460715/2308.png
2309,Haiti,20,Male,55534,gs://imagen4-faces-imagen-demo-460715/2309.png
2310,Haiti,20,Male,23403,gs://imagen4-faces-imagen-demo-460715/2310.png
2311,Haiti,20,Female,23090,gs://imagen4-faces-imagen-demo-460715/2311.png
2312,Haiti,20,Female,97955,gs://imagen4-faces-imagen-demo-460715/2312.png
2313,Haiti,20,Female,58848,gs://imagen4-faces-imagen-demo-460715/2313.png
2314,Haiti,20,Female,95922,gs://imagen4-faces-imagen-demo-460715/2314.png
2315,Haiti,20,Female,93748,gs://imagen4-faces-imagen-demo-460715/2315.png
2316,Haiti,20,Female,50606,gs://imagen4-faces-imagen-demo-460715/2316.png
2317,Haiti,30,Male,65268,gs://imagen4-faces-imagen-demo-460715/2317.png
2318,Haiti,30,Male,45509,gs://imagen4-faces-imagen-demo-460715/2318.png
2319,Haiti,30,Male,13578,gs://imagen4-faces-imagen-demo-460715/2319.png
2320,Haiti,30,Male,28757,gs://imagen4-faces-imagen-demo-460715/2320.png
2321,Haiti,30,Male,97180,gs://imagen4-faces-imagen-demo-460715/2321.png
2322,Haiti,30,Male,14109,gs://imagen4-faces-imagen-demo-460715/2322.png
2323,Haiti,30,Female,57051,gs://imagen4-faces-imagen-demo-460715/2323.png
2324,Haiti,30,Female,22870,gs://imagen4-faces-imagen-demo-460715/2324.png
2325,Haiti,30,Female,54464,gs://imagen4-faces-imagen-demo-460715/2325.png
2326,Haiti,30,Female,84185,gs://imagen4-faces-imagen-demo-460715/2326.png
2327,Haiti,30,Female,42540,gs://imagen4-faces-imagen-demo-460715/2327.png
2328,Haiti,30,Female,19483,gs://imagen4-faces-imagen-demo-460715/2328.png
2329,Heard Island and McDonald Islands,20,Male,31831,gs://imagen4-faces-imagen-demo-460715/2329.png
2330,Heard Island and McDonald Islands,20,Male,14353,gs://imagen4-faces-imagen-demo-460715/2330.png
2331,Heard Island and McDonald Islands,20,Male,19167,gs://imagen4-faces-imagen-demo-460715/2331.png
2332,Heard Island and McDonald Islands,20,Male,43482,gs://imagen4-faces-imagen-demo-460715/2332.png
2333,Heard Island and McDonald Islands,20,Male,82635,gs://imagen4-faces-imagen-demo-460715/2333.png
2334,Heard Island and McDonald Islands,20,Male,51489,gs://imagen4-faces-imagen-demo-460715/2334.png
2335,Heard Island and McDonald Islands,20,Female,63867,gs://imagen4-faces-imagen-demo-460715/2335.png
2336,Heard Island and McDonald Islands,20,Female,56514,gs://imagen4-faces-imagen-demo-460715/2336.png
2337,Heard Island and McDonald Islands,20,Female,94127,gs://imagen4-faces-imagen-demo-460715/2337.png
2338,Heard Island and McDonald Islands,20,Female,52431,gs://imagen4-faces-imagen-demo-460715/2338.png
2339,Heard Island and McDonald Islands,20,Female,60162,gs://imagen4-faces-imagen-demo-460715/2339.png
2340,Heard Island and McDonald Islands,20,Female,84023,gs://imagen4-faces-imagen-demo-460715/2340.png
2341,Heard Island and McDonald Islands,30,Male,67560,gs://imagen4-faces-imagen-demo-460715/2341.png
2342,Heard Island and McDonald Islands,30,Male,89890,gs://imagen4-faces-imagen-demo-460715/2342.png
2343,Heard Island and McDonald Islands,30,Male,36130,gs://imagen4-faces-imagen-demo-460715/2343.png
2344,Heard Island and McDonald Islands,30,Male,85361,gs://imagen4-faces-imagen-demo-460715/2344.png
2345,Heard Island and McDonald Islands,30,Male,26424,gs://imagen4-faces-imagen-demo-460715/2345.png
2346,Heard Island and McDonald Islands,30,Male,17190,gs://imagen4-faces-imagen-demo-460715/2346.png
2347,Heard Island and McDonald Islands,30,Female,63190,gs://imagen4-faces-imagen-demo-460715/2347.png
2348,Heard Island and McDonald Islands,30,Female,45145,gs://imagen4-faces-imagen-demo-460715/2348.png
2349,Heard Island and McDonald Islands,30,Female,78777,gs://imagen4-faces-imagen-demo-460715/2349.png
2350,Heard Island and McDonald Islands,30,Female,89265,gs://imagen4-faces-imagen-demo-460715/2350.png
2351,Heard Island and McDonald Islands,30,Female,50817,gs://imagen4-faces-imagen-demo-460715/2351.png
2352,Heard Island and McDonald Islands,30,Female,34436,gs://imagen4-faces-imagen-demo-460715/2352.png
2353,Holy See,20,Male,73096,gs://imagen4-faces-imagen-demo-460715/2353.png
2354,Holy See,20,Male,57264,gs://imagen4-faces-imagen-demo-460715/2354.png
2355,Holy See,20,Male,84627,gs://imagen4-faces-imagen-demo-460715/2355.png
2356,Holy See,20,Male,62465,gs://imagen4-faces-imagen-demo-460715/2356.png
2357,Holy See,20,Male,65436,gs://imagen4-faces-imagen-demo-460715/2357.png
2358,Holy See,20,Male,31508,gs://imagen4-faces-imagen-demo-460715/2358.png
2359,Holy See,20,Female,51556,gs://imagen4-faces-imagen-demo-460715/2359.png
2360,Holy See,20,Female,60403,gs://imagen4-faces-imagen-demo-460715/2360.png
2361,Holy See,20,Female,46157,gs://imagen4-faces-imagen-demo-460715/2361.png
2362,Holy See,20,Female,18330,gs://imagen4-faces-imagen-demo-460715/2362.png
2363,Holy See,20,Female,31294,gs://imagen4-faces-imagen-demo-460715/2363.png
2364,Holy See,20,Female,14879,gs://imagen4-faces-imagen-demo-460715/2364.png
2365,Holy See,30,Male,17081,gs://imagen4-faces-imagen-demo-460715/2365.png
2366,Holy See,30,Male,79562,gs://imagen4-faces-imagen-demo-460715/2366.png
2367,Holy See,30,Male,47685,gs://imagen4-faces-imagen-demo-460715/2367.png
2368,Holy See,30,Male,62136,gs://imagen4-faces-imagen-demo-460715/2368.png
2369,Holy See,30,Male,27352,gs://imagen4-faces-imagen-demo-460715/2369.png
2370,Holy See,30,Male,84943,gs://imagen4-faces-imagen-demo-460715/2370.png
2371,Holy See,30,Female,80708,gs://imagen4-faces-imagen-demo-460715/2371.png
2372,Holy See,30,Female,64055,gs://imagen4-faces-imagen-demo-460715/2372.png
2373,Holy See,30,Female,85419,gs://imagen4-faces-imagen-demo-460715/2373.png
2374,Holy See,30,Female,33510,gs://imagen4-faces-imagen-demo-460715/2374.png
2375,Holy See,30,Female,69356,gs://imagen4-faces-imagen-demo-460715/2375.png
2376,Holy See,30,Female,58661,gs://imagen4-faces-imagen-demo-460715/2376.png
2377,Honduras,20,Male,81641,gs://imagen4-faces-imagen-demo-460715/2377.png
2378,Honduras,20,Male,65670,gs://imagen4-faces-imagen-demo-460715/2378.png
2379,Honduras,20,Male,66399,gs://imagen4-faces-imagen-demo-460715/2379.png
2380,Honduras,20,Male,50880,gs://imagen4-faces-imagen-demo-460715/2380.png
2381,Honduras,20,Male,50924,gs://imagen4-faces-imagen-demo-460715/2381.png
2382,Honduras,20,Male,53264,gs://imagen4-faces-imagen-demo-460715/2382.png
2383,Honduras,20,Female,88127,gs://imagen4-faces-imagen-demo-460715/2383.png
2384,Honduras,20,Female,60809,gs://imagen4-faces-imagen-demo-460715/2384.png
2385,Honduras,20,Female,31089,gs://imagen4-faces-imagen-demo-460715/2385.png
2386,Honduras,20,Female,57280,gs://imagen4-faces-imagen-demo-460715/2386.png
2387,Honduras,20,Female,53983,gs://imagen4-faces-imagen-demo-460715/2387.png
2388,Honduras,20,Female,66134,gs://imagen4-faces-imagen-demo-460715/2388.png
2389,Honduras,30,Male,39124,gs://imagen4-faces-imagen-demo-460715/2389.png
2390,Honduras,30,Male,73637,gs://imagen4-faces-imagen-demo-460715/2390.png
2391,Honduras,30,Male,26396,gs://imagen4-faces-imagen-demo-460715/2391.png
2392,Honduras,30,Male,18755,gs://imagen4-faces-imagen-demo-460715/2392.png
2393,Honduras,30,Male,83475,gs://imagen4-faces-imagen-demo-460715/2393.png
2394,Honduras,30,Male,86932,gs://imagen4-faces-imagen-demo-460715/2394.png
2395,Honduras,30,Female,16512,gs://imagen4-faces-imagen-demo-460715/2395.png
2396,Honduras,30,Female,11544,gs://imagen4-faces-imagen-demo-460715/2396.png
2397,Honduras,30,Female,92147,gs://imagen4-faces-imagen-demo-460715/2397.png
2398,Honduras,30,Female,45449,gs://imagen4-faces-imagen-demo-460715/2398.png
2399,Honduras,30,Female,26161,gs://imagen4-faces-imagen-demo-460715/2399.png
2400,Honduras,30,Female,17404,gs://imagen4-faces-imagen-demo-460715/2400.png
2401,Hong Kong,20,Male,85208,gs://imagen4-faces-imagen-demo-460715/2401.png
2402,Hong Kong,20,Male,10842,gs://imagen4-faces-imagen-demo-460715/2402.png
2403,Hong Kong,20,Male,82642,gs://imagen4-faces-imagen-demo-460715/2403.png
2404,Hong Kong,20,Male,86949,gs://imagen4-faces-imagen-demo-460715/2404.png
2405,Hong Kong,20,Male,54938,gs://imagen4-faces-imagen-demo-460715/2405.png
2406,Hong Kong,20,Male,31660,gs://imagen4-faces-imagen-demo-460715/2406.png
2407,Hong Kong,20,Female,78237,gs://imagen4-faces-imagen-demo-460715/2407.png
2408,Hong Kong,20,Female,42519,gs://imagen4-faces-imagen-demo-460715/2408.png
2409,Hong Kong,20,Female,24284,gs://imagen4-faces-imagen-demo-460715/2409.png
2410,Hong Kong,20,Female,38884,gs://imagen4-faces-imagen-demo-460715/2410.png
2411,Hong Kong,20,Female,80072,gs://imagen4-faces-imagen-demo-460715/2411.png
2412,Hong Kong,20,Female,92974,gs://imagen4-faces-imagen-demo-460715/2412.png
2413,Hong Kong,30,Male,86512,gs://imagen4-faces-imagen-demo-460715/2413.png
2414,Hong Kong,30,Male,28814,gs://imagen4-faces-imagen-demo-460715/2414.png
2415,Hong Kong,30,Male,21519,gs://imagen4-faces-imagen-demo-460715/2415.png
2416,Hong Kong,30,Male,70710,gs://imagen4-faces-imagen-demo-460715/2416.png
2417,Hong Kong,30,Male,64723,gs://imagen4-faces-imagen-demo-460715/2417.png
2418,Hong Kong,30,Male,99981,gs://imagen4-faces-imagen-demo-460715/2418.png
2419,Hong Kong,30,Female,16663,gs://imagen4-faces-imagen-demo-460715/2419.png
2420,Hong Kong,30,Female,43459,gs://imagen4-faces-imagen-demo-460715/2420.png
2421,Hong Kong,30,Female,58600,gs://imagen4-faces-imagen-demo-460715/2421.png
2422,Hong Kong,30,Female,81533,gs://imagen4-faces-imagen-demo-460715/2422.png
2423,Hong Kong,30,Female,57611,gs://imagen4-faces-imagen-demo-460715/2423.png
2424,Hong Kong,30,Female,78598,gs://imagen4-faces-imagen-demo-460715/2424.png
2425,Hungary,20,Male,51869,gs://imagen4-faces-imagen-demo-460715/2425.png
2426,Hungary,20,Male,57041,gs://imagen4-faces-imagen-demo-460715/2426.png
2427,Hungary,20,Male,15360,gs://imagen4-faces-imagen-demo-460715/2427.png
2428,Hungary,20,Male,16545,gs://imagen4-faces-imagen-demo-460715/2428.png
2429,Hungary,20,Male,73303,gs://imagen4-faces-imagen-demo-460715/2429.png
2430,Hungary,20,Male,69750,gs://imagen4-faces-imagen-demo-460715/2430.png
2431,Hungary,20,Female,45787,gs://imagen4-faces-imagen-demo-460715/2431.png
2432,Hungary,20,Female,53826,gs://imagen4-faces-imagen-demo-460715/2432.png
2433,Hungary,20,Female,74104,gs://imagen4-faces-imagen-demo-460715/2433.png
2434,Hungary,20,Female,25931,gs://imagen4-faces-imagen-demo-460715/2434.png
2435,Hungary,20,Female,54363,gs://imagen4-faces-imagen-demo-460715/2435.png
2436,Hungary,20,Female,68516,gs://imagen4-faces-imagen-demo-460715/2436.png
2437,Hungary,30,Male,68264,gs://imagen4-faces-imagen-demo-460715/2437.png
2438,Hungary,30,Male,70892,gs://imagen4-faces-imagen-demo-460715/2438.png
2439,Hungary,30,Male,94477,gs://imagen4-faces-imagen-demo-460715/2439.png
2440,Hungary,30,Male,89352,gs://imagen4-faces-imagen-demo-460715/2440.png
2441,Hungary,30,Male,69647,gs://imagen4-faces-imagen-demo-460715/2441.png
2442,Hungary,30,Male,18864,gs://imagen4-faces-imagen-demo-460715/2442.png
2443,Hungary,30,Female,43862,gs://imagen4-faces-imagen-demo-460715/2443.png
2444,Hungary,30,Female,54454,gs://imagen4-faces-imagen-demo-460715/2444.png
2445,Hungary,30,Female,94735,gs://imagen4-faces-imagen-demo-460715/2445.png
2446,Hungary,30,Female,61300,gs://imagen4-faces-imagen-demo-460715/2446.png
2447,Hungary,30,Female,63070,gs://imagen4-faces-imagen-demo-460715/2447.png
2448,Hungary,30,Female,54636,gs://imagen4-faces-imagen-demo-460715/2448.png
2449,Iceland,20,Male,24672,gs://imagen4-faces-imagen-demo-460715/2449.png
2450,Iceland,20,Male,69573,gs://imagen4-faces-imagen-demo-460715/2450.png
2451,Iceland,20,Male,93963,gs://imagen4-faces-imagen-demo-460715/2451.png
2452,Iceland,20,Male,16437,gs://imagen4-faces-imagen-demo-460715/2452.png
2453,Iceland,20,Male,33135,gs://imagen4-faces-imagen-demo-460715/2453.png
2454,Iceland,20,Male,49024,gs://imagen4-faces-imagen-demo-460715/2454.png
2455,Iceland,20,Female,79558,gs://imagen4-faces-imagen-demo-460715/2455.png
2456,Iceland,20,Female,10499,gs://imagen4-faces-imagen-demo-460715/2456.png
2457,Iceland,20,Female,84451,gs://imagen4-faces-imagen-demo-460715/2457.png
2458,Iceland,20,Female,21826,gs://imagen4-faces-imagen-demo-460715/2458.png
2459,Iceland,20,Female,45606,gs://imagen4-faces-imagen-demo-460715/2459.png
2460,Iceland,20,Female,68649,gs://imagen4-faces-imagen-demo-460715/2460.png
2461,Iceland,30,Male,87654,gs://imagen4-faces-imagen-demo-460715/2461.png
2462,Iceland,30,Male,39717,gs://imagen4-faces-imagen-demo-460715/2462.png
2463,Iceland,30,Male,15988,gs://imagen4-faces-imagen-demo-460715/2463.png
2464,Iceland,30,Male,98904,gs://imagen4-faces-imagen-demo-460715/2464.png
2465,Iceland,30,Male,64459,gs://imagen4-faces-imagen-demo-460715/2465.png
2466,Iceland,30,Male,70288,gs://imagen4-faces-imagen-demo-460715/2466.png
2467,Iceland,30,Female,62342,gs://imagen4-faces-imagen-demo-460715/2467.png
2468,Iceland,30,Female,77255,gs://imagen4-faces-imagen-demo-460715/2468.png
2469,Iceland,30,Female,71970,gs://imagen4-faces-imagen-demo-460715/2469.png
2470,Iceland,30,Female,56229,gs://imagen4-faces-imagen-demo-460715/2470.png
2471,Iceland,30,Female,11142,gs://imagen4-faces-imagen-demo-460715/2471.png
2472,Iceland,30,Female,19023,gs://imagen4-faces-imagen-demo-460715/2472.png
2473,India,20,Male,71770,gs://imagen4-faces-imagen-demo-460715/2473.png
2474,India,20,Male,94196,gs://imagen4-faces-imagen-demo-460715/2474.png
2475,India,20,Male,59371,gs://imagen4-faces-imagen-demo-460715/2475.png
2476,India,20,Male,11180,gs://imagen4-faces-imagen-demo-460715/2476.png
2477,India,20,Male,67500,gs://imagen4-faces-imagen-demo-460715/2477.png
2478,India,20,Male,76908,gs://imagen4-faces-imagen-demo-460715/2478.png
2479,India,20,Female,96044,gs://imagen4-faces-imagen-demo-460715/2479.png
2480,India,20,Female,16684,gs://imagen4-faces-imagen-demo-460715/2480.png
2481,India,20,Female,74319,gs://imagen4-faces-imagen-demo-460715/2481.png
2482,India,20,Female,64714,gs://imagen4-faces-imagen-demo-460715/2482.png
2483,India,20,Female,70272,gs://imagen4-faces-imagen-demo-460715/2483.png
2484,India,20,Female,19690,gs://imagen4-faces-imagen-demo-460715/2484.png
2485,India,30,Male,38310,gs://imagen4-faces-imagen-demo-460715/2485.png
2486,India,30,Male,82240,gs://imagen4-faces-imagen-demo-460715/2486.png
2487,India,30,Male,61019,gs://imagen4-faces-imagen-demo-460715/2487.png
2488,India,30,Male,33655,gs://imagen4-faces-imagen-demo-460715/2488.png
2489,India,30,Male,80867,gs://imagen4-faces-imagen-demo-460715/2489.png
2490,India,30,Male,78931,gs://imagen4-faces-imagen-demo-460715/2490.png
2491,India,30,Female,78497,gs://imagen4-faces-imagen-demo-460715/2491.png
2492,India,30,Female,16115,gs://imagen4-faces-imagen-demo-460715/2492.png
2493,India,30,Female,50653,gs://imagen4-faces-imagen-demo-460715/2493.png
2494,India,30,Female,98655,gs://imagen4-faces-imagen-demo-460715/2494.png
2495,India,30,Female,81918,gs://imagen4-faces-imagen-demo-460715/2495.png
2496,India,30,Female,32384,gs://imagen4-faces-imagen-demo-460715/2496.png
2497,Indonesia,20,Male,72702,gs://imagen4-faces-imagen-demo-460715/2497.png
2498,Indonesia,20,Male,51468,gs://imagen4-faces-imagen-demo-460715/2498.png
2499,Indonesia,20,Male,65016,gs://imagen4-faces-imagen-demo-460715/2499.png
2500,Indonesia,20,Male,69987,gs://imagen4-faces-imagen-demo-460715/2500.png
2501,Indonesia,20,Male,42777,gs://imagen4-faces-imagen-demo-460715/2501.png
2502,Indonesia,20,Male,21370,gs://imagen4-faces-imagen-demo-460715/2502.png
2503,Indonesia,20,Female,86032,gs://imagen4-faces-imagen-demo-460715/2503.png
2504,Indonesia,20,Female,74652,gs://imagen4-faces-imagen-demo-460715/2504.png
2505,Indonesia,20,Female,28327,gs://imagen4-faces-imagen-demo-460715/2505.png
2506,Indonesia,20,Female,25829,gs://imagen4-faces-imagen-demo-460715/2506.png
2507,Indonesia,20,Female,89256,gs://imagen4-faces-imagen-demo-460715/2507.png
2508,Indonesia,20,Female,83469,gs://imagen4-faces-imagen-demo-460715/2508.png
2509,Indonesia,30,Male,59348,gs://imagen4-faces-imagen-demo-460715/2509.png
2510,Indonesia,30,Male,86352,gs://imagen4-faces-imagen-demo-460715/2510.png
2511,Indonesia,30,Male,16486,gs://imagen4-faces-imagen-demo-460715/2511.png
2512,Indonesia,30,Male,46896,gs://imagen4-faces-imagen-demo-460715/2512.png
2513,Indonesia,30,Male,12004,gs://imagen4-faces-imagen-demo-460715/2513.png
2514,Indonesia,30,Male,49660,gs://imagen4-faces-imagen-demo-460715/2514.png
2515,Indonesia,30,Female,56765,gs://imagen4-faces-imagen-demo-460715/2515.png
2516,Indonesia,30,Female,12445,gs://imagen4-faces-imagen-demo-460715/2516.png
2517,Indonesia,30,Female,45047,gs://imagen4-faces-imagen-demo-460715/2517.png
2518,Indonesia,30,Female,99397,gs://imagen4-faces-imagen-demo-460715/2518.png
2519,Indonesia,30,Female,97282,gs://imagen4-faces-imagen-demo-460715/2519.png
2520,Indonesia,30,Female,41529,gs://imagen4-faces-imagen-demo-460715/2520.png
2521,Iran (Islamic Republic of),20,Male,34099,gs://imagen4-faces-imagen-demo-460715/2521.png
2522,Iran (Islamic Republic of),20,Male,32082,gs://imagen4-faces-imagen-demo-460715/2522.png
2523,Iran (Islamic Republic of),20,Male,85386,gs://imagen4-faces-imagen-demo-460715/2523.png
2524,Iran (Islamic Republic of),20,Male,45196,gs://imagen4-faces-imagen-demo-460715/2524.png
2525,Iran (Islamic Republic of),20,Male,41228,gs://imagen4-faces-imagen-demo-460715/2525.png
2526,Iran (Islamic Republic of),20,Male,30909,gs://imagen4-faces-imagen-demo-460715/2526.png
2527,Iran (Islamic Republic of),20,Female,64888,gs://imagen4-faces-imagen-demo-460715/2527.png
2528,Iran (Islamic Republic of),20,Female,31381,gs://imagen4-faces-imagen-demo-460715/2528.png
2529,Iran (Islamic Republic of),20,Female,74954,gs://imagen4-faces-imagen-demo-460715/2529.png
2530,Iran (Islamic Republic of),20,Female,56302,gs://imagen4-faces-imagen-demo-460715/2530.png
2531,Iran (Islamic Republic of),20,Female,46521,gs://imagen4-faces-imagen-demo-460715/2531.png
2532,Iran (Islamic Republic of),20,Female,37855,gs://imagen4-faces-imagen-demo-460715/2532.png
2533,Iran (Islamic Republic of),30,Male,23260,gs://imagen4-faces-imagen-demo-460715/2533.png
2534,Iran (Islamic Republic of),30,Male,55641,gs://imagen4-faces-imagen-demo-460715/2534.png
2535,Iran (Islamic Republic of),30,Male,16805,gs://imagen4-faces-imagen-demo-460715/2535.png
2536,Iran (Islamic Republic of),30,Male,82295,gs://imagen4-faces-imagen-demo-460715/2536.png
2537,Iran (Islamic Republic of),30,Male,34625,gs://imagen4-faces-imagen-demo-460715/2537.png
2538,Iran (Islamic Republic of),30,Male,34933,gs://imagen4-faces-imagen-demo-460715/2538.png
2539,Iran (Islamic Republic of),30,Female,19597,gs://imagen4-faces-imagen-demo-460715/2539.png
2540,Iran (Islamic Republic of),30,Female,81251,gs://imagen4-faces-imagen-demo-460715/2540.png
2541,Iran (Islamic Republic of),30,Female,39339,gs://imagen4-faces-imagen-demo-460715/2541.png
2542,Iran (Islamic Republic of),30,Female,46231,gs://imagen4-faces-imagen-demo-460715/2542.png
2543,Iran (Islamic Republic of),30,Female,22604,gs://imagen4-faces-imagen-demo-460715/2543.png
2544,Iran (Islamic Republic of),30,Female,51353,gs://imagen4-faces-imagen-demo-460715/2544.png
2545,Iraq,20,Male,13727,gs://imagen4-faces-imagen-demo-460715/2545.png
2546,Iraq,20,Male,18365,gs://imagen4-faces-imagen-demo-460715/2546.png
2547,Iraq,20,Male,69883,gs://imagen4-faces-imagen-demo-460715/2547.png
2548,Iraq,20,Male,96214,gs://imagen4-faces-imagen-demo-460715/2548.png
2549,Iraq,20,Male,88294,gs://imagen4-faces-imagen-demo-460715/2549.png
2550,Iraq,20,Male,98192,gs://imagen4-faces-imagen-demo-460715/2550.png
2551,Iraq,20,Female,42222,gs://imagen4-faces-imagen-demo-460715/2551.png
2552,Iraq,20,Female,75702,gs://imagen4-faces-imagen-demo-460715/2552.png
2553,Iraq,20,Female,85388,gs://imagen4-faces-imagen-demo-460715/2553.png
2554,Iraq,20,Female,50051,gs://imagen4-faces-imagen-demo-460715/2554.png
2555,Iraq,20,Female,53596,gs://imagen4-faces-imagen-demo-460715/2555.png
2556,Iraq,20,Female,74302,gs://imagen4-faces-imagen-demo-460715/2556.png
2557,Iraq,30,Male,38246,gs://imagen4-faces-imagen-demo-460715/2557.png
2558,Iraq,30,Male,63891,gs://imagen4-faces-imagen-demo-460715/2558.png
2559,Iraq,30,Male,93063,gs://imagen4-faces-imagen-demo-460715/2559.png
2560,Iraq,30,Male,57635,gs://imagen4-faces-imagen-demo-460715/2560.png
2561,Iraq,30,Male,30388,gs://imagen4-faces-imagen-demo-460715/2561.png
2562,Iraq,30,Male,59431,gs://imagen4-faces-imagen-demo-460715/2562.png
2563,Iraq,30,Female,26059,gs://imagen4-faces-imagen-demo-460715/2563.png
2564,Iraq,30,Female,31929,gs://imagen4-faces-imagen-demo-460715/2564.png
2565,Iraq,30,Female,58312,gs://imagen4-faces-imagen-demo-460715/2565.png
2566,Iraq,30,Female,56594,gs://imagen4-faces-imagen-demo-460715/2566.png
2567,Iraq,30,Female,10920,gs://imagen4-faces-imagen-demo-460715/2567.png
2568,Iraq,30,Female,65156,gs://imagen4-faces-imagen-demo-460715/2568.png
2569,Ireland,20,Male,17551,gs://imagen4-faces-imagen-demo-460715/2569.png
2570,Ireland,20,Male,33180,gs://imagen4-faces-imagen-demo-460715/2570.png
2571,Ireland,20,Male,99778,gs://imagen4-faces-imagen-demo-460715/2571.png
2572,Ireland,20,Male,86651,gs://imagen4-faces-imagen-demo-460715/2572.png
2573,Ireland,20,Male,31478,gs://imagen4-faces-imagen-demo-460715/2573.png
2574,Ireland,20,Male,22479,gs://imagen4-faces-imagen-demo-460715/2574.png
2575,Ireland,20,Female,35942,gs://imagen4-faces-imagen-demo-460715/2575.png
2576,Ireland,20,Female,31090,gs://imagen4-faces-imagen-demo-460715/2576.png
2577,Ireland,20,Female,92776,gs://imagen4-faces-imagen-demo-460715/2577.png
2578,Ireland,20,Female,75286,gs://imagen4-faces-imagen-demo-460715/2578.png
2579,Ireland,20,Female,95038,gs://imagen4-faces-imagen-demo-460715/2579.png
2580,Ireland,20,Female,34411,gs://imagen4-faces-imagen-demo-460715/2580.png
2581,Ireland,30,Male,62105,gs://imagen4-faces-imagen-demo-460715/2581.png
2582,Ireland,30,Male,91222,gs://imagen4-faces-imagen-demo-460715/2582.png
2583,Ireland,30,Male,88873,gs://imagen4-faces-imagen-demo-460715/2583.png
2584,Ireland,30,Male,25103,gs://imagen4-faces-imagen-demo-460715/2584.png
2585,Ireland,30,Male,22391,gs://imagen4-faces-imagen-demo-460715/2585.png
2586,Ireland,30,Male,78138,gs://imagen4-faces-imagen-demo-460715/2586.png
2587,Ireland,30,Female,55203,gs://imagen4-faces-imagen-demo-460715/2587.png
2588,Ireland,30,Female,83946,gs://imagen4-faces-imagen-demo-460715/2588.png
2589,Ireland,30,Female,99722,gs://imagen4-faces-imagen-demo-460715/2589.png
2590,Ireland,30,Female,55060,gs://imagen4-faces-imagen-demo-460715/2590.png
2591,Ireland,30,Female,45541,gs://imagen4-faces-imagen-demo-460715/2591.png
2592,Ireland,30,Female,70058,gs://imagen4-faces-imagen-demo-460715/2592.png
2593,Isle of Man,20,Male,52809,gs://imagen4-faces-imagen-demo-460715/2593.png
2594,Isle of Man,20,Male,52586,gs://imagen4-faces-imagen-demo-460715/2594.png
2595,Isle of Man,20,Male,92757,gs://imagen4-faces-imagen-demo-460715/2595.png
2596,Isle of Man,20,Male,92447,gs://imagen4-faces-imagen-demo-460715/2596.png
2597,Isle of Man,20,Male,89968,gs://imagen4-faces-imagen-demo-460715/2597.png
2598,Isle of Man,20,Male,46205,gs://imagen4-faces-imagen-demo-460715/2598.png
2599,Isle of Man,20,Female,40912,gs://imagen4-faces-imagen-demo-460715/2599.png
2600,Isle of Man,20,Female,19335,gs://imagen4-faces-imagen-demo-460715/2600.png
2601,Isle of Man,20,Female,29281,gs://imagen4-faces-imagen-demo-460715/2601.png
2602,Isle of Man,20,Female,94272,gs://imagen4-faces-imagen-demo-460715/2602.png
2603,Isle of Man,20,Female,30869,gs://imagen4-faces-imagen-demo-460715/2603.png
2604,Isle of Man,20,Female,86892,gs://imagen4-faces-imagen-demo-460715/2604.png
2605,Isle of Man,30,Male,55047,gs://imagen4-faces-imagen-demo-460715/2605.png
2606,Isle of Man,30,Male,75035,gs://imagen4-faces-imagen-demo-460715/2606.png
2607,Isle of Man,30,Male,91458,gs://imagen4-faces-imagen-demo-460715/2607.png
2608,Isle of Man,30,Male,74366,gs://imagen4-faces-imagen-demo-460715/2608.png
2609,Isle of Man,30,Male,45981,gs://imagen4-faces-imagen-demo-460715/2609.png
2610,Isle of Man,30,Male,54676,gs://imagen4-faces-imagen-demo-460715/2610.png
2611,Isle of Man,30,Female,15712,gs://imagen4-faces-imagen-demo-460715/2611.png
2612,Isle of Man,30,Female,49560,gs://imagen4-faces-imagen-demo-460715/2612.png
2613,Isle of Man,30,Female,42491,gs://imagen4-faces-imagen-demo-460715/2613.png
2614,Isle of Man,30,Female,68597,gs://imagen4-faces-imagen-demo-460715/2614.png
2615,Isle of Man,30,Female,47450,gs://imagen4-faces-imagen-demo-460715/2615.png
2616,Isle of Man,30,Female,60510,gs://imagen4-faces-imagen-demo-460715/2616.png
2617,Israel,20,Male,25743,gs://imagen4-faces-imagen-demo-460715/2617.png
2618,Israel,20,Male,97093,gs://imagen4-faces-imagen-demo-460715/2618.png
2619,Israel,20,Male,12738,gs://imagen4-faces-imagen-demo-460715/2619.png
2620,Israel,20,Male,33091,gs://imagen4-faces-imagen-demo-460715/2620.png
2621,Israel,20,Male,70982,gs://imagen4-faces-imagen-demo-460715/2621.png
2622,Israel,20,Male,44998,gs://imagen4-faces-imagen-demo-460715/2622.png
2623,Israel,20,Female,87966,gs://imagen4-faces-imagen-demo-460715/2623.png
2624,Israel,20,Female,42238,gs://imagen4-faces-imagen-demo-460715/2624.png
2625,Israel,20,Female,54167,gs://imagen4-faces-imagen-demo-460715/2625.png
2626,Israel,20,Female,39710,gs://imagen4-faces-imagen-demo-460715/2626.png
2627,Israel,20,Female,59131,gs://imagen4-faces-imagen-demo-460715/2627.png
2628,Israel,20,Female,24739,gs://imagen4-faces-imagen-demo-460715/2628.png
2629,Israel,30,Male,59325,gs://imagen4-faces-imagen-demo-460715/2629.png
2630,Israel,30,Male,51717,gs://imagen4-faces-imagen-demo-460715/2630.png
2631,Israel,30,Male,92570,gs://imagen4-faces-imagen-demo-460715/2631.png
2632,Israel,30,Male,62312,gs://imagen4-faces-imagen-demo-460715/2632.png
2633,Israel,30,Male,74152,gs://imagen4-faces-imagen-demo-460715/2633.png
2634,Israel,30,Male,54956,gs://imagen4-faces-imagen-demo-460715/2634.png
2635,Israel,30,Female,42244,gs://imagen4-faces-imagen-demo-460715/2635.png
2636,Israel,30,Female,10638,gs://imagen4-faces-imagen-demo-460715/2636.png
2637,Israel,30,Female,93575,gs://imagen4-faces-imagen-demo-460715/2637.png
2638,Israel,30,Female,63100,gs://imagen4-faces-imagen-demo-460715/2638.png
2639,Israel,30,Female,76609,gs://imagen4-faces-imagen-demo-460715/2639.png
2640,Israel,30,Female,34316,gs://imagen4-faces-imagen-demo-460715/2640.png
2641,Italy,20,Male,66583,gs://imagen4-faces-imagen-demo-460715/2641.png
2642,Italy,20,Male,15018,gs://imagen4-faces-imagen-demo-460715/2642.png
2643,Italy,20,Male,58374,gs://imagen4-faces-imagen-demo-460715/2643.png
2644,Italy,20,Male,47330,gs://imagen4-faces-imagen-demo-460715/2644.png
2645,Italy,20,Male,62410,gs://imagen4-faces-imagen-demo-460715/2645.png
2646,Italy,20,Male,45872,gs://imagen4-faces-imagen-demo-460715/2646.png
2647,Italy,20,Female,18674,gs://imagen4-faces-imagen-demo-460715/2647.png
2648,Italy,20,Female,87836,gs://imagen4-faces-imagen-demo-460715/2648.png
2649,Italy,20,Female,28844,gs://imagen4-faces-imagen-demo-460715/2649.png
2650,Italy,20,Female,62588,gs://imagen4-faces-imagen-demo-460715/2650.png
2651,Italy,20,Female,75463,gs://imagen4-faces-imagen-demo-460715/2651.png
2652,Italy,20,Female,54276,gs://imagen4-faces-imagen-demo-460715/2652.png
2653,Italy,30,Male,34153,gs://imagen4-faces-imagen-demo-460715/2653.png
2654,Italy,30,Male,22009,gs://imagen4-faces-imagen-demo-460715/2654.png
2655,Italy,30,Male,36236,gs://imagen4-faces-imagen-demo-460715/2655.png
2656,Italy,30,Male,98583,gs://imagen4-faces-imagen-demo-460715/2656.png
2657,Italy,30,Male,43605,gs://imagen4-faces-imagen-demo-460715/2657.png
2658,Italy,30,Male,29689,gs://imagen4-faces-imagen-demo-460715/2658.png
2659,Italy,30,Female,69804,gs://imagen4-faces-imagen-demo-460715/2659.png
2660,Italy,30,Female,13118,gs://imagen4-faces-imagen-demo-460715/2660.png
2661,Italy,30,Female,24317,gs://imagen4-faces-imagen-demo-460715/2661.png
2662,Italy,30,Female,10852,gs://imagen4-faces-imagen-demo-460715/2662.png
2663,Italy,30,Female,80259,gs://imagen4-faces-imagen-demo-460715/2663.png
2664,Italy,30,Female,39666,gs://imagen4-faces-imagen-demo-460715/2664.png
2665,Jamaica,20,Male,66660,gs://imagen4-faces-imagen-demo-460715/2665.png
2666,Jamaica,20,Male,70393,gs://imagen4-faces-imagen-demo-460715/2666.png
2667,Jamaica,20,Male,56028,gs://imagen4-faces-imagen-demo-460715/2667.png
2668,Jamaica,20,Male,86997,gs://imagen4-faces-imagen-demo-460715/2668.png
2669,Jamaica,20,Male,85905,gs://imagen4-faces-imagen-demo-460715/2669.png
2670,Jamaica,20,Male,62912,gs://imagen4-faces-imagen-demo-460715/2670.png
2671,Jamaica,20,Female,53363,gs://imagen4-faces-imagen-demo-460715/2671.png
2672,Jamaica,20,Female,36018,gs://imagen4-faces-imagen-demo-460715/2672.png
2673,Jamaica,20,Female,93449,gs://imagen4-faces-imagen-demo-460715/2673.png
2674,Jamaica,20,Female,12642,gs://imagen4-faces-imagen-demo-460715/2674.png
2675,Jamaica,20,Female,11837,gs://imagen4-faces-imagen-demo-460715/2675.png
2676,Jamaica,20,Female,69734,gs://imagen4-faces-imagen-demo-460715/2676.png
2677,Jamaica,30,Male,11364,gs://imagen4-faces-imagen-demo-460715/2677.png
2678,Jamaica,30,Male,32515,gs://imagen4-faces-imagen-demo-460715/2678.png
2679,Jamaica,30,Male,12694,gs://imagen4-faces-imagen-demo-460715/2679.png
2680,Jamaica,30,Male,94984,gs://imagen4-faces-imagen-demo-460715/2680.png
2681,Jamaica,30,Male,74897,gs://imagen4-faces-imagen-demo-460715/2681.png
2682,Jamaica,30,Male,33535,gs://imagen4-faces-imagen-demo-460715/2682.png
2683,Jamaica,30,Female,99047,gs://imagen4-faces-imagen-demo-460715/2683.png
2684,Jamaica,30,Female,44453,gs://imagen4-faces-imagen-demo-460715/2684.png
2685,Jamaica,30,Female,74960,gs://imagen4-faces-imagen-demo-460715/2685.png
2686,Jamaica,30,Female,14789,gs://imagen4-faces-imagen-demo-460715/2686.png
2687,Jamaica,30,Female,45112,gs://imagen4-faces-imagen-demo-460715/2687.png
2688,Jamaica,30,Female,61681,gs://imagen4-faces-imagen-demo-460715/2688.png
2689,Japan,20,Male,62076,gs://imagen4-faces-imagen-demo-460715/2689.png
2690,Japan,20,Male,72291,gs://imagen4-faces-imagen-demo-460715/2690.png
2691,Japan,20,Male,72361,gs://imagen4-faces-imagen-demo-460715/2691.png
2692,Japan,20,Male,76210,gs://imagen4-faces-imagen-demo-460715/2692.png
2693,Japan,20,Male,33441,gs://imagen4-faces-imagen-demo-460715/2693.png
2694,Japan,20,Male,48973,gs://imagen4-faces-imagen-demo-460715/2694.png
2695,Japan,20,Female,74299,gs://imagen4-faces-imagen-demo-460715/2695.png
2696,Japan,20,Female,74251,gs://imagen4-faces-imagen-demo-460715/2696.png
2697,Japan,20,Female,45973,gs://imagen4-faces-imagen-demo-460715/2697.png
2698,Japan,20,Female,48782,gs://imagen4-faces-imagen-demo-460715/2698.png
2699,Japan,20,Female,76108,gs://imagen4-faces-imagen-demo-460715/2699.png
2700,Japan,20,Female,96564,gs://imagen4-faces-imagen-demo-460715/2700.png
2701,Japan,30,Male,64740,gs://imagen4-faces-imagen-demo-460715/2701.png
2702,Japan,30,Male,99545,gs://imagen4-faces-imagen-demo-460715/2702.png
2703,Japan,30,Male,59573,gs://imagen4-faces-imagen-demo-460715/2703.png
2704,Japan,30,Male,39364,gs://imagen4-faces-imagen-demo-460715/2704.png
2705,Japan,30,Male,68831,gs://imagen4-faces-imagen-demo-460715/2705.png
2706,Japan,30,Male,87914,gs://imagen4-faces-imagen-demo-460715/2706.png
2707,Japan,30,Female,72800,gs://imagen4-faces-imagen-demo-460715/2707.png
2708,Japan,30,Female,10775,gs://imagen4-faces-imagen-demo-460715/2708.png
2709,Japan,30,Female,81130,gs://imagen4-faces-imagen-demo-460715/2709.png
2710,Japan,30,Female,90782,gs://imagen4-faces-imagen-demo-460715/2710.png
2711,Japan,30,Female,67566,gs://imagen4-faces-imagen-demo-460715/2711.png
2712,Japan,30,Female,52978,gs://imagen4-faces-imagen-demo-460715/2712.png
2713,Jersey,20,Male,71369,gs://imagen4-faces-imagen-demo-460715/2713.png
2714,Jersey,20,Male,97864,gs://imagen4-faces-imagen-demo-460715/2714.png
2715,Jersey,20,Male,21908,gs://imagen4-faces-imagen-demo-460715/2715.png
2716,Jersey,20,Male,79114,gs://imagen4-faces-imagen-demo-460715/2716.png
2717,Jersey,20,Male,26603,gs://imagen4-faces-imagen-demo-460715/2717.png
2718,Jersey,20,Male,47151,gs://imagen4-faces-imagen-demo-460715/2718.png
2719,Jersey,20,Female,76806,gs://imagen4-faces-imagen-demo-460715/2719.png
2720,Jersey,20,Female,80384,gs://imagen4-faces-imagen-demo-460715/2720.png
2721,Jersey,20,Female,70327,gs://imagen4-faces-imagen-demo-460715/2721.png
2722,Jersey,20,Female,25300,gs://imagen4-faces-imagen-demo-460715/2722.png
2723,Jersey,20,Female,79654,gs://imagen4-faces-imagen-demo-460715/2723.png
2724,Jersey,20,Female,72737,gs://imagen4-faces-imagen-demo-460715/2724.png
2725,Jersey,30,Male,91154,gs://imagen4-faces-imagen-demo-460715/2725.png
2726,Jersey,30,Male,80156,gs://imagen4-faces-imagen-demo-460715/2726.png
2727,Jersey,30,Male,76650,gs://imagen4-faces-imagen-demo-460715/2727.png
2728,Jersey,30,Male,23747,gs://imagen4-faces-imagen-demo-460715/2728.png
2729,Jersey,30,Male,64012,gs://imagen4-faces-imagen-demo-460715/2729.png
2730,Jersey,30,Male,14031,gs://imagen4-faces-imagen-demo-460715/2730.png
2731,Jersey,30,Female,40352,gs://imagen4-faces-imagen-demo-460715/2731.png
2732,Jersey,30,Female,53900,gs://imagen4-faces-imagen-demo-460715/2732.png
2733,Jersey,30,Female,29885,gs://imagen4-faces-imagen-demo-460715/2733.png
2734,Jersey,30,Female,29043,gs://imagen4-faces-imagen-demo-460715/2734.png
2735,Jersey,30,Female,51227,gs://imagen4-faces-imagen-demo-460715/2735.png
2736,Jersey,30,Female,67199,gs://imagen4-faces-imagen-demo-460715/2736.png
2737,Jordan,20,Male,70565,gs://imagen4-faces-imagen-demo-460715/2737.png
2738,Jordan,20,Male,32129,gs://imagen4-faces-imagen-demo-460715/2738.png
2739,Jordan,20,Male,63025,gs://imagen4-faces-imagen-demo-460715/2739.png
2740,Jordan,20,Male,16961,gs://imagen4-faces-imagen-demo-460715/2740.png
2741,Jordan,20,Male,53681,gs://imagen4-faces-imagen-demo-460715/2741.png
2742,Jordan,20,Male,23371,gs://imagen4-faces-imagen-demo-460715/2742.png
2743,Jordan,20,Female,61835,gs://imagen4-faces-imagen-demo-460715/2743.png
2744,Jordan,20,Female,57774,gs://imagen4-faces-imagen-demo-460715/2744.png
2745,Jordan,20,Female,76280,gs://imagen4-faces-imagen-demo-460715/2745.png
2746,Jordan,20,Female,22022,gs://imagen4-faces-imagen-demo-460715/2746.png
2747,Jordan,20,Female,71042,gs://imagen4-faces-imagen-demo-460715/2747.png
2748,Jordan,20,Female,41538,gs://imagen4-faces-imagen-demo-460715/2748.png
2749,Jordan,30,Male,29103,gs://imagen4-faces-imagen-demo-460715/2749.png
2750,Jordan,30,Male,31969,gs://imagen4-faces-imagen-demo-460715/2750.png
2751,Jordan,30,Male,71602,gs://imagen4-faces-imagen-demo-460715/2751.png
2752,Jordan,30,Male,10189,gs://imagen4-faces-imagen-demo-460715/2752.png
2753,Jordan,30,Male,57053,gs://imagen4-faces-imagen-demo-460715/2753.png
2754,Jordan,30,Male,94841,gs://imagen4-faces-imagen-demo-460715/2754.png
2755,Jordan,30,Female,18395,gs://imagen4-faces-imagen-demo-460715/2755.png
2756,Jordan,30,Female,17780,gs://imagen4-faces-imagen-demo-460715/2756.png
2757,Jordan,30,Female,26122,gs://imagen4-faces-imagen-demo-460715/2757.png
2758,Jordan,30,Female,11729,gs://imagen4-faces-imagen-demo-460715/2758.png
2759,Jordan,30,Female,58790,gs://imagen4-faces-imagen-demo-460715/2759.png
2760,Jordan,30,Female,49056,gs://imagen4-faces-imagen-demo-460715/2760.png
2761,Kazakhstan,20,Male,67944,gs://imagen4-faces-imagen-demo-460715/2761.png
2762,Kazakhstan,20,Male,93416,gs://imagen4-faces-imagen-demo-460715/2762.png
2763,Kazakhstan,20,Male,15620,gs://imagen4-faces-imagen-demo-460715/2763.png
2764,Kazakhstan,20,Male,68309,gs://imagen4-faces-imagen-demo-460715/2764.png
2765,Kazakhstan,20,Male,98627,gs://imagen4-faces-imagen-demo-460715/2765.png
2766,Kazakhstan,20,Male,69348,gs://imagen4-faces-imagen-demo-460715/2766.png
2767,Kazakhstan,20,Female,70167,gs://imagen4-faces-imagen-demo-460715/2767.png
2768,Kazakhstan,20,Female,25791,gs://imagen4-faces-imagen-demo-460715/2768.png
2769,Kazakhstan,20,Female,51965,gs://imagen4-faces-imagen-demo-460715/2769.png
2770,Kazakhstan,20,Female,72638,gs://imagen4-faces-imagen-demo-460715/2770.png
2771,Kazakhstan,20,Female,11579,gs://imagen4-faces-imagen-demo-460715/2771.png
2772,Kazakhstan,20,Female,47031,gs://imagen4-faces-imagen-demo-460715/2772.png
2773,Kazakhstan,30,Male,47107,gs://imagen4-faces-imagen-demo-460715/2773.png
2774,Kazakhstan,30,Male,91065,gs://imagen4-faces-imagen-demo-460715/2774.png
2775,Kazakhstan,30,Male,92270,gs://imagen4-faces-imagen-demo-460715/2775.png
2776,Kazakhstan,30,Male,94623,gs://imagen4-faces-imagen-demo-460715/2776.png
2777,Kazakhstan,30,Male,27984,gs://imagen4-faces-imagen-demo-460715/2777.png
2778,Kazakhstan,30,Male,10084,gs://imagen4-faces-imagen-demo-460715/2778.png
2779,Kazakhstan,30,Female,82732,gs://imagen4-faces-imagen-demo-460715/2779.png
2780,Kazakhstan,30,Female,15540,gs://imagen4-faces-imagen-demo-460715/2780.png
2781,Kazakhstan,30,Female,28531,gs://imagen4-faces-imagen-demo-460715/2781.png
2782,Kazakhstan,30,Female,23436,gs://imagen4-faces-imagen-demo-460715/2782.png
2783,Kazakhstan,30,Female,84202,gs://imagen4-faces-imagen-demo-460715/2783.png
2784,Kazakhstan,30,Female,13153,gs://imagen4-faces-imagen-demo-460715/2784.png
2785,Kenya,20,Male,40987,gs://imagen4-faces-imagen-demo-460715/2785.png
2786,Kenya,20,Male,77725,gs://imagen4-faces-imagen-demo-460715/2786.png
2787,Kenya,20,Male,58875,gs://imagen4-faces-imagen-demo-460715/2787.png
2788,Kenya,20,Male,87539,gs://imagen4-faces-imagen-demo-460715/2788.png
2789,Kenya,20,Male,13833,gs://imagen4-faces-imagen-demo-460715/2789.png
2790,Kenya,20,Male,88403,gs://imagen4-faces-imagen-demo-460715/2790.png
2791,Kenya,20,Female,56029,gs://imagen4-faces-imagen-demo-460715/2791.png
2792,Kenya,20,Female,60320,gs://imagen4-faces-imagen-demo-460715/2792.png
2793,Kenya,20,Female,49663,gs://imagen4-faces-imagen-demo-460715/2793.png
2794,Kenya,20,Female,99390,gs://imagen4-faces-imagen-demo-460715/2794.png
2795,Kenya,20,Female,68169,gs://imagen4-faces-imagen-demo-460715/2795.png
2796,Kenya,20,Female,87032,gs://imagen4-faces-imagen-demo-460715/2796.png
2797,Kenya,30,Male,70342,gs://imagen4-faces-imagen-demo-460715/2797.png
2798,Kenya,30,Male,81350,gs://imagen4-faces-imagen-demo-460715/2798.png
2799,Kenya,30,Male,10370,gs://imagen4-faces-imagen-demo-460715/2799.png
2800,Kenya,30,Male,70987,gs://imagen4-faces-imagen-demo-460715/2800.png
2801,Kenya,30,Male,90810,gs://imagen4-faces-imagen-demo-460715/2801.png
2802,Kenya,30,Male,30074,gs://imagen4-faces-imagen-demo-460715/2802.png
2803,Kenya,30,Female,66451,gs://imagen4-faces-imagen-demo-460715/2803.png
2804,Kenya,30,Female,80235,gs://imagen4-faces-imagen-demo-460715/2804.png
2805,Kenya,30,Female,47788,gs://imagen4-faces-imagen-demo-460715/2805.png
2806,Kenya,30,Female,23186,gs://imagen4-faces-imagen-demo-460715/2806.png
2807,Kenya,30,Female,62513,gs://imagen4-faces-imagen-demo-460715/2807.png
2808,Kenya,30,Female,61246,gs://imagen4-faces-imagen-demo-460715/2808.png
2809,Kiribati,20,Male,53886,gs://imagen4-faces-imagen-demo-460715/2809.png
2810,Kiribati,20,Male,52768,gs://imagen4-faces-imagen-demo-460715/2810.png
2811,Kiribati,20,Male,88218,gs://imagen4-faces-imagen-demo-460715/2811.png
2812,Kiribati,20,Male,59386,gs://imagen4-faces-imagen-demo-460715/2812.png
2813,Kiribati,20,Male,20522,gs://imagen4-faces-imagen-demo-460715/2813.png
2814,Kiribati,20,Male,29677,gs://imagen4-faces-imagen-demo-460715/2814.png
2815,Kiribati,20,Female,85763,gs://imagen4-faces-imagen-demo-460715/2815.png
2816,Kiribati,20,Female,81465,gs://imagen4-faces-imagen-demo-460715/2816.png
2817,Kiribati,20,Female,19421,gs://imagen4-faces-imagen-demo-460715/2817.png
2818,Kiribati,20,Female,52352,gs://imagen4-faces-imagen-demo-460715/2818.png
2819,Kiribati,20,Female,81846,gs://imagen4-faces-imagen-demo-460715/2819.png
2820,Kiribati,20,Female,93834,gs://imagen4-faces-imagen-demo-460715/2820.png
2821,Kiribati,30,Male,33939,gs://imagen4-faces-imagen-demo-460715/2821.png
2822,Kiribati,30,Male,60311,gs://imagen4-faces-imagen-demo-460715/2822.png
2823,Kiribati,30,Male,13103,gs://imagen4-faces-imagen-demo-460715/2823.png
2824,Kiribati,30,Male,63516,gs://imagen4-faces-imagen-demo-460715/2824.png
2825,Kiribati,30,Male,89450,gs://imagen4-faces-imagen-demo-460715/2825.png
2826,Kiribati,30,Male,36040,gs://imagen4-faces-imagen-demo-460715/2826.png
2827,Kiribati,30,Female,94208,gs://imagen4-faces-imagen-demo-460715/2827.png
2828,Kiribati,30,Female,77087,gs://imagen4-faces-imagen-demo-460715/2828.png
2829,Kiribati,30,Female,54441,gs://imagen4-faces-imagen-demo-460715/2829.png
2830,Kiribati,30,Female,56550,gs://imagen4-faces-imagen-demo-460715/2830.png
2831,Kiribati,30,Female,18755,gs://imagen4-faces-imagen-demo-460715/2831.png
2832,Kiribati,30,Female,83747,gs://imagen4-faces-imagen-demo-460715/2832.png
2833,Korea (Democratic People's Republic of),20,Male,60586,gs://imagen4-faces-imagen-demo-460715/2833.png
2834,Korea (Democratic People's Republic of),20,Male,45045,gs://imagen4-faces-imagen-demo-460715/2834.png
2835,Korea (Democratic People's Republic of),20,Male,20752,gs://imagen4-faces-imagen-demo-460715/2835.png
2836,Korea (Democratic People's Republic of),20,Male,92285,gs://imagen4-faces-imagen-demo-460715/2836.png
2837,Korea (Democratic People's Republic of),20,Male,51559,gs://imagen4-faces-imagen-demo-460715/2837.png
2838,Korea (Democratic People's Republic of),20,Male,41747,gs://imagen4-faces-imagen-demo-460715/2838.png
2839,Korea (Democratic People's Republic of),20,Female,52194,gs://imagen4-faces-imagen-demo-460715/2839.png
2840,Korea (Democratic People's Republic of),20,Female,29762,gs://imagen4-faces-imagen-demo-460715/2840.png
2841,Korea (Democratic People's Republic of),20,Female,45839,gs://imagen4-faces-imagen-demo-460715/2841.png
2842,Korea (Democratic People's Republic of),20,Female,73551,gs://imagen4-faces-imagen-demo-460715/2842.png
2843,Korea (Democratic People's Republic of),20,Female,70279,gs://imagen4-faces-imagen-demo-460715/2843.png
2844,Korea (Democratic People's Republic of),20,Female,19474,gs://imagen4-faces-imagen-demo-460715/2844.png
2845,Korea (Democratic People's Republic of),30,Male,70819,gs://imagen4-faces-imagen-demo-460715/2845.png
2846,Korea (Democratic People's Republic of),30,Male,82439,gs://imagen4-faces-imagen-demo-460715/2846.png
2847,Korea (Democratic People's Republic of),30,Male,91394,gs://imagen4-faces-imagen-demo-460715/2847.png
2848,Korea (Democratic People's Republic of),30,Male,76316,gs://imagen4-faces-imagen-demo-460715/2848.png
2849,Korea (Democratic People's Republic of),30,Male,47005,gs://imagen4-faces-imagen-demo-460715/2849.png
2850,Korea (Democratic People's Republic of),30,Male,97665,gs://imagen4-faces-imagen-demo-460715/2850.png
2851,Korea (Democratic People's Republic of),30,Female,54418,gs://imagen4-faces-imagen-demo-460715/2851.png
2852,Korea (Democratic People's Republic of),30,Female,31790,gs://imagen4-faces-imagen-demo-460715/2852.png
2853,Korea (Democratic People's Republic of),30,Female,29895,gs://imagen4-faces-imagen-demo-460715/2853.png
2854,Korea (Democratic People's Republic of),30,Female,33418,gs://imagen4-faces-imagen-demo-460715/2854.png
2855,Korea (Democratic People's Republic of),30,Female,70670,gs://imagen4-faces-imagen-demo-460715/2855.png
2856,Korea (Democratic People's Republic of),30,Female,99946,gs://imagen4-faces-imagen-demo-460715/2856.png
2857,Korea (Republic of),20,Male,70215,gs://imagen4-faces-imagen-demo-460715/2857.png
2858,Korea (Republic of),20,Male,18826,gs://imagen4-faces-imagen-demo-460715/2858.png
2859,Korea (Republic of),20,Male,16853,gs://imagen4-faces-imagen-demo-460715/2859.png
2860,Korea (Republic of),20,Male,29887,gs://imagen4-faces-imagen-demo-460715/2860.png
2861,Korea (Republic of),20,Male,38162,gs://imagen4-faces-imagen-demo-460715/2861.png
2862,Korea (Republic of),20,Male,23717,gs://imagen4-faces-imagen-demo-460715/2862.png
2863,Korea (Republic of),20,Female,41919,gs://imagen4-faces-imagen-demo-460715/2863.png
2864,Korea (Republic of),20,Female,66832,gs://imagen4-faces-imagen-demo-460715/2864.png
2865,Korea (Republic of),20,Female,86992,gs://imagen4-faces-imagen-demo-460715/2865.png
2866,Korea (Republic of),20,Female,79800,gs://imagen4-faces-imagen-demo-460715/2866.png
2867,Korea (Republic of),20,Female,70392,gs://imagen4-faces-imagen-demo-460715/2867.png
2868,Korea (Republic of),20,Female,57187,gs://imagen4-faces-imagen-demo-460715/2868.png
2869,Korea (Republic of),30,Male,95426,gs://imagen4-faces-imagen-demo-460715/2869.png
2870,Korea (Republic of),30,Male,66504,gs://imagen4-faces-imagen-demo-460715/2870.png
2871,Korea (Republic of),30,Male,13386,gs://imagen4-faces-imagen-demo-460715/2871.png
2872,Korea (Republic of),30,Male,96104,gs://imagen4-faces-imagen-demo-460715/2872.png
2873,Korea (Republic of),30,Male,58664,gs://imagen4-faces-imagen-demo-460715/2873.png
2874,Korea (Republic of),30,Male,89910,gs://imagen4-faces-imagen-demo-460715/2874.png
2875,Korea (Republic of),30,Female,91357,gs://imagen4-faces-imagen-demo-460715/2875.png
2876,Korea (Republic of),30,Female,54293,gs://imagen4-faces-imagen-demo-460715/2876.png
2877,Korea (Republic of),30,Female,27540,gs://imagen4-faces-imagen-demo-460715/2877.png
2878,Korea (Republic of),30,Female,16222,gs://imagen4-faces-imagen-demo-460715/2878.png
2879,Korea (Republic of),30,Female,83070,gs://imagen4-faces-imagen-demo-460715/2879.png
2880,Korea (Republic of),30,Female,70636,gs://imagen4-faces-imagen-demo-460715/2880.png
2881,Kuwait,20,Male,43993,gs://imagen4-faces-imagen-demo-460715/2881.png
2882,Kuwait,20,Male,93636,gs://imagen4-faces-imagen-demo-460715/2882.png
2883,Kuwait,20,Male,27544,gs://imagen4-faces-imagen-demo-460715/2883.png
2884,Kuwait,20,Male,83620,gs://imagen4-faces-imagen-demo-460715/2884.png
2885,Kuwait,20,Male,70001,gs://imagen4-faces-imagen-demo-460715/2885.png
2886,Kuwait,20,Male,49693,gs://imagen4-faces-imagen-demo-460715/2886.png
2887,Kuwait,20,Female,69281,gs://imagen4-faces-imagen-demo-460715/2887.png
2888,Kuwait,20,Female,95686,gs://imagen4-faces-imagen-demo-460715/2888.png
2889,Kuwait,20,Female,94082,gs://imagen4-faces-imagen-demo-460715/2889.png
2890,Kuwait,20,Female,65898,gs://imagen4-faces-imagen-demo-460715/2890.png
2891,Kuwait,20,Female,65910,gs://imagen4-faces-imagen-demo-460715/2891.png
2892,Kuwait,20,Female,16927,gs://imagen4-faces-imagen-demo-460715/2892.png
2893,Kuwait,30,Male,35485,gs://imagen4-faces-imagen-demo-460715/2893.png
2894,Kuwait,30,Male,41490,gs://imagen4-faces-imagen-demo-460715/2894.png
2895,Kuwait,30,Male,23024,gs://imagen4-faces-imagen-demo-460715/2895.png
2896,Kuwait,30,Male,84638,gs://imagen4-faces-imagen-demo-460715/2896.png
2897,Kuwait,30,Male,60809,gs://imagen4-faces-imagen-demo-460715/2897.png
2898,Kuwait,30,Male,23303,gs://imagen4-faces-imagen-demo-460715/2898.png
2899,Kuwait,30,Female,80630,gs://imagen4-faces-imagen-demo-460715/2899.png
2900,Kuwait,30,Female,85096,gs://imagen4-faces-imagen-demo-460715/2900.png
2901,Kuwait,30,Female,36340,gs://imagen4-faces-imagen-demo-460715/2901.png
2902,Kuwait,30,Female,47689,gs://imagen4-faces-imagen-demo-460715/2902.png
2903,Kuwait,30,Female,76839,gs://imagen4-faces-imagen-demo-460715/2903.png
2904,Kuwait,30,Female,97022,gs://imagen4-faces-imagen-demo-460715/2904.png
2905,Kyrgyzstan,20,Male,99516,gs://imagen4-faces-imagen-demo-460715/2905.png
2906,Kyrgyzstan,20,Male,19388,gs://imagen4-faces-imagen-demo-460715/2906.png
2907,Kyrgyzstan,20,Male,58402,gs://imagen4-faces-imagen-demo-460715/2907.png
2908,Kyrgyzstan,20,Male,70143,gs://imagen4-faces-imagen-demo-460715/2908.png
2909,Kyrgyzstan,20,Male,90098,gs://imagen4-faces-imagen-demo-460715/2909.png
2910,Kyrgyzstan,20,Male,67723,gs://imagen4-faces-imagen-demo-460715/2910.png
2911,Kyrgyzstan,20,Female,73655,gs://imagen4-faces-imagen-demo-460715/2911.png
2912,Kyrgyzstan,20,Female,79645,gs://imagen4-faces-imagen-demo-460715/2912.png
2913,Kyrgyzstan,20,Female,66795,gs://imagen4-faces-imagen-demo-460715/2913.png
2914,Kyrgyzstan,20,Female,80990,gs://imagen4-faces-imagen-demo-460715/2914.png
2915,Kyrgyzstan,20,Female,33400,gs://imagen4-faces-imagen-demo-460715/2915.png
2916,Kyrgyzstan,20,Female,77296,gs://imagen4-faces-imagen-demo-460715/2916.png
2917,Kyrgyzstan,30,Male,56456,gs://imagen4-faces-imagen-demo-460715/2917.png
2918,Kyrgyzstan,30,Male,10045,gs://imagen4-faces-imagen-demo-460715/2918.png
2919,Kyrgyzstan,30,Male,17448,gs://imagen4-faces-imagen-demo-460715/2919.png
2920,Kyrgyzstan,30,Male,15303,gs://imagen4-faces-imagen-demo-460715/2920.png
2921,Kyrgyzstan,30,Male,70651,gs://imagen4-faces-imagen-demo-460715/2921.png
2922,Kyrgyzstan,30,Male,23217,gs://imagen4-faces-imagen-demo-460715/2922.png
2923,Kyrgyzstan,30,Female,86337,gs://imagen4-faces-imagen-demo-460715/2923.png
2924,Kyrgyzstan,30,Female,99178,gs://imagen4-faces-imagen-demo-460715/2924.png
2925,Kyrgyzstan,30,Female,20294,gs://imagen4-faces-imagen-demo-460715/2925.png
2926,Kyrgyzstan,30,Female,53349,gs://imagen4-faces-imagen-demo-460715/2926.png
2927,Kyrgyzstan,30,Female,61510,gs://imagen4-faces-imagen-demo-460715/2927.png
2928,Kyrgyzstan,30,Female,97939,gs://imagen4-faces-imagen-demo-460715/2928.png
2929,Lao People's Democratic Republic,20,Male,93884,gs://imagen4-faces-imagen-demo-460715/2929.png
2930,Lao People's Democratic Republic,20,Male,86617,gs://imagen4-faces-imagen-demo-460715/2930.png
2931,Lao People's Democratic Republic,20,Male,50564,gs://imagen4-faces-imagen-demo-460715/2931.png
2932,Lao People's Democratic Republic,20,Male,66650,gs://imagen4-faces-imagen-demo-460715/2932.png
2933,Lao People's Democratic Republic,20,Male,62321,gs://imagen4-faces-imagen-demo-460715/2933.png
2934,Lao People's Democratic Republic,20,Male,56854,gs://imagen4-faces-imagen-demo-460715/2934.png
2935,Lao People's Democratic Republic,20,Female,18925,gs://imagen4-faces-imagen-demo-460715/2935.png
2936,Lao People's Democratic Republic,20,Female,49723,gs://imagen4-faces-imagen-demo-460715/2936.png
2937,Lao People's Democratic Republic,20,Female,49124,gs://imagen4-faces-imagen-demo-460715/2937.png
2938,Lao People's Democratic Republic,20,Female,75186,gs://imagen4-faces-imagen-demo-460715/2938.png
2939,Lao People's Democratic Republic,20,Female,54082,gs://imagen4-faces-imagen-demo-460715/2939.png
2940,Lao People's Democratic Republic,20,Female,37738,gs://imagen4-faces-imagen-demo-460715/2940.png
2941,Lao People's Democratic Republic,30,Male,48489,gs://imagen4-faces-imagen-demo-460715/2941.png
2942,Lao People's Democratic Republic,30,Male,15549,gs://imagen4-faces-imagen-demo-460715/2942.png
2943,Lao People's Democratic Republic,30,Male,70733,gs://imagen4-faces-imagen-demo-460715/2943.png
2944,Lao People's Democratic Republic,30,Male,31481,gs://imagen4-faces-imagen-demo-460715/2944.png
2945,Lao People's Democratic Republic,30,Male,25776,gs://imagen4-faces-imagen-demo-460715/2945.png
2946,Lao People's Democratic Republic,30,Male,11005,gs://imagen4-faces-imagen-demo-460715/2946.png
2947,Lao People's Democratic Republic,30,Female,28193,gs://imagen4-faces-imagen-demo-460715/2947.png
2948,Lao People's Democratic Republic,30,Female,62700,gs://imagen4-faces-imagen-demo-460715/2948.png
2949,Lao People's Democratic Republic,30,Female,46105,gs://imagen4-faces-imagen-demo-460715/2949.png
2950,Lao People's Democratic Republic,30,Female,60357,gs://imagen4-faces-imagen-demo-460715/2950.png
2951,Lao People's Democratic Republic,30,Female,65824,gs://imagen4-faces-imagen-demo-460715/2951.png
2952,Lao People's Democratic Republic,30,Female,91185,gs://imagen4-faces-imagen-demo-460715/2952.png
2953,Latvia,20,Male,90950,gs://imagen4-faces-imagen-demo-460715/2953.png
2954,Latvia,20,Male,98896,gs://imagen4-faces-imagen-demo-460715/2954.png
2955,Latvia,20,Male,82371,gs://imagen4-faces-imagen-demo-460715/2955.png
2956,Latvia,20,Male,56670,gs://imagen4-faces-imagen-demo-460715/2956.png
2957,Latvia,20,Male,63356,gs://imagen4-faces-imagen-demo-460715/2957.png
2958,Latvia,20,Male,80740,gs://imagen4-faces-imagen-demo-460715/2958.png
2959,Latvia,20,Female,57291,gs://imagen4-faces-imagen-demo-460715/2959.png
2960,Latvia,20,Female,17570,gs://imagen4-faces-imagen-demo-460715/2960.png
2961,Latvia,20,Female,65564,gs://imagen4-faces-imagen-demo-460715/2961.png
2962,Latvia,20,Female,14627,gs://imagen4-faces-imagen-demo-460715/2962.png
2963,Latvia,20,Female,55777,gs://imagen4-faces-imagen-demo-460715/2963.png
2964,Latvia,20,Female,82678,gs://imagen4-faces-imagen-demo-460715/2964.png
2965,Latvia,30,Male,63110,gs://imagen4-faces-imagen-demo-460715/2965.png
2966,Latvia,30,Male,49516,gs://imagen4-faces-imagen-demo-460715/2966.png
2967,Latvia,30,Male,65462,gs://imagen4-faces-imagen-demo-460715/2967.png
2968,Latvia,30,Male,69001,gs://imagen4-faces-imagen-demo-460715/2968.png
2969,Latvia,30,Male,55426,gs://imagen4-faces-imagen-demo-460715/2969.png
2970,Latvia,30,Male,78407,gs://imagen4-faces-imagen-demo-460715/2970.png
2971,Latvia,30,Female,75427,gs://imagen4-faces-imagen-demo-460715/2971.png
2972,Latvia,30,Female,73659,gs://imagen4-faces-imagen-demo-460715/2972.png
2973,Latvia,30,Female,12265,gs://imagen4-faces-imagen-demo-460715/2973.png
2974,Latvia,30,Female,45004,gs://imagen4-faces-imagen-demo-460715/2974.png
2975,Latvia,30,Female,91761,gs://imagen4-faces-imagen-demo-460715/2975.png
2976,Latvia,30,Female,69568,gs://imagen4-faces-imagen-demo-460715/2976.png
2977,Lebanon,20,Male,91773,gs://imagen4-faces-imagen-demo-460715/2977.png
2978,Lebanon,20,Male,16127,gs://imagen4-faces-imagen-demo-460715/2978.png
2979,Lebanon,20,Male,20153,gs://imagen4-faces-imagen-demo-460715/2979.png
2980,Lebanon,20,Male,31631,gs://imagen4-faces-imagen-demo-460715/2980.png
2981,Lebanon,20,Male,93945,gs://imagen4-faces-imagen-demo-460715/2981.png
2982,Lebanon,20,Male,50848,gs://imagen4-faces-imagen-demo-460715/2982.png
2983,Lebanon,20,Female,38018,gs://imagen4-faces-imagen-demo-460715/2983.png
2984,Lebanon,20,Female,58402,gs://imagen4-faces-imagen-demo-460715/2984.png
2985,Lebanon,20,Female,37875,gs://imagen4-faces-imagen-demo-460715/2985.png
2986,Lebanon,20,Female,97992,gs://imagen4-faces-imagen-demo-460715/2986.png
2987,Lebanon,20,Female,57655,gs://imagen4-faces-imagen-demo-460715/2987.png
2988,Lebanon,20,Female,58056,gs://imagen4-faces-imagen-demo-460715/2988.png
2989,Lebanon,30,Male,64877,gs://imagen4-faces-imagen-demo-460715/2989.png
2990,Lebanon,30,Male,33974,gs://imagen4-faces-imagen-demo-460715/2990.png
2991,Lebanon,30,Male,14241,gs://imagen4-faces-imagen-demo-460715/2991.png
2992,Lebanon,30,Male,74410,gs://imagen4-faces-imagen-demo-460715/2992.png
2993,Lebanon,30,Male,58051,gs://imagen4-faces-imagen-demo-460715/2993.png
2994,Lebanon,30,Male,43617,gs://imagen4-faces-imagen-demo-460715/2994.png
2995,Lebanon,30,Female,21335,gs://imagen4-faces-imagen-demo-460715/2995.png
2996,Lebanon,30,Female,15542,gs://imagen4-faces-imagen-demo-460715/2996.png
2997,Lebanon,30,Female,67778,gs://imagen4-faces-imagen-demo-460715/2997.png
2998,Lebanon,30,Female,89471,gs://imagen4-faces-imagen-demo-460715/2998.png
2999,Lebanon,30,Female,27930,gs://imagen4-faces-imagen-demo-460715/2999.png
3000,Lebanon,30,Female,28042,gs://imagen4-faces-imagen-demo-460715/3000.png
3001,Lesotho,20,Male,81905,gs://imagen4-faces-imagen-demo-460715/3001.png
3002,Lesotho,20,Male,53064,gs://imagen4-faces-imagen-demo-460715/3002.png
3003,Lesotho,20,Male,60387,gs://imagen4-faces-imagen-demo-460715/3003.png
3004,Lesotho,20,Male,73518,gs://imagen4-faces-imagen-demo-460715/3004.png
3005,Lesotho,20,Male,64748,gs://imagen4-faces-imagen-demo-460715/3005.png
3006,Lesotho,20,Male,76553,gs://imagen4-faces-imagen-demo-460715/3006.png
3007,Lesotho,20,Female,17340,gs://imagen4-faces-imagen-demo-460715/3007.png
3008,Lesotho,20,Female,77621,gs://imagen4-faces-imagen-demo-460715/3008.png
3009,Lesotho,20,Female,83484,gs://imagen4-faces-imagen-demo-460715/3009.png
3010,Lesotho,20,Female,80827,gs://imagen4-faces-imagen-demo-460715/3010.png
3011,Lesotho,20,Female,68408,gs://imagen4-faces-imagen-demo-460715/3011.png
3012,Lesotho,20,Female,81225,gs://imagen4-faces-imagen-demo-460715/3012.png
3013,Lesotho,30,Male,53065,gs://imagen4-faces-imagen-demo-460715/3013.png
3014,Lesotho,30,Male,98143,gs://imagen4-faces-imagen-demo-460715/3014.png
3015,Lesotho,30,Male,65349,gs://imagen4-faces-imagen-demo-460715/3015.png
3016,Lesotho,30,Male,61600,gs://imagen4-faces-imagen-demo-460715/3016.png
3017,Lesotho,30,Male,31378,gs://imagen4-faces-imagen-demo-460715/3017.png
3018,Lesotho,30,Male,35224,gs://imagen4-faces-imagen-demo-460715/3018.png
3019,Lesotho,30,Female,36056,gs://imagen4-faces-imagen-demo-460715/3019.png
3020,Lesotho,30,Female,82316,gs://imagen4-faces-imagen-demo-460715/3020.png
3021,Lesotho,30,Female,35679,gs://imagen4-faces-imagen-demo-460715/3021.png
3022,Lesotho,30,Female,18074,gs://imagen4-faces-imagen-demo-460715/3022.png
3023,Lesotho,30,Female,22316,gs://imagen4-faces-imagen-demo-460715/3023.png
3024,Lesotho,30,Female,39939,gs://imagen4-faces-imagen-demo-460715/3024.png
3025,Liberia,20,Male,52201,gs://imagen4-faces-imagen-demo-460715/3025.png
3026,Liberia,20,Male,95743,gs://imagen4-faces-imagen-demo-460715/3026.png
3027,Liberia,20,Male,85401,gs://imagen4-faces-imagen-demo-460715/3027.png
3028,Liberia,20,Male,96669,gs://imagen4-faces-imagen-demo-460715/3028.png
3029,Liberia,20,Male,74812,gs://imagen4-faces-imagen-demo-460715/3029.png
3030,Liberia,20,Male,36550,gs://imagen4-faces-imagen-demo-460715/3030.png
3031,Liberia,20,Female,84883,gs://imagen4-faces-imagen-demo-460715/3031.png
3032,Liberia,20,Female,36554,gs://imagen4-faces-imagen-demo-460715/3032.png
3033,Liberia,20,Female,60058,gs://imagen4-faces-imagen-demo-460715/3033.png
3034,Liberia,20,Female,88197,gs://imagen4-faces-imagen-demo-460715/3034.png
3035,Liberia,20,Female,92436,gs://imagen4-faces-imagen-demo-460715/3035.png
3036,Liberia,20,Female,99183,gs://imagen4-faces-imagen-demo-460715/3036.png
3037,Liberia,30,Male,51672,gs://imagen4-faces-imagen-demo-460715/3037.png
3038,Liberia,30,Male,42185,gs://imagen4-faces-imagen-demo-460715/3038.png
3039,Liberia,30,Male,23979,gs://imagen4-faces-imagen-demo-460715/3039.png
3040,Liberia,30,Male,17333,gs://imagen4-faces-imagen-demo-460715/3040.png
3041,Liberia,30,Male,51413,gs://imagen4-faces-imagen-demo-460715/3041.png
3042,Liberia,30,Male,83530,gs://imagen4-faces-imagen-demo-460715/3042.png
3043,Liberia,30,Female,66252,gs://imagen4-faces-imagen-demo-460715/3043.png
3044,Liberia,30,Female,23355,gs://imagen4-faces-imagen-demo-460715/3044.png
3045,Liberia,30,Female,15140,gs://imagen4-faces-imagen-demo-460715/3045.png
3046,Liberia,30,Female,22976,gs://imagen4-faces-imagen-demo-460715/3046.png
3047,Liberia,30,Female,75831,gs://imagen4-faces-imagen-demo-460715/3047.png
3048,Liberia,30,Female,79851,gs://imagen4-faces-imagen-demo-460715/3048.png
3049,Libya,20,Male,76055,gs://imagen4-faces-imagen-demo-460715/3049.png
3050,Libya,20,Male,14884,gs://imagen4-faces-imagen-demo-460715/3050.png
3051,Libya,20,Male,74505,gs://imagen4-faces-imagen-demo-460715/3051.png
3052,Libya,20,Male,24587,gs://imagen4-faces-imagen-demo-460715/3052.png
3053,Libya,20,Male,12302,gs://imagen4-faces-imagen-demo-460715/3053.png
3054,Libya,20,Male,23207,gs://imagen4-faces-imagen-demo-460715/3054.png
3055,Libya,20,Female,68320,gs://imagen4-faces-imagen-demo-460715/3055.png
3056,Libya,20,Female,26102,gs://imagen4-faces-imagen-demo-460715/3056.png
3057,Libya,20,Female,90367,gs://imagen4-faces-imagen-demo-460715/3057.png
3058,Libya,20,Female,93723,gs://imagen4-faces-imagen-demo-460715/3058.png
3059,Libya,20,Female,21825,gs://imagen4-faces-imagen-demo-460715/3059.png
3060,Libya,20,Female,65304,gs://imagen4-faces-imagen-demo-460715/3060.png
3061,Libya,30,Male,74173,gs://imagen4-faces-imagen-demo-460715/3061.png
3062,Libya,30,Male,65886,gs://imagen4-faces-imagen-demo-460715/3062.png
3063,Libya,30,Male,95745,gs://imagen4-faces-imagen-demo-460715/3063.png
3064,Libya,30,Male,95416,gs://imagen4-faces-imagen-demo-460715/3064.png
3065,Libya,30,Male,36653,gs://imagen4-faces-imagen-demo-460715/3065.png
3066,Libya,30,Male,12004,gs://imagen4-faces-imagen-demo-460715/3066.png
3067,Libya,30,Female,36711,gs://imagen4-faces-imagen-demo-460715/3067.png
3068,Libya,30,Female,13573,gs://imagen4-faces-imagen-demo-460715/3068.png
3069,Libya,30,Female,28865,gs://imagen4-faces-imagen-demo-460715/3069.png
3070,Libya,30,Female,61273,gs://imagen4-faces-imagen-demo-460715/3070.png
3071,Libya,30,Female,70399,gs://imagen4-faces-imagen-demo-460715/3071.png
3072,Libya,30,Female,41154,gs://imagen4-faces-imagen-demo-460715/3072.png
3073,Liechtenstein,20,Male,32210,gs://imagen4-faces-imagen-demo-460715/3073.png
3074,Liechtenstein,20,Male,24832,gs://imagen4-faces-imagen-demo-460715/3074.png
3075,Liechtenstein,20,Male,81421,gs://imagen4-faces-imagen-demo-460715/3075.png
3076,Liechtenstein,20,Male,83438,gs://imagen4-faces-imagen-demo-460715/3076.png
3077,Liechtenstein,20,Male,89675,gs://imagen4-faces-imagen-demo-460715/3077.png
3078,Liechtenstein,20,Male,60784,gs://imagen4-faces-imagen-demo-460715/3078.png
3079,Liechtenstein,20,Female,22482,gs://imagen4-faces-imagen-demo-460715/3079.png
3080,Liechtenstein,20,Female,94353,gs://imagen4-faces-imagen-demo-460715/3080.png
3081,Liechtenstein,20,Female,85903,gs://imagen4-faces-imagen-demo-460715/3081.png
3082,Liechtenstein,20,Female,92098,gs://imagen4-faces-imagen-demo-460715/3082.png
3083,Liechtenstein,20,Female,34021,gs://imagen4-faces-imagen-demo-460715/3083.png
3084,Liechtenstein,20,Female,50699,gs://imagen4-faces-imagen-demo-460715/3084.png
3085,Liechtenstein,30,Male,93956,gs://imagen4-faces-imagen-demo-460715/3085.png
3086,Liechtenstein,30,Male,67336,gs://imagen4-faces-imagen-demo-460715/3086.png
3087,Liechtenstein,30,Male,47377,gs://imagen4-faces-imagen-demo-460715/3087.png
3088,Liechtenstein,30,Male,19282,gs://imagen4-faces-imagen-demo-460715/3088.png
3089,Liechtenstein,30,Male,13016,gs://imagen4-faces-imagen-demo-460715/3089.png
3090,Liechtenstein,30,Male,70402,gs://imagen4-faces-imagen-demo-460715/3090.png
3091,Liechtenstein,30,Female,51346,gs://imagen4-faces-imagen-demo-460715/3091.png
3092,Liechtenstein,30,Female,74533,gs://imagen4-faces-imagen-demo-460715/3092.png
3093,Liechtenstein,30,Female,90775,gs://imagen4-faces-imagen-demo-460715/3093.png
3094,Liechtenstein,30,Female,94821,gs://imagen4-faces-imagen-demo-460715/3094.png
3095,Liechtenstein,30,Female,79389,gs://imagen4-faces-imagen-demo-460715/3095.png
3096,Liechtenstein,30,Female,21699,gs://imagen4-faces-imagen-demo-460715/3096.png
3097,Lithuania,20,Male,57503,gs://imagen4-faces-imagen-demo-460715/3097.png
3098,Lithuania,20,Male,96469,gs://imagen4-faces-imagen-demo-460715/3098.png
3099,Lithuania,20,Male,70636,gs://imagen4-faces-imagen-demo-460715/3099.png
3100,Lithuania,20,Male,79559,gs://imagen4-faces-imagen-demo-460715/3100.png
3101,Lithuania,20,Male,53163,gs://imagen4-faces-imagen-demo-460715/3101.png
3102,Lithuania,20,Male,65205,gs://imagen4-faces-imagen-demo-460715/3102.png
3103,Lithuania,20,Female,31800,gs://imagen4-faces-imagen-demo-460715/3103.png
3104,Lithuania,20,Female,61987,gs://imagen4-faces-imagen-demo-460715/3104.png
3105,Lithuania,20,Female,45331,gs://imagen4-faces-imagen-demo-460715/3105.png
3106,Lithuania,20,Female,44260,gs://imagen4-faces-imagen-demo-460715/3106.png
3107,Lithuania,20,Female,35311,gs://imagen4-faces-imagen-demo-460715/3107.png
3108,Lithuania,20,Female,41861,gs://imagen4-faces-imagen-demo-460715/3108.png
3109,Lithuania,30,Male,33355,gs://imagen4-faces-imagen-demo-460715/3109.png
3110,Lithuania,30,Male,30836,gs://imagen4-faces-imagen-demo-460715/3110.png
3111,Lithuania,30,Male,10054,gs://imagen4-faces-imagen-demo-460715/3111.png
3112,Lithuania,30,Male,59989,gs://imagen4-faces-imagen-demo-460715/3112.png
3113,Lithuania,30,Male,14036,gs://imagen4-faces-imagen-demo-460715/3113.png
3114,Lithuania,30,Male,61463,gs://imagen4-faces-imagen-demo-460715/3114.png
3115,Lithuania,30,Female,65578,gs://imagen4-faces-imagen-demo-460715/3115.png
3116,Lithuania,30,Female,81877,gs://imagen4-faces-imagen-demo-460715/3116.png
3117,Lithuania,30,Female,80946,gs://imagen4-faces-imagen-demo-460715/3117.png
3118,Lithuania,30,Female,95240,gs://imagen4-faces-imagen-demo-460715/3118.png
3119,Lithuania,30,Female,65663,gs://imagen4-faces-imagen-demo-460715/3119.png
3120,Lithuania,30,Female,88935,gs://imagen4-faces-imagen-demo-460715/3120.png
3121,Luxembourg,20,Male,40774,gs://imagen4-faces-imagen-demo-460715/3121.png
3122,Luxembourg,20,Male,87789,gs://imagen4-faces-imagen-demo-460715/3122.png
3123,Luxembourg,20,Male,97447,gs://imagen4-faces-imagen-demo-460715/3123.png
3124,Luxembourg,20,Male,85350,gs://imagen4-faces-imagen-demo-460715/3124.png
3125,Luxembourg,20,Male,82001,gs://imagen4-faces-imagen-demo-460715/3125.png
3126,Luxembourg,20,Male,87273,gs://imagen4-faces-imagen-demo-460715/3126.png
3127,Luxembourg,20,Female,23637,gs://imagen4-faces-imagen-demo-460715/3127.png
3128,Luxembourg,20,Female,80755,gs://imagen4-faces-imagen-demo-460715/3128.png
3129,Luxembourg,20,Female,56437,gs://imagen4-faces-imagen-demo-460715/3129.png
3130,Luxembourg,20,Female,36494,gs://imagen4-faces-imagen-demo-460715/3130.png
3131,Luxembourg,20,Female,29740,gs://imagen4-faces-imagen-demo-460715/3131.png
3132,Luxembourg,20,Female,75685,gs://imagen4-faces-imagen-demo-460715/3132.png
3133,Luxembourg,30,Male,89334,gs://imagen4-faces-imagen-demo-460715/3133.png
3134,Luxembourg,30,Male,91422,gs://imagen4-faces-imagen-demo-460715/3134.png
3135,Luxembourg,30,Male,68818,gs://imagen4-faces-imagen-demo-460715/3135.png
3136,Luxembourg,30,Male,42331,gs://imagen4-faces-imagen-demo-460715/3136.png
3137,Luxembourg,30,Male,46556,gs://imagen4-faces-imagen-demo-460715/3137.png
3138,Luxembourg,30,Male,93992,gs://imagen4-faces-imagen-demo-460715/3138.png
3139,Luxembourg,30,Female,12461,gs://imagen4-faces-imagen-demo-460715/3139.png
3140,Luxembourg,30,Female,32912,gs://imagen4-faces-imagen-demo-460715/3140.png
3141,Luxembourg,30,Female,89950,gs://imagen4-faces-imagen-demo-460715/3141.png
3142,Luxembourg,30,Female,37064,gs://imagen4-faces-imagen-demo-460715/3142.png
3143,Luxembourg,30,Female,15314,gs://imagen4-faces-imagen-demo-460715/3143.png
3144,Luxembourg,30,Female,95449,gs://imagen4-faces-imagen-demo-460715/3144.png
3145,Macao,20,Male,79721,gs://imagen4-faces-imagen-demo-460715/3145.png
3146,Macao,20,Male,43112,gs://imagen4-faces-imagen-demo-460715/3146.png
3147,Macao,20,Male,41556,gs://imagen4-faces-imagen-demo-460715/3147.png
3148,Macao,20,Male,70318,gs://imagen4-faces-imagen-demo-460715/3148.png
3149,Macao,20,Male,72434,gs://imagen4-faces-imagen-demo-460715/3149.png
3150,Macao,20,Male,47669,gs://imagen4-faces-imagen-demo-460715/3150.png
3151,Macao,20,Female,44582,gs://imagen4-faces-imagen-demo-460715/3151.png
3152,Macao,20,Female,87670,gs://imagen4-faces-imagen-demo-460715/3152.png
3153,Macao,20,Female,64146,gs://imagen4-faces-imagen-demo-460715/3153.png
3154,Macao,20,Female,23737,gs://imagen4-faces-imagen-demo-460715/3154.png
3155,Macao,20,Female,16241,gs://imagen4-faces-imagen-demo-460715/3155.png
3156,Macao,20,Female,44104,gs://imagen4-faces-imagen-demo-460715/3156.png
3157,Macao,30,Male,80945,gs://imagen4-faces-imagen-demo-460715/3157.png
3158,Macao,30,Male,74947,gs://imagen4-faces-imagen-demo-460715/3158.png
3159,Macao,30,Male,74321,gs://imagen4-faces-imagen-demo-460715/3159.png
3160,Macao,30,Male,94684,gs://imagen4-faces-imagen-demo-460715/3160.png
3161,Macao,30,Male,43493,gs://imagen4-faces-imagen-demo-460715/3161.png
3162,Macao,30,Male,18969,gs://imagen4-faces-imagen-demo-460715/3162.png
3163,Macao,30,Female,61765,gs://imagen4-faces-imagen-demo-460715/3163.png
3164,Macao,30,Female,45949,gs://imagen4-faces-imagen-demo-460715/3164.png
3165,Macao,30,Female,78734,gs://imagen4-faces-imagen-demo-460715/3165.png
3166,Macao,30,Female,20477,gs://imagen4-faces-imagen-demo-460715/3166.png
3167,Macao,30,Female,25758,gs://imagen4-faces-imagen-demo-460715/3167.png
3168,Macao,30,Female,13659,gs://imagen4-faces-imagen-demo-460715/3168.png
3169,Madagascar,20,Male,84930,gs://imagen4-faces-imagen-demo-460715/3169.png
3170,Madagascar,20,Male,42242,gs://imagen4-faces-imagen-demo-460715/3170.png
3171,Madagascar,20,Male,29594,gs://imagen4-faces-imagen-demo-460715/3171.png
3172,Madagascar,20,Male,98530,gs://imagen4-faces-imagen-demo-460715/3172.png
3173,Madagascar,20,Male,99280,gs://imagen4-faces-imagen-demo-460715/3173.png
3174,Madagascar,20,Male,65929,gs://imagen4-faces-imagen-demo-460715/3174.png
3175,Madagascar,20,Female,95297,gs://imagen4-faces-imagen-demo-460715/3175.png
3176,Madagascar,20,Female,38749,gs://imagen4-faces-imagen-demo-460715/3176.png
3177,Madagascar,20,Female,15870,gs://imagen4-faces-imagen-demo-460715/3177.png
3178,Madagascar,20,Female,36546,gs://imagen4-faces-imagen-demo-460715/3178.png
3179,Madagascar,20,Female,89138,gs://imagen4-faces-imagen-demo-460715/3179.png
3180,Madagascar,20,Female,25227,gs://imagen4-faces-imagen-demo-460715/3180.png
3181,Madagascar,30,Male,37463,gs://imagen4-faces-imagen-demo-460715/3181.png
3182,Madagascar,30,Male,41748,gs://imagen4-faces-imagen-demo-460715/3182.png
3183,Madagascar,30,Male,28920,gs://imagen4-faces-imagen-demo-460715/3183.png
3184,Madagascar,30,Male,22685,gs://imagen4-faces-imagen-demo-460715/3184.png
3185,Madagascar,30,Male,87192,gs://imagen4-faces-imagen-demo-460715/3185.png
3186,Madagascar,30,Male,80266,gs://imagen4-faces-imagen-demo-460715/3186.png
3187,Madagascar,30,Female,46286,gs://imagen4-faces-imagen-demo-460715/3187.png
3188,Madagascar,30,Female,61366,gs://imagen4-faces-imagen-demo-460715/3188.png
3189,Madagascar,30,Female,81592,gs://imagen4-faces-imagen-demo-460715/3189.png
3190,Madagascar,30,Female,66893,gs://imagen4-faces-imagen-demo-460715/3190.png
3191,Madagascar,30,Female,37632,gs://imagen4-faces-imagen-demo-460715/3191.png
3192,Madagascar,30,Female,70780,gs://imagen4-faces-imagen-demo-460715/3192.png
3193,Malawi,20,Male,74344,gs://imagen4-faces-imagen-demo-460715/3193.png
3194,Malawi,20,Male,89525,gs://imagen4-faces-imagen-demo-460715/3194.png
3195,Malawi,20,Male,95874,gs://imagen4-faces-imagen-demo-460715/3195.png
3196,Malawi,20,Male,57013,gs://imagen4-faces-imagen-demo-460715/3196.png
3197,Malawi,20,Male,97517,gs://imagen4-faces-imagen-demo-460715/3197.png
3198,Malawi,20,Male,40622,gs://imagen4-faces-imagen-demo-460715/3198.png
3199,Malawi,20,Female,53345,gs://imagen4-faces-imagen-demo-460715/3199.png
3200,Malawi,20,Female,86507,gs://imagen4-faces-imagen-demo-460715/3200.png
3201,Malawi,20,Female,98216,gs://imagen4-faces-imagen-demo-460715/3201.png
3202,Malawi,20,Female,94711,gs://imagen4-faces-imagen-demo-460715/3202.png
3203,Malawi,20,Female,59260,gs://imagen4-faces-imagen-demo-460715/3203.png
3204,Malawi,20,Female,34866,gs://imagen4-faces-imagen-demo-460715/3204.png
3205,Malawi,30,Male,11872,gs://imagen4-faces-imagen-demo-460715/3205.png
3206,Malawi,30,Male,92954,gs://imagen4-faces-imagen-demo-460715/3206.png
3207,Malawi,30,Male,84958,gs://imagen4-faces-imagen-demo-460715/3207.png
3208,Malawi,30,Male,11611,gs://imagen4-faces-imagen-demo-460715/3208.png
3209,Malawi,30,Male,14254,gs://imagen4-faces-imagen-demo-460715/3209.png
3210,Malawi,30,Male,42494,gs://imagen4-faces-imagen-demo-460715/3210.png
3211,Malawi,30,Female,88970,gs://imagen4-faces-imagen-demo-460715/3211.png
3212,Malawi,30,Female,94971,gs://imagen4-faces-imagen-demo-460715/3212.png
3213,Malawi,30,Female,37623,gs://imagen4-faces-imagen-demo-460715/3213.png
3214,Malawi,30,Female,20206,gs://imagen4-faces-imagen-demo-460715/3214.png
3215,Malawi,30,Female,71945,gs://imagen4-faces-imagen-demo-460715/3215.png
3216,Malawi,30,Female,67550,gs://imagen4-faces-imagen-demo-460715/3216.png
3217,Malaysia,20,Male,11301,gs://imagen4-faces-imagen-demo-460715/3217.png
3218,Malaysia,20,Male,94676,gs://imagen4-faces-imagen-demo-460715/3218.png
3219,Malaysia,20,Male,80960,gs://imagen4-faces-imagen-demo-460715/3219.png
3220,Malaysia,20,Male,96872,gs://imagen4-faces-imagen-demo-460715/3220.png
3221,Malaysia,20,Male,38764,gs://imagen4-faces-imagen-demo-460715/3221.png
3222,Malaysia,20,Male,40705,gs://imagen4-faces-imagen-demo-460715/3222.png
3223,Malaysia,20,Female,24993,gs://imagen4-faces-imagen-demo-460715/3223.png
3224,Malaysia,20,Female,64615,gs://imagen4-faces-imagen-demo-460715/3224.png
3225,Malaysia,20,Female,38486,gs://imagen4-faces-imagen-demo-460715/3225.png
3226,Malaysia,20,Female,33337,gs://imagen4-faces-imagen-demo-460715/3226.png
3227,Malaysia,20,Female,20934,gs://imagen4-faces-imagen-demo-460715/3227.png
3228,Malaysia,20,Female,84589,gs://imagen4-faces-imagen-demo-460715/3228.png
3229,Malaysia,30,Male,38739,gs://imagen4-faces-imagen-demo-460715/3229.png
3230,Malaysia,30,Male,59406,gs://imagen4-faces-imagen-demo-460715/3230.png
3231,Malaysia,30,Male,78552,gs://imagen4-faces-imagen-demo-460715/3231.png
3232,Malaysia,30,Male,32196,gs://imagen4-faces-imagen-demo-460715/3232.png
3233,Malaysia,30,Male,12704,gs://imagen4-faces-imagen-demo-460715/3233.png
3234,Malaysia,30,Male,18004,gs://imagen4-faces-imagen-demo-460715/3234.png
3235,Malaysia,30,Female,37996,gs://imagen4-faces-imagen-demo-460715/3235.png
3236,Malaysia,30,Female,57844,gs://imagen4-faces-imagen-demo-460715/3236.png
3237,Malaysia,30,Female,53979,gs://imagen4-faces-imagen-demo-460715/3237.png
3238,Malaysia,30,Female,43013,gs://imagen4-faces-imagen-demo-460715/3238.png
3239,Malaysia,30,Female,61382,gs://imagen4-faces-imagen-demo-460715/3239.png
3240,Malaysia,30,Female,80439,gs://imagen4-faces-imagen-demo-460715/3240.png
3241,Maldives,20,Male,52379,gs://imagen4-faces-imagen-demo-460715/3241.png
3242,Maldives,20,Male,96098,gs://imagen4-faces-imagen-demo-460715/3242.png
3243,Maldives,20,Male,71713,gs://imagen4-faces-imagen-demo-460715/3243.png
3244,Maldives,20,Male,30084,gs://imagen4-faces-imagen-demo-460715/3244.png
3245,Maldives,20,Male,71582,gs://imagen4-faces-imagen-demo-460715/3245.png
3246,Maldives,20,Male,24695,gs://imagen4-faces-imagen-demo-460715/3246.png
3247,Maldives,20,Female,69348,gs://imagen4-faces-imagen-demo-460715/3247.png
3248,Maldives,20,Female,57186,gs://imagen4-faces-imagen-demo-460715/3248.png
3249,Maldives,20,Female,76731,gs://imagen4-faces-imagen-demo-460715/3249.png
3250,Maldives,20,Female,91108,gs://imagen4-faces-imagen-demo-460715/3250.png
3251,Maldives,20,Female,31063,gs://imagen4-faces-imagen-demo-460715/3251.png
3252,Maldives,20,Female,47024,gs://imagen4-faces-imagen-demo-460715/3252.png
3253,Maldives,30,Male,78848,gs://imagen4-faces-imagen-demo-460715/3253.png
3254,Maldives,30,Male,21385,gs://imagen4-faces-imagen-demo-460715/3254.png
3255,Maldives,30,Male,91514,gs://imagen4-faces-imagen-demo-460715/3255.png
3256,Maldives,30,Male,33785,gs://imagen4-faces-imagen-demo-460715/3256.png
3257,Maldives,30,Male,63759,gs://imagen4-faces-imagen-demo-460715/3257.png
3258,Maldives,30,Male,46903,gs://imagen4-faces-imagen-demo-460715/3258.png
3259,Maldives,30,Female,33508,gs://imagen4-faces-imagen-demo-460715/3259.png
3260,Maldives,30,Female,37705,gs://imagen4-faces-imagen-demo-460715/3260.png
3261,Maldives,30,Female,90897,gs://imagen4-faces-imagen-demo-460715/3261.png
3262,Maldives,30,Female,79494,gs://imagen4-faces-imagen-demo-460715/3262.png
3263,Maldives,30,Female,92652,gs://imagen4-faces-imagen-demo-460715/3263.png
3264,Maldives,30,Female,58789,gs://imagen4-faces-imagen-demo-460715/3264.png
3265,Mali,20,Male,97193,gs://imagen4-faces-imagen-demo-460715/3265.png
3266,Mali,20,Male,74380,gs://imagen4-faces-imagen-demo-460715/3266.png
3267,Mali,20,Male,84890,gs://imagen4-faces-imagen-demo-460715/3267.png
3268,Mali,20,Male,12598,gs://imagen4-faces-imagen-demo-460715/3268.png
3269,Mali,20,Male,95330,gs://imagen4-faces-imagen-demo-460715/3269.png
3270,Mali,20,Male,15067,gs://imagen4-faces-imagen-demo-460715/3270.png
3271,Mali,20,Female,95901,gs://imagen4-faces-imagen-demo-460715/3271.png
3272,Mali,20,Female,25044,gs://imagen4-faces-imagen-demo-460715/3272.png
3273,Mali,20,Female,58752,gs://imagen4-faces-imagen-demo-460715/3273.png
3274,Mali,20,Female,13903,gs://imagen4-faces-imagen-demo-460715/3274.png
3275,Mali,20,Female,76330,gs://imagen4-faces-imagen-demo-460715/3275.png
3276,Mali,20,Female,32035,gs://imagen4-faces-imagen-demo-460715/3276.png
3277,Mali,30,Male,59409,gs://imagen4-faces-imagen-demo-460715/3277.png
3278,Mali,30,Male,56373,gs://imagen4-faces-imagen-demo-460715/3278.png
3279,Mali,30,Male,30986,gs://imagen4-faces-imagen-demo-460715/3279.png
3280,Mali,30,Male,98824,gs://imagen4-faces-imagen-demo-460715/3280.png
3281,Mali,30,Male,70422,gs://imagen4-faces-imagen-demo-460715/3281.png
3282,Mali,30,Male,90689,gs://imagen4-faces-imagen-demo-460715/3282.png
3283,Mali,30,Female,12816,gs://imagen4-faces-imagen-demo-460715/3283.png
3284,Mali,30,Female,80519,gs://imagen4-faces-imagen-demo-460715/3284.png
3285,Mali,30,Female,55469,gs://imagen4-faces-imagen-demo-460715/3285.png
3286,Mali,30,Female,17311,gs://imagen4-faces-imagen-demo-460715/3286.png
3287,Mali,30,Female,91554,gs://imagen4-faces-imagen-demo-460715/3287.png
3288,Mali,30,Female,84405,gs://imagen4-faces-imagen-demo-460715/3288.png
3289,Malta,20,Male,86167,gs://imagen4-faces-imagen-demo-460715/3289.png
3290,Malta,20,Male,82425,gs://imagen4-faces-imagen-demo-460715/3290.png
3291,Malta,20,Male,57479,gs://imagen4-faces-imagen-demo-460715/3291.png
3292,Malta,20,Male,38143,gs://imagen4-faces-imagen-demo-460715/3292.png
3293,Malta,20,Male,82858,gs://imagen4-faces-imagen-demo-460715/3293.png
3294,Malta,20,Male,71950,gs://imagen4-faces-imagen-demo-460715/3294.png
3295,Malta,20,Female,24637,gs://imagen4-faces-imagen-demo-460715/3295.png
3296,Malta,20,Female,71006,gs://imagen4-faces-imagen-demo-460715/3296.png
3297,Malta,20,Female,39801,gs://imagen4-faces-imagen-demo-460715/3297.png
3298,Malta,20,Female,70108,gs://imagen4-faces-imagen-demo-460715/3298.png
3299,Malta,20,Female,58189,gs://imagen4-faces-imagen-demo-460715/3299.png
3300,Malta,20,Female,37596,gs://imagen4-faces-imagen-demo-460715/3300.png
3301,Malta,30,Male,87728,gs://imagen4-faces-imagen-demo-460715/3301.png
3302,Malta,30,Male,39659,gs://imagen4-faces-imagen-demo-460715/3302.png
3303,Malta,30,Male,63101,gs://imagen4-faces-imagen-demo-460715/3303.png
3304,Malta,30,Male,18541,gs://imagen4-faces-imagen-demo-460715/3304.png
3305,Malta,30,Male,87756,gs://imagen4-faces-imagen-demo-460715/3305.png
3306,Malta,30,Male,24985,gs://imagen4-faces-imagen-demo-460715/3306.png
3307,Malta,30,Female,29219,gs://imagen4-faces-imagen-demo-460715/3307.png
3308,Malta,30,Female,86796,gs://imagen4-faces-imagen-demo-460715/3308.png
3309,Malta,30,Female,10660,gs://imagen4-faces-imagen-demo-460715/3309.png
3310,Malta,30,Female,49810,gs://imagen4-faces-imagen-demo-460715/3310.png
3311,Malta,30,Female,61610,gs://imagen4-faces-imagen-demo-460715/3311.png
3312,Malta,30,Female,66665,gs://imagen4-faces-imagen-demo-460715/3312.png
3313,Marshall Islands,20,Male,81882,gs://imagen4-faces-imagen-demo-460715/3313.png
3314,Marshall Islands,20,Male,20435,gs://imagen4-faces-imagen-demo-460715/3314.png
3315,Marshall Islands,20,Male,53763,gs://imagen4-faces-imagen-demo-460715/3315.png
3316,Marshall Islands,20,Male,56481,gs://imagen4-faces-imagen-demo-460715/3316.png
3317,Marshall Islands,20,Male,56511,gs://imagen4-faces-imagen-demo-460715/3317.png
3318,Marshall Islands,20,Male,30195,gs://imagen4-faces-imagen-demo-460715/3318.png
3319,Marshall Islands,20,Female,83478,gs://imagen4-faces-imagen-demo-460715/3319.png
3320,Marshall Islands,20,Female,97858,gs://imagen4-faces-imagen-demo-460715/3320.png
3321,Marshall Islands,20,Female,85219,gs://imagen4-faces-imagen-demo-460715/3321.png
3322,Marshall Islands,20,Female,60913,gs://imagen4-faces-imagen-demo-460715/3322.png
3323,Marshall Islands,20,Female,31260,gs://imagen4-faces-imagen-demo-460715/3323.png
3324,Marshall Islands,20,Female,26411,gs://imagen4-faces-imagen-demo-460715/3324.png
3325,Marshall Islands,30,Male,65783,gs://imagen4-faces-imagen-demo-460715/3325.png
3326,Marshall Islands,30,Male,41137,gs://imagen4-faces-imagen-demo-460715/3326.png
3327,Marshall Islands,30,Male,10526,gs://imagen4-faces-imagen-demo-460715/3327.png
3328,Marshall Islands,30,Male,43583,gs://imagen4-faces-imagen-demo-460715/3328.png
3329,Marshall Islands,30,Male,41520,gs://imagen4-faces-imagen-demo-460715/3329.png
3330,Marshall Islands,30,Male,94550,gs://imagen4-faces-imagen-demo-460715/3330.png
3331,Marshall Islands,30,Female,91969,gs://imagen4-faces-imagen-demo-460715/3331.png
3332,Marshall Islands,30,Female,53630,gs://imagen4-faces-imagen-demo-460715/3332.png
3333,Marshall Islands,30,Female,77204,gs://imagen4-faces-imagen-demo-460715/3333.png
3334,Marshall Islands,30,Female,47055,gs://imagen4-faces-imagen-demo-460715/3334.png
3335,Marshall Islands,30,Female,79367,gs://imagen4-faces-imagen-demo-460715/3335.png
3336,Marshall Islands,30,Female,25925,gs://imagen4-faces-imagen-demo-460715/3336.png
3337,Martinique,20,Male,63506,gs://imagen4-faces-imagen-demo-460715/3337.png
3338,Martinique,20,Male,73760,gs://imagen4-faces-imagen-demo-460715/3338.png
3339,Martinique,20,Male,78347,gs://imagen4-faces-imagen-demo-460715/3339.png
3340,Martinique,20,Male,80907,gs://imagen4-faces-imagen-demo-460715/3340.png
3341,Martinique,20,Male,41215,gs://imagen4-faces-imagen-demo-460715/3341.png
3342,Martinique,20,Male,17230,gs://imagen4-faces-imagen-demo-460715/3342.png
3343,Martinique,20,Female,60911,gs://imagen4-faces-imagen-demo-460715/3343.png
3344,Martinique,20,Female,67092,gs://imagen4-faces-imagen-demo-460715/3344.png
3345,Martinique,20,Female,55045,gs://imagen4-faces-imagen-demo-460715/3345.png
3346,Martinique,20,Female,38555,gs://imagen4-faces-imagen-demo-460715/3346.png
3347,Martinique,20,Female,91966,gs://imagen4-faces-imagen-demo-460715/3347.png
3348,Martinique,20,Female,38207,gs://imagen4-faces-imagen-demo-460715/3348.png
3349,Martinique,30,Male,61610,gs://imagen4-faces-imagen-demo-460715/3349.png
3350,Martinique,30,Male,16804,gs://imagen4-faces-imagen-demo-460715/3350.png
3351,Martinique,30,Male,57863,gs://imagen4-faces-imagen-demo-460715/3351.png
3352,Martinique,30,Male,52280,gs://imagen4-faces-imagen-demo-460715/3352.png
3353,Martinique,30,Male,76930,gs://imagen4-faces-imagen-demo-460715/3353.png
3354,Martinique,30,Male,72106,gs://imagen4-faces-imagen-demo-460715/3354.png
3355,Martinique,30,Female,12674,gs://imagen4-faces-imagen-demo-460715/3355.png
3356,Martinique,30,Female,47174,gs://imagen4-faces-imagen-demo-460715/3356.png
3357,Martinique,30,Female,50401,gs://imagen4-faces-imagen-demo-460715/3357.png
3358,Martinique,30,Female,34697,gs://imagen4-faces-imagen-demo-460715/3358.png
3359,Martinique,30,Female,76940,gs://imagen4-faces-imagen-demo-460715/3359.png
3360,Martinique,30,Female,40280,gs://imagen4-faces-imagen-demo-460715/3360.png
3361,Mauritania,20,Male,61984,gs://imagen4-faces-imagen-demo-460715/3361.png
3362,Mauritania,20,Male,13540,gs://imagen4-faces-imagen-demo-460715/3362.png
3363,Mauritania,20,Male,79516,gs://imagen4-faces-imagen-demo-460715/3363.png
3364,Mauritania,20,Male,78347,gs://imagen4-faces-imagen-demo-460715/3364.png
3365,Mauritania,20,Male,32004,gs://imagen4-faces-imagen-demo-460715/3365.png
3366,Mauritania,20,Male,83670,gs://imagen4-faces-imagen-demo-460715/3366.png
3367,Mauritania,20,Female,37570,gs://imagen4-faces-imagen-demo-460715/3367.png
3368,Mauritania,20,Female,82451,gs://imagen4-faces-imagen-demo-460715/3368.png
3369,Mauritania,20,Female,61886,gs://imagen4-faces-imagen-demo-460715/3369.png
3370,Mauritania,20,Female,54822,gs://imagen4-faces-imagen-demo-460715/3370.png
3371,Mauritania,20,Female,19701,gs://imagen4-faces-imagen-demo-460715/3371.png
3372,Mauritania,20,Female,42917,gs://imagen4-faces-imagen-demo-460715/3372.png
3373,Mauritania,30,Male,11113,gs://imagen4-faces-imagen-demo-460715/3373.png
3374,Mauritania,30,Male,93255,gs://imagen4-faces-imagen-demo-460715/3374.png
3375,Mauritania,30,Male,21780,gs://imagen4-faces-imagen-demo-460715/3375.png
3376,Mauritania,30,Male,16907,gs://imagen4-faces-imagen-demo-460715/3376.png
3377,Mauritania,30,Male,64743,gs://imagen4-faces-imagen-demo-460715/3377.png
3378,Mauritania,30,Male,17006,gs://imagen4-faces-imagen-demo-460715/3378.png
3379,Mauritania,30,Female,70126,gs://imagen4-faces-imagen-demo-460715/3379.png
3380,Mauritania,30,Female,46422,gs://imagen4-faces-imagen-demo-460715/3380.png
3381,Mauritania,30,Female,56792,gs://imagen4-faces-imagen-demo-460715/3381.png
3382,Mauritania,30,Female,59741,gs://imagen4-faces-imagen-demo-460715/3382.png
3383,Mauritania,30,Female,72787,gs://imagen4-faces-imagen-demo-460715/3383.png
3384,Mauritania,30,Female,71644,gs://imagen4-faces-imagen-demo-460715/3384.png
3385,Mauritius,20,Male,87052,gs://imagen4-faces-imagen-demo-460715/3385.png
3386,Mauritius,20,Male,46379,gs://imagen4-faces-imagen-demo-460715/3386.png
3387,Mauritius,20,Male,40286,gs://imagen4-faces-imagen-demo-460715/3387.png
3388,Mauritius,20,Male,16661,gs://imagen4-faces-imagen-demo-460715/3388.png
3389,Mauritius,20,Male,73533,gs://imagen4-faces-imagen-demo-460715/3389.png
3390,Mauritius,20,Male,61411,gs://imagen4-faces-imagen-demo-460715/3390.png
3391,Mauritius,20,Female,68228,gs://imagen4-faces-imagen-demo-460715/3391.png
3392,Mauritius,20,Female,83016,gs://imagen4-faces-imagen-demo-460715/3392.png
3393,Mauritius,20,Female,76723,gs://imagen4-faces-imagen-demo-460715/3393.png
3394,Mauritius,20,Female,21103,gs://imagen4-faces-imagen-demo-460715/3394.png
3395,Mauritius,20,Female,69981,gs://imagen4-faces-imagen-demo-460715/3395.png
3396,Mauritius,20,Female,43670,gs://imagen4-faces-imagen-demo-460715/3396.png
3397,Mauritius,30,Male,10335,gs://imagen4-faces-imagen-demo-460715/3397.png
3398,Mauritius,30,Male,21765,gs://imagen4-faces-imagen-demo-460715/3398.png
3399,Mauritius,30,Male,95410,gs://imagen4-faces-imagen-demo-460715/3399.png
3400,Mauritius,30,Male,37962,gs://imagen4-faces-imagen-demo-460715/3400.png
3401,Mauritius,30,Male,74281,gs://imagen4-faces-imagen-demo-460715/3401.png
3402,Mauritius,30,Male,23526,gs://imagen4-faces-imagen-demo-460715/3402.png
3403,Mauritius,30,Female,67053,gs://imagen4-faces-imagen-demo-460715/3403.png
3404,Mauritius,30,Female,32192,gs://imagen4-faces-imagen-demo-460715/3404.png
3405,Mauritius,30,Female,16397,gs://imagen4-faces-imagen-demo-460715/3405.png
3406,Mauritius,30,Female,21325,gs://imagen4-faces-imagen-demo-460715/3406.png
3407,Mauritius,30,Female,66963,gs://imagen4-faces-imagen-demo-460715/3407.png
3408,Mauritius,30,Female,71883,gs://imagen4-faces-imagen-demo-460715/3408.png
3409,Mayotte,20,Male,23493,gs://imagen4-faces-imagen-demo-460715/3409.png
3410,Mayotte,20,Male,78230,gs://imagen4-faces-imagen-demo-460715/3410.png
3411,Mayotte,20,Male,55582,gs://imagen4-faces-imagen-demo-460715/3411.png
3412,Mayotte,20,Male,37735,gs://imagen4-faces-imagen-demo-460715/3412.png
3413,Mayotte,20,Male,24764,gs://imagen4-faces-imagen-demo-460715/3413.png
3414,Mayotte,20,Male,39869,gs://imagen4-faces-imagen-demo-460715/3414.png
3415,Mayotte,20,Female,99461,gs://imagen4-faces-imagen-demo-460715/3415.png
3416,Mayotte,20,Female,68451,gs://imagen4-faces-imagen-demo-460715/3416.png
3417,Mayotte,20,Female,49967,gs://imagen4-faces-imagen-demo-460715/3417.png
3418,Mayotte,20,Female,21004,gs://imagen4-faces-imagen-demo-460715/3418.png
3419,Mayotte,20,Female,15539,gs://imagen4-faces-imagen-demo-460715/3419.png
3420,Mayotte,20,Female,78003,gs://imagen4-faces-imagen-demo-460715/3420.png
3421,Mayotte,30,Male,68644,gs://imagen4-faces-imagen-demo-460715/3421.png
3422,Mayotte,30,Male,89922,gs://imagen4-faces-imagen-demo-460715/3422.png
3423,Mayotte,30,Male,76480,gs://imagen4-faces-imagen-demo-460715/3423.png
3424,Mayotte,30,Male,71766,gs://imagen4-faces-imagen-demo-460715/3424.png
3425,Mayotte,30,Male,48183,gs://imagen4-faces-imagen-demo-460715/3425.png
3426,Mayotte,30,Male,74674,gs://imagen4-faces-imagen-demo-460715/3426.png
3427,Mayotte,30,Female,10353,gs://imagen4-faces-imagen-demo-460715/3427.png
3428,Mayotte,30,Female,50769,gs://imagen4-faces-imagen-demo-460715/3428.png
3429,Mayotte,30,Female,23517,gs://imagen4-faces-imagen-demo-460715/3429.png
3430,Mayotte,30,Female,61642,gs://imagen4-faces-imagen-demo-460715/3430.png
3431,Mayotte,30,Female,32894,gs://imagen4-faces-imagen-demo-460715/3431.png
3432,Mayotte,30,Female,59927,gs://imagen4-faces-imagen-demo-460715/3432.png
3433,Mexico,20,Male,26651,gs://imagen4-faces-imagen-demo-460715/3433.png
3434,Mexico,20,Male,64198,gs://imagen4-faces-imagen-demo-460715/3434.png
3435,Mexico,20,Male,66902,gs://imagen4-faces-imagen-demo-460715/3435.png
3436,Mexico,20,Male,26891,gs://imagen4-faces-imagen-demo-460715/3436.png
3437,Mexico,20,Male,63032,gs://imagen4-faces-imagen-demo-460715/3437.png
3438,Mexico,20,Male,58600,gs://imagen4-faces-imagen-demo-460715/3438.png
3439,Mexico,20,Female,13467,gs://imagen4-faces-imagen-demo-460715/3439.png
3440,Mexico,20,Female,76573,gs://imagen4-faces-imagen-demo-460715/3440.png
3441,Mexico,20,Female,85690,gs://imagen4-faces-imagen-demo-460715/3441.png
3442,Mexico,20,Female,21071,gs://imagen4-faces-imagen-demo-460715/3442.png
3443,Mexico,20,Female,32906,gs://imagen4-faces-imagen-demo-460715/3443.png
3444,Mexico,20,Female,23852,gs://imagen4-faces-imagen-demo-460715/3444.png
3445,Mexico,30,Male,79221,gs://imagen4-faces-imagen-demo-460715/3445.png
3446,Mexico,30,Male,58317,gs://imagen4-faces-imagen-demo-460715/3446.png
3447,Mexico,30,Male,58071,gs://imagen4-faces-imagen-demo-460715/3447.png
3448,Mexico,30,Male,67789,gs://imagen4-faces-imagen-demo-460715/3448.png
3449,Mexico,30,Male,61028,gs://imagen4-faces-imagen-demo-460715/3449.png
3450,Mexico,30,Male,85786,gs://imagen4-faces-imagen-demo-460715/3450.png
3451,Mexico,30,Female,40647,gs://imagen4-faces-imagen-demo-460715/3451.png
3452,Mexico,30,Female,55561,gs://imagen4-faces-imagen-demo-460715/3452.png
3453,Mexico,30,Female,57653,gs://imagen4-faces-imagen-demo-460715/3453.png
3454,Mexico,30,Female,90375,gs://imagen4-faces-imagen-demo-460715/3454.png
3455,Mexico,30,Female,17415,gs://imagen4-faces-imagen-demo-460715/3455.png
3456,Mexico,30,Female,99524,gs://imagen4-faces-imagen-demo-460715/3456.png
3457,Micronesia (Federated States of),20,Male,31881,gs://imagen4-faces-imagen-demo-460715/3457.png
3458,Micronesia (Federated States of),20,Male,83974,gs://imagen4-faces-imagen-demo-460715/3458.png
3459,Micronesia (Federated States of),20,Male,80956,gs://imagen4-faces-imagen-demo-460715/3459.png
3460,Micronesia (Federated States of),20,Male,54835,gs://imagen4-faces-imagen-demo-460715/3460.png
3461,Micronesia (Federated States of),20,Male,60430,gs://imagen4-faces-imagen-demo-460715/3461.png
3462,Micronesia (Federated States of),20,Male,94275,gs://imagen4-faces-imagen-demo-460715/3462.png
3463,Micronesia (Federated States of),20,Female,36181,gs://imagen4-faces-imagen-demo-460715/3463.png
3464,Micronesia (Federated States of),20,Female,53427,gs://imagen4-faces-imagen-demo-460715/3464.png
3465,Micronesia (Federated States of),20,Female,22877,gs://imagen4-faces-imagen-demo-460715/3465.png
3466,Micronesia (Federated States of),20,Female,68937,gs://imagen4-faces-imagen-demo-460715/3466.png
3467,Micronesia (Federated States of),20,Female,50026,gs://imagen4-faces-imagen-demo-460715/3467.png
3468,Micronesia (Federated States of),20,Female,19975,gs://imagen4-faces-imagen-demo-460715/3468.png
3469,Micronesia (Federated States of),30,Male,90642,gs://imagen4-faces-imagen-demo-460715/3469.png
3470,Micronesia (Federated States of),30,Male,21260,gs://imagen4-faces-imagen-demo-460715/3470.png
3471,Micronesia (Federated States of),30,Male,99005,gs://imagen4-faces-imagen-demo-460715/3471.png
3472,Micronesia (Federated States of),30,Male,69790,gs://imagen4-faces-imagen-demo-460715/3472.png
3473,Micronesia (Federated States of),30,Male,47422,gs://imagen4-faces-imagen-demo-460715/3473.png
3474,Micronesia (Federated States of),30,Male,48333,gs://imagen4-faces-imagen-demo-460715/3474.png
3475,Micronesia (Federated States of),30,Female,50113,gs://imagen4-faces-imagen-demo-460715/3475.png
3476,Micronesia (Federated States of),30,Female,71917,gs://imagen4-faces-imagen-demo-460715/3476.png
3477,Micronesia (Federated States of),30,Female,49723,gs://imagen4-faces-imagen-demo-460715/3477.png
3478,Micronesia (Federated States of),30,Female,23304,gs://imagen4-faces-imagen-demo-460715/3478.png
3479,Micronesia (Federated States of),30,Female,75442,gs://imagen4-faces-imagen-demo-460715/3479.png
3480,Micronesia (Federated States of),30,Female,54575,gs://imagen4-faces-imagen-demo-460715/3480.png
3481,Moldova (Republic of),20,Male,94418,gs://imagen4-faces-imagen-demo-460715/3481.png
3482,Moldova (Republic of),20,Male,49079,gs://imagen4-faces-imagen-demo-460715/3482.png
3483,Moldova (Republic of),20,Male,85822,gs://imagen4-faces-imagen-demo-460715/3483.png
3484,Moldova (Republic of),20,Male,73376,gs://imagen4-faces-imagen-demo-460715/3484.png
3485,Moldova (Republic of),20,Male,97214,gs://imagen4-faces-imagen-demo-460715/3485.png
3486,Moldova (Republic of),20,Male,62084,gs://imagen4-faces-imagen-demo-460715/3486.png
3487,Moldova (Republic of),20,Female,91414,gs://imagen4-faces-imagen-demo-460715/3487.png
3488,Moldova (Republic of),20,Female,95688,gs://imagen4-faces-imagen-demo-460715/3488.png
3489,Moldova (Republic of),20,Female,94708,gs://imagen4-faces-imagen-demo-460715/3489.png
3490,Moldova (Republic of),20,Female,13335,gs://imagen4-faces-imagen-demo-460715/3490.png
3491,Moldova (Republic of),20,Female,68261,gs://imagen4-faces-imagen-demo-460715/3491.png
3492,Moldova (Republic of),20,Female,98373,gs://imagen4-faces-imagen-demo-460715/3492.png
3493,Moldova (Republic of),30,Male,79422,gs://imagen4-faces-imagen-demo-460715/3493.png
3494,Moldova (Republic of),30,Male,53862,gs://imagen4-faces-imagen-demo-460715/3494.png
3495,Moldova (Republic of),30,Male,69715,gs://imagen4-faces-imagen-demo-460715/3495.png
3496,Moldova (Republic of),30,Male,28973,gs://imagen4-faces-imagen-demo-460715/3496.png
3497,Moldova (Republic of),30,Male,97989,gs://imagen4-faces-imagen-demo-460715/3497.png
3498,Moldova (Republic of),30,Male,98953,gs://imagen4-faces-imagen-demo-460715/3498.png
3499,Moldova (Republic of),30,Female,66901,gs://imagen4-faces-imagen-demo-460715/3499.png
3500,Moldova (Republic of),30,Female,93608,gs://imagen4-faces-imagen-demo-460715/3500.png
3501,Moldova (Republic of),30,Female,48507,gs://imagen4-faces-imagen-demo-460715/3501.png
3502,Moldova (Republic of),30,Female,75822,gs://imagen4-faces-imagen-demo-460715/3502.png
3503,Moldova (Republic of),30,Female,24213,gs://imagen4-faces-imagen-demo-460715/3503.png
3504,Moldova (Republic of),30,Female,94477,gs://imagen4-faces-imagen-demo-460715/3504.png
3505,Monaco,20,Male,94943,gs://imagen4-faces-imagen-demo-460715/3505.png
3506,Monaco,20,Male,30771,gs://imagen4-faces-imagen-demo-460715/3506.png
3507,Monaco,20,Male,25106,gs://imagen4-faces-imagen-demo-460715/3507.png
3508,Monaco,20,Male,43873,gs://imagen4-faces-imagen-demo-460715/3508.png
3509,Monaco,20,Male,16555,gs://imagen4-faces-imagen-demo-460715/3509.png
3510,Monaco,20,Male,97972,gs://imagen4-faces-imagen-demo-460715/3510.png
3511,Monaco,20,Female,49698,gs://imagen4-faces-imagen-demo-460715/3511.png
3512,Monaco,20,Female,33334,gs://imagen4-faces-imagen-demo-460715/3512.png
3513,Monaco,20,Female,49873,gs://imagen4-faces-imagen-demo-460715/3513.png
3514,Monaco,20,Female,41157,gs://imagen4-faces-imagen-demo-460715/3514.png
3515,Monaco,20,Female,48573,gs://imagen4-faces-imagen-demo-460715/3515.png
3516,Monaco,20,Female,59429,gs://imagen4-faces-imagen-demo-460715/3516.png
3517,Monaco,30,Male,80670,gs://imagen4-faces-imagen-demo-460715/3517.png
3518,Monaco,30,Male,74705,gs://imagen4-faces-imagen-demo-460715/3518.png
3519,Monaco,30,Male,71825,gs://imagen4-faces-imagen-demo-460715/3519.png
3520,Monaco,30,Male,84194,gs://imagen4-faces-imagen-demo-460715/3520.png
3521,Monaco,30,Male,48088,gs://imagen4-faces-imagen-demo-460715/3521.png
3522,Monaco,30,Male,11942,gs://imagen4-faces-imagen-demo-460715/3522.png
3523,Monaco,30,Female,82136,gs://imagen4-faces-imagen-demo-460715/3523.png
3524,Monaco,30,Female,54584,gs://imagen4-faces-imagen-demo-460715/3524.png
3525,Monaco,30,Female,24885,gs://imagen4-faces-imagen-demo-460715/3525.png
3526,Monaco,30,Female,42069,gs://imagen4-faces-imagen-demo-460715/3526.png
3527,Monaco,30,Female,96755,gs://imagen4-faces-imagen-demo-460715/3527.png
3528,Monaco,30,Female,71545,gs://imagen4-faces-imagen-demo-460715/3528.png
3529,Mongolia,20,Male,44445,gs://imagen4-faces-imagen-demo-460715/3529.png
3530,Mongolia,20,Male,82816,gs://imagen4-faces-imagen-demo-460715/3530.png
3531,Mongolia,20,Male,51022,gs://imagen4-faces-imagen-demo-460715/3531.png
3532,Mongolia,20,Male,40156,gs://imagen4-faces-imagen-demo-460715/3532.png
3533,Mongolia,20,Male,65951,gs://imagen4-faces-imagen-demo-460715/3533.png
3534,Mongolia,20,Male,55239,gs://imagen4-faces-imagen-demo-460715/3534.png
3535,Mongolia,20,Female,57171,gs://imagen4-faces-imagen-demo-460715/3535.png
3536,Mongolia,20,Female,25497,gs://imagen4-faces-imagen-demo-460715/3536.png
3537,Mongolia,20,Female,82415,gs://imagen4-faces-imagen-demo-460715/3537.png
3538,Mongolia,20,Female,96123,gs://imagen4-faces-imagen-demo-460715/3538.png
3539,Mongolia,20,Female,70482,gs://imagen4-faces-imagen-demo-460715/3539.png
3540,Mongolia,20,Female,49583,gs://imagen4-faces-imagen-demo-460715/3540.png
3541,Mongolia,30,Male,71147,gs://imagen4-faces-imagen-demo-460715/3541.png
3542,Mongolia,30,Male,50623,gs://imagen4-faces-imagen-demo-460715/3542.png
3543,Mongolia,30,Male,53032,gs://imagen4-faces-imagen-demo-460715/3543.png
3544,Mongolia,30,Male,34165,gs://imagen4-faces-imagen-demo-460715/3544.png
3545,Mongolia,30,Male,12012,gs://imagen4-faces-imagen-demo-460715/3545.png
3546,Mongolia,30,Male,54533,gs://imagen4-faces-imagen-demo-460715/3546.png
3547,Mongolia,30,Female,71674,gs://imagen4-faces-imagen-demo-460715/3547.png
3548,Mongolia,30,Female,43863,gs://imagen4-faces-imagen-demo-460715/3548.png
3549,Mongolia,30,Female,75771,gs://imagen4-faces-imagen-demo-460715/3549.png
3550,Mongolia,30,Female,27214,gs://imagen4-faces-imagen-demo-460715/3550.png
3551,Mongolia,30,Female,37047,gs://imagen4-faces-imagen-demo-460715/3551.png
3552,Mongolia,30,Female,41553,gs://imagen4-faces-imagen-demo-460715/3552.png
3553,Montenegro,20,Male,82057,gs://imagen4-faces-imagen-demo-460715/3553.png
3554,Montenegro,20,Male,38621,gs://imagen4-faces-imagen-demo-460715/3554.png
3555,Montenegro,20,Male,85490,gs://imagen4-faces-imagen-demo-460715/3555.png
3556,Montenegro,20,Male,14797,gs://imagen4-faces-imagen-demo-460715/3556.png
3557,Montenegro,20,Male,18867,gs://imagen4-faces-imagen-demo-460715/3557.png
3558,Montenegro,20,Male,23506,gs://imagen4-faces-imagen-demo-460715/3558.png
3559,Montenegro,20,Female,77175,gs://imagen4-faces-imagen-demo-460715/3559.png
3560,Montenegro,20,Female,77390,gs://imagen4-faces-imagen-demo-460715/3560.png
3561,Montenegro,20,Female,65475,gs://imagen4-faces-imagen-demo-460715/3561.png
3562,Montenegro,20,Female,56250,gs://imagen4-faces-imagen-demo-460715/3562.png
3563,Montenegro,20,Female,17573,gs://imagen4-faces-imagen-demo-460715/3563.png
3564,Montenegro,20,Female,19089,gs://imagen4-faces-imagen-demo-460715/3564.png
3565,Montenegro,30,Male,40154,gs://imagen4-faces-imagen-demo-460715/3565.png
3566,Montenegro,30,Male,39254,gs://imagen4-faces-imagen-demo-460715/3566.png
3567,Montenegro,30,Male,48057,gs://imagen4-faces-imagen-demo-460715/3567.png
3568,Montenegro,30,Male,13714,gs://imagen4-faces-imagen-demo-460715/3568.png
3569,Montenegro,30,Male,67682,gs://imagen4-faces-imagen-demo-460715/3569.png
3570,Montenegro,30,Male,27878,gs://imagen4-faces-imagen-demo-460715/3570.png
3571,Montenegro,30,Female,46593,gs://imagen4-faces-imagen-demo-460715/3571.png
3572,Montenegro,30,Female,54680,gs://imagen4-faces-imagen-demo-460715/3572.png
3573,Montenegro,30,Female,33596,gs://imagen4-faces-imagen-demo-460715/3573.png
3574,Montenegro,30,Female,53103,gs://imagen4-faces-imagen-demo-460715/3574.png
3575,Montenegro,30,Female,83678,gs://imagen4-faces-imagen-demo-460715/3575.png
3576,Montenegro,30,Female,45852,gs://imagen4-faces-imagen-demo-460715/3576.png
3577,Montserrat,20,Male,17318,gs://imagen4-faces-imagen-demo-460715/3577.png
3578,Montserrat,20,Male,19256,gs://imagen4-faces-imagen-demo-460715/3578.png
3579,Montserrat,20,Male,33768,gs://imagen4-faces-imagen-demo-460715/3579.png
3580,Montserrat,20,Male,79394,gs://imagen4-faces-imagen-demo-460715/3580.png
3581,Montserrat,20,Male,54293,gs://imagen4-faces-imagen-demo-460715/3581.png
3582,Montserrat,20,Male,24664,gs://imagen4-faces-imagen-demo-460715/3582.png
3583,Montserrat,20,Female,83102,gs://imagen4-faces-imagen-demo-460715/3583.png
3584,Montserrat,20,Female,66316,gs://imagen4-faces-imagen-demo-460715/3584.png
3585,Montserrat,20,Female,97748,gs://imagen4-faces-imagen-demo-460715/3585.png
3586,Montserrat,20,Female,54796,gs://imagen4-faces-imagen-demo-460715/3586.png
3587,Montserrat,20,Female,63205,gs://imagen4-faces-imagen-demo-460715/3587.png
3588,Montserrat,20,Female,94000,gs://imagen4-faces-imagen-demo-460715/3588.png
3589,Montserrat,30,Male,60829,gs://imagen4-faces-imagen-demo-460715/3589.png
3590,Montserrat,30,Male,87313,gs://imagen4-faces-imagen-demo-460715/3590.png
3591,Montserrat,30,Male,36305,gs://imagen4-faces-imagen-demo-460715/3591.png
3592,Montserrat,30,Male,55075,gs://imagen4-faces-imagen-demo-460715/3592.png
3593,Montserrat,30,Male,87042,gs://imagen4-faces-imagen-demo-460715/3593.png
3594,Montserrat,30,Male,58428,gs://imagen4-faces-imagen-demo-460715/3594.png
3595,Montserrat,30,Female,48203,gs://imagen4-faces-imagen-demo-460715/3595.png
3596,Montserrat,30,Female,18507,gs://imagen4-faces-imagen-demo-460715/3596.png
3597,Montserrat,30,Female,36724,gs://imagen4-faces-imagen-demo-460715/3597.png
3598,Montserrat,30,Female,83403,gs://imagen4-faces-imagen-demo-460715/3598.png
3599,Montserrat,30,Female,92041,gs://imagen4-faces-imagen-demo-460715/3599.png
3600,Montserrat,30,Female,75901,gs://imagen4-faces-imagen-demo-460715/3600.png
3601,Morocco,20,Male,78467,gs://imagen4-faces-imagen-demo-460715/3601.png
3602,Morocco,20,Male,72147,gs://imagen4-faces-imagen-demo-460715/3602.png
3603,Morocco,20,Male,35282,gs://imagen4-faces-imagen-demo-460715/3603.png
3604,Morocco,20,Male,52870,gs://imagen4-faces-imagen-demo-460715/3604.png
3605,Morocco,20,Male,52899,gs://imagen4-faces-imagen-demo-460715/3605.png
3606,Morocco,20,Male,86824,gs://imagen4-faces-imagen-demo-460715/3606.png
3607,Morocco,20,Female,11851,gs://imagen4-faces-imagen-demo-460715/3607.png
3608,Morocco,20,Female,82016,gs://imagen4-faces-imagen-demo-460715/3608.png
3609,Morocco,20,Female,24215,gs://imagen4-faces-imagen-demo-460715/3609.png
3610,Morocco,20,Female,27791,gs://imagen4-faces-imagen-demo-460715/3610.png
3611,Morocco,20,Female,17949,gs://imagen4-faces-imagen-demo-460715/3611.png
3612,Morocco,20,Female,70339,gs://imagen4-faces-imagen-demo-460715/3612.png
3613,Morocco,30,Male,63551,gs://imagen4-faces-imagen-demo-460715/3613.png
3614,Morocco,30,Male,65854,gs://imagen4-faces-imagen-demo-460715/3614.png
3615,Morocco,30,Male,67906,gs://imagen4-faces-imagen-demo-460715/3615.png
3616,Morocco,30,Male,50018,gs://imagen4-faces-imagen-demo-460715/3616.png
3617,Morocco,30,Male,44347,gs://imagen4-faces-imagen-demo-460715/3617.png
3618,Morocco,30,Male,59240,gs://imagen4-faces-imagen-demo-460715/3618.png
3619,Morocco,30,Female,57162,gs://imagen4-faces-imagen-demo-460715/3619.png
3620,Morocco,30,Female,99800,gs://imagen4-faces-imagen-demo-460715/3620.png
3621,Morocco,30,Female,21661,gs://imagen4-faces-imagen-demo-460715/3621.png
3622,Morocco,30,Female,67238,gs://imagen4-faces-imagen-demo-460715/3622.png
3623,Morocco,30,Female,79166,gs://imagen4-faces-imagen-demo-460715/3623.png
3624,Morocco,30,Female,60681,gs://imagen4-faces-imagen-demo-460715/3624.png
3625,Mozambique,20,Male,58384,gs://imagen4-faces-imagen-demo-460715/3625.png
3626,Mozambique,20,Male,94407,gs://imagen4-faces-imagen-demo-460715/3626.png
3627,Mozambique,20,Male,91569,gs://imagen4-faces-imagen-demo-460715/3627.png
3628,Mozambique,20,Male,10283,gs://imagen4-faces-imagen-demo-460715/3628.png
3629,Mozambique,20,Male,86775,gs://imagen4-faces-imagen-demo-460715/3629.png
3630,Mozambique,20,Male,86676,gs://imagen4-faces-imagen-demo-460715/3630.png
3631,Mozambique,20,Female,76236,gs://imagen4-faces-imagen-demo-460715/3631.png
3632,Mozambique,20,Female,35054,gs://imagen4-faces-imagen-demo-460715/3632.png
3633,Mozambique,20,Female,13058,gs://imagen4-faces-imagen-demo-460715/3633.png
3634,Mozambique,20,Female,68959,gs://imagen4-faces-imagen-demo-460715/3634.png
3635,Mozambique,20,Female,76890,gs://imagen4-faces-imagen-demo-460715/3635.png
3636,Mozambique,20,Female,43108,gs://imagen4-faces-imagen-demo-460715/3636.png
3637,Mozambique,30,Male,85505,gs://imagen4-faces-imagen-demo-460715/3637.png
3638,Mozambique,30,Male,16441,gs://imagen4-faces-imagen-demo-460715/3638.png
3639,Mozambique,30,Male,74280,gs://imagen4-faces-imagen-demo-460715/3639.png
3640,Mozambique,30,Male,99153,gs://imagen4-faces-imagen-demo-460715/3640.png
3641,Mozambique,30,Male,98080,gs://imagen4-faces-imagen-demo-460715/3641.png
3642,Mozambique,30,Male,82977,gs://imagen4-faces-imagen-demo-460715/3642.png
3643,Mozambique,30,Female,83945,gs://imagen4-faces-imagen-demo-460715/3643.png
3644,Mozambique,30,Female,83537,gs://imagen4-faces-imagen-demo-460715/3644.png
3645,Mozambique,30,Female,77565,gs://imagen4-faces-imagen-demo-460715/3645.png
3646,Mozambique,30,Female,99636,gs://imagen4-faces-imagen-demo-460715/3646.png
3647,Mozambique,30,Female,30201,gs://imagen4-faces-imagen-demo-460715/3647.png
3648,Mozambique,30,Female,49975,gs://imagen4-faces-imagen-demo-460715/3648.png
3649,Myanmar,20,Male,83554,gs://imagen4-faces-imagen-demo-460715/3649.png
3650,Myanmar,20,Male,98231,gs://imagen4-faces-imagen-demo-460715/3650.png
3651,Myanmar,20,Male,32841,gs://imagen4-faces-imagen-demo-460715/3651.png
3652,Myanmar,20,Male,61099,gs://imagen4-faces-imagen-demo-460715/3652.png
3653,Myanmar,20,Male,31491,gs://imagen4-faces-imagen-demo-460715/3653.png
3654,Myanmar,20,Male,71390,gs://imagen4-faces-imagen-demo-460715/3654.png
3655,Myanmar,20,Female,51995,gs://imagen4-faces-imagen-demo-460715/3655.png
3656,Myanmar,20,Female,40794,gs://imagen4-faces-imagen-demo-460715/3656.png
3657,Myanmar,20,Female,27295,gs://imagen4-faces-imagen-demo-460715/3657.png
3658,Myanmar,20,Female,79130,gs://imagen4-faces-imagen-demo-460715/3658.png
3659,Myanmar,20,Female,34000,gs://imagen4-faces-imagen-demo-460715/3659.png
3660,Myanmar,20,Female,56143,gs://imagen4-faces-imagen-demo-460715/3660.png
3661,Myanmar,30,Male,41072,gs://imagen4-faces-imagen-demo-460715/3661.png
3662,Myanmar,30,Male,57832,gs://imagen4-faces-imagen-demo-460715/3662.png
3663,Myanmar,30,Male,20496,gs://imagen4-faces-imagen-demo-460715/3663.png
3664,Myanmar,30,Male,46271,gs://imagen4-faces-imagen-demo-460715/3664.png
3665,Myanmar,30,Male,53297,gs://imagen4-faces-imagen-demo-460715/3665.png
3666,Myanmar,30,Male,26516,gs://imagen4-faces-imagen-demo-460715/3666.png
3667,Myanmar,30,Female,83305,gs://imagen4-faces-imagen-demo-460715/3667.png
3668,Myanmar,30,Female,52797,gs://imagen4-faces-imagen-demo-460715/3668.png
3669,Myanmar,30,Female,31593,gs://imagen4-faces-imagen-demo-460715/3669.png
3670,Myanmar,30,Female,28809,gs://imagen4-faces-imagen-demo-460715/3670.png
3671,Myanmar,30,Female,32542,gs://imagen4-faces-imagen-demo-460715/3671.png
3672,Myanmar,30,Female,66709,gs://imagen4-faces-imagen-demo-460715/3672.png
3673,Namibia,20,Male,87246,gs://imagen4-faces-imagen-demo-460715/3673.png
3674,Namibia,20,Male,31424,gs://imagen4-faces-imagen-demo-460715/3674.png
3675,Namibia,20,Male,53416,gs://imagen4-faces-imagen-demo-460715/3675.png
3676,Namibia,20,Male,40148,gs://imagen4-faces-imagen-demo-460715/3676.png
3677,Namibia,20,Male,19560,gs://imagen4-faces-imagen-demo-460715/3677.png
3678,Namibia,20,Male,87052,gs://imagen4-faces-imagen-demo-460715/3678.png
3679,Namibia,20,Female,31512,gs://imagen4-faces-imagen-demo-460715/3679.png
3680,Namibia,20,Female,33936,gs://imagen4-faces-imagen-demo-460715/3680.png
3681,Namibia,20,Female,15632,gs://imagen4-faces-imagen-demo-460715/3681.png
3682,Namibia,20,Female,44180,gs://imagen4-faces-imagen-demo-460715/3682.png
3683,Namibia,20,Female,97446,gs://imagen4-faces-imagen-demo-460715/3683.png
3684,Namibia,20,Female,12614,gs://imagen4-faces-imagen-demo-460715/3684.png
3685,Namibia,30,Male,13661,gs://imagen4-faces-imagen-demo-460715/3685.png
3686,Namibia,30,Male,64864,gs://imagen4-faces-imagen-demo-460715/3686.png
3687,Namibia,30,Male,41483,gs://imagen4-faces-imagen-demo-460715/3687.png
3688,Namibia,30,Male,88578,gs://imagen4-faces-imagen-demo-460715/3688.png
3689,Namibia,30,Male,24221,gs://imagen4-faces-imagen-demo-460715/3689.png
3690,Namibia,30,Male,21321,gs://imagen4-faces-imagen-demo-460715/3690.png
3691,Namibia,30,Female,68706,gs://imagen4-faces-imagen-demo-460715/3691.png
3692,Namibia,30,Female,28512,gs://imagen4-faces-imagen-demo-460715/3692.png
3693,Namibia,30,Female,79360,gs://imagen4-faces-imagen-demo-460715/3693.png
3694,Namibia,30,Female,97524,gs://imagen4-faces-imagen-demo-460715/3694.png
3695,Namibia,30,Female,32806,gs://imagen4-faces-imagen-demo-460715/3695.png
3696,Namibia,30,Female,16022,gs://imagen4-faces-imagen-demo-460715/3696.png
3697,Nauru,20,Male,65070,gs://imagen4-faces-imagen-demo-460715/3697.png
3698,Nauru,20,Male,37211,gs://imagen4-faces-imagen-demo-460715/3698.png
3699,Nauru,20,Male,34956,gs://imagen4-faces-imagen-demo-460715/3699.png
3700,Nauru,20,Male,44461,gs://imagen4-faces-imagen-demo-460715/3700.png
3701,Nauru,20,Male,53642,gs://imagen4-faces-imagen-demo-460715/3701.png
3702,Nauru,20,Male,36499,gs://imagen4-faces-imagen-demo-460715/3702.png
3703,Nauru,20,Female,57166,gs://imagen4-faces-imagen-demo-460715/3703.png
3704,Nauru,20,Female,79366,gs://imagen4-faces-imagen-demo-460715/3704.png
3705,Nauru,20,Female,15681,gs://imagen4-faces-imagen-demo-460715/3705.png
3706,Nauru,20,Female,14384,gs://imagen4-faces-imagen-demo-460715/3706.png
3707,Nauru,20,Female,32659,gs://imagen4-faces-imagen-demo-460715/3707.png
3708,Nauru,20,Female,13420,gs://imagen4-faces-imagen-demo-460715/3708.png
3709,Nauru,30,Male,33404,gs://imagen4-faces-imagen-demo-460715/3709.png
3710,Nauru,30,Male,45183,gs://imagen4-faces-imagen-demo-460715/3710.png
3711,Nauru,30,Male,81437,gs://imagen4-faces-imagen-demo-460715/3711.png
3712,Nauru,30,Male,90956,gs://imagen4-faces-imagen-demo-460715/3712.png
3713,Nauru,30,Male,49652,gs://imagen4-faces-imagen-demo-460715/3713.png
3714,Nauru,30,Male,52001,gs://imagen4-faces-imagen-demo-460715/3714.png
3715,Nauru,30,Female,59905,gs://imagen4-faces-imagen-demo-460715/3715.png
3716,Nauru,30,Female,65997,gs://imagen4-faces-imagen-demo-460715/3716.png
3717,Nauru,30,Female,89928,gs://imagen4-faces-imagen-demo-460715/3717.png
3718,Nauru,30,Female,80036,gs://imagen4-faces-imagen-demo-460715/3718.png
3719,Nauru,30,Female,28111,gs://imagen4-faces-imagen-demo-460715/3719.png
3720,Nauru,30,Female,18678,gs://imagen4-faces-imagen-demo-460715/3720.png
3721,Nepal,20,Male,97770,gs://imagen4-faces-imagen-demo-460715/3721.png
3722,Nepal,20,Male,73148,gs://imagen4-faces-imagen-demo-460715/3722.png
3723,Nepal,20,Male,22318,gs://imagen4-faces-imagen-demo-460715/3723.png
3724,Nepal,20,Male,60822,gs://imagen4-faces-imagen-demo-460715/3724.png
3725,Nepal,20,Male,29499,gs://imagen4-faces-imagen-demo-460715/3725.png
3726,Nepal,20,Male,56486,gs://imagen4-faces-imagen-demo-460715/3726.png
3727,Nepal,20,Female,43024,gs://imagen4-faces-imagen-demo-460715/3727.png
3728,Nepal,20,Female,60510,gs://imagen4-faces-imagen-demo-460715/3728.png
3729,Nepal,20,Female,52933,gs://imagen4-faces-imagen-demo-460715/3729.png
3730,Nepal,20,Female,14699,gs://imagen4-faces-imagen-demo-460715/3730.png
3731,Nepal,20,Female,94478,gs://imagen4-faces-imagen-demo-460715/3731.png
3732,Nepal,20,Female,93388,gs://imagen4-faces-imagen-demo-460715/3732.png
3733,Nepal,30,Male,38459,gs://imagen4-faces-imagen-demo-460715/3733.png
3734,Nepal,30,Male,58053,gs://imagen4-faces-imagen-demo-460715/3734.png
3735,Nepal,30,Male,58391,gs://imagen4-faces-imagen-demo-460715/3735.png
3736,Nepal,30,Male,83893,gs://imagen4-faces-imagen-demo-460715/3736.png
3737,Nepal,30,Male,27093,gs://imagen4-faces-imagen-demo-460715/3737.png
3738,Nepal,30,Male,31104,gs://imagen4-faces-imagen-demo-460715/3738.png
3739,Nepal,30,Female,43344,gs://imagen4-faces-imagen-demo-460715/3739.png
3740,Nepal,30,Female,91658,gs://imagen4-faces-imagen-demo-460715/3740.png
3741,Nepal,30,Female,33770,gs://imagen4-faces-imagen-demo-460715/3741.png
3742,Nepal,30,Female,97395,gs://imagen4-faces-imagen-demo-460715/3742.png
3743,Nepal,30,Female,77684,gs://imagen4-faces-imagen-demo-460715/3743.png
3744,Nepal,30,Female,93582,gs://imagen4-faces-imagen-demo-460715/3744.png
3745,Netherlands,20,Male,57626,gs://imagen4-faces-imagen-demo-460715/3745.png
3746,Netherlands,20,Male,10544,gs://imagen4-faces-imagen-demo-460715/3746.png
3747,Netherlands,20,Male,90299,gs://imagen4-faces-imagen-demo-460715/3747.png
3748,Netherlands,20,Male,49277,gs://imagen4-faces-imagen-demo-460715/3748.png
3749,Netherlands,20,Male,73958,gs://imagen4-faces-imagen-demo-460715/3749.png
3750,Netherlands,20,Male,22332,gs://imagen4-faces-imagen-demo-460715/3750.png
3751,Netherlands,20,Female,72444,gs://imagen4-faces-imagen-demo-460715/3751.png
3752,Netherlands,20,Female,87924,gs://imagen4-faces-imagen-demo-460715/3752.png
3753,Netherlands,20,Female,14921,gs://imagen4-faces-imagen-demo-460715/3753.png
3754,Netherlands,20,Female,76850,gs://imagen4-faces-imagen-demo-460715/3754.png
3755,Netherlands,20,Female,20557,gs://imagen4-faces-imagen-demo-460715/3755.png
3756,Netherlands,20,Female,45810,gs://imagen4-faces-imagen-demo-460715/3756.png
3757,Netherlands,30,Male,12790,gs://imagen4-faces-imagen-demo-460715/3757.png
3758,Netherlands,30,Male,39565,gs://imagen4-faces-imagen-demo-460715/3758.png
3759,Netherlands,30,Male,80993,gs://imagen4-faces-imagen-demo-460715/3759.png
3760,Netherlands,30,Male,21056,gs://imagen4-faces-imagen-demo-460715/3760.png
3761,Netherlands,30,Male,98738,gs://imagen4-faces-imagen-demo-460715/3761.png
3762,Netherlands,30,Male,83451,gs://imagen4-faces-imagen-demo-460715/3762.png
3763,Netherlands,30,Female,53601,gs://imagen4-faces-imagen-demo-460715/3763.png
3764,Netherlands,30,Female,15485,gs://imagen4-faces-imagen-demo-460715/3764.png
3765,Netherlands,30,Female,87316,gs://imagen4-faces-imagen-demo-460715/3765.png
3766,Netherlands,30,Female,32836,gs://imagen4-faces-imagen-demo-460715/3766.png
3767,Netherlands,30,Female,13933,gs://imagen4-faces-imagen-demo-460715/3767.png
3768,Netherlands,30,Female,51460,gs://imagen4-faces-imagen-demo-460715/3768.png
3769,New Caledonia,20,Male,98685,gs://imagen4-faces-imagen-demo-460715/3769.png
3770,New Caledonia,20,Male,39395,gs://imagen4-faces-imagen-demo-460715/3770.png
3771,New Caledonia,20,Male,54001,gs://imagen4-faces-imagen-demo-460715/3771.png
3772,New Caledonia,20,Male,96094,gs://imagen4-faces-imagen-demo-460715/3772.png
3773,New Caledonia,20,Male,41059,gs://imagen4-faces-imagen-demo-460715/3773.png
3774,New Caledonia,20,Male,83809,gs://imagen4-faces-imagen-demo-460715/3774.png
3775,New Caledonia,20,Female,55865,gs://imagen4-faces-imagen-demo-460715/3775.png
3776,New Caledonia,20,Female,18388,gs://imagen4-faces-imagen-demo-460715/3776.png
3777,New Caledonia,20,Female,16189,gs://imagen4-faces-imagen-demo-460715/3777.png
3778,New Caledonia,20,Female,29168,gs://imagen4-faces-imagen-demo-460715/3778.png
3779,New Caledonia,20,Female,11224,gs://imagen4-faces-imagen-demo-460715/3779.png
3780,New Caledonia,20,Female,55574,gs://imagen4-faces-imagen-demo-460715/3780.png
3781,New Caledonia,30,Male,32070,gs://imagen4-faces-imagen-demo-460715/3781.png
3782,New Caledonia,30,Male,42316,gs://imagen4-faces-imagen-demo-460715/3782.png
3783,New Caledonia,30,Male,37535,gs://imagen4-faces-imagen-demo-460715/3783.png
3784,New Caledonia,30,Male,46735,gs://imagen4-faces-imagen-demo-460715/3784.png
3785,New Caledonia,30,Male,46177,gs://imagen4-faces-imagen-demo-460715/3785.png
3786,New Caledonia,30,Male,21618,gs://imagen4-faces-imagen-demo-460715/3786.png
3787,New Caledonia,30,Female,46098,gs://imagen4-faces-imagen-demo-460715/3787.png
3788,New Caledonia,30,Female,70706,gs://imagen4-faces-imagen-demo-460715/3788.png
3789,New Caledonia,30,Female,28159,gs://imagen4-faces-imagen-demo-460715/3789.png
3790,New Caledonia,30,Female,67198,gs://imagen4-faces-imagen-demo-460715/3790.png
3791,New Caledonia,30,Female,66786,gs://imagen4-faces-imagen-demo-460715/3791.png
3792,New Caledonia,30,Female,51557,gs://imagen4-faces-imagen-demo-460715/3792.png
3793,New Zealand,20,Male,85539,gs://imagen4-faces-imagen-demo-460715/3793.png
3794,New Zealand,20,Male,27988,gs://imagen4-faces-imagen-demo-460715/3794.png
3795,New Zealand,20,Male,73481,gs://imagen4-faces-imagen-demo-460715/3795.png
3796,New Zealand,20,Male,85227,gs://imagen4-faces-imagen-demo-460715/3796.png
3797,New Zealand,20,Male,78881,gs://imagen4-faces-imagen-demo-460715/3797.png
3798,New Zealand,20,Male,41385,gs://imagen4-faces-imagen-demo-460715/3798.png
3799,New Zealand,20,Female,77855,gs://imagen4-faces-imagen-demo-460715/3799.png
3800,New Zealand,20,Female,53827,gs://imagen4-faces-imagen-demo-460715/3800.png
3801,New Zealand,20,Female,30577,gs://imagen4-faces-imagen-demo-460715/3801.png
3802,New Zealand,20,Female,54708,gs://imagen4-faces-imagen-demo-460715/3802.png
3803,New Zealand,20,Female,22531,gs://imagen4-faces-imagen-demo-460715/3803.png
3804,New Zealand,20,Female,85327,gs://imagen4-faces-imagen-demo-460715/3804.png
3805,New Zealand,30,Male,45952,gs://imagen4-faces-imagen-demo-460715/3805.png
3806,New Zealand,30,Male,28919,gs://imagen4-faces-imagen-demo-460715/3806.png
3807,New Zealand,30,Male,39975,gs://imagen4-faces-imagen-demo-460715/3807.png
3808,New Zealand,30,Male,31168,gs://imagen4-faces-imagen-demo-460715/3808.png
3809,New Zealand,30,Male,74842,gs://imagen4-faces-imagen-demo-460715/3809.png
3810,New Zealand,30,Male,35790,gs://imagen4-faces-imagen-demo-460715/3810.png
3811,New Zealand,30,Female,15821,gs://imagen4-faces-imagen-demo-460715/3811.png
3812,New Zealand,30,Female,97936,gs://imagen4-faces-imagen-demo-460715/3812.png
3813,New Zealand,30,Female,61184,gs://imagen4-faces-imagen-demo-460715/3813.png
3814,New Zealand,30,Female,80995,gs://imagen4-faces-imagen-demo-460715/3814.png
3815,New Zealand,30,Female,59657,gs://imagen4-faces-imagen-demo-460715/3815.png
3816,New Zealand,30,Female,58165,gs://imagen4-faces-imagen-demo-460715/3816.png
3817,Nicaragua,20,Male,49883,gs://imagen4-faces-imagen-demo-460715/3817.png
3818,Nicaragua,20,Male,88862,gs://imagen4-faces-imagen-demo-460715/3818.png
3819,Nicaragua,20,Male,11076,gs://imagen4-faces-imagen-demo-460715/3819.png
3820,Nicaragua,20,Male,78683,gs://imagen4-faces-imagen-demo-460715/3820.png
3821,Nicaragua,20,Male,52463,gs://imagen4-faces-imagen-demo-460715/3821.png
3822,Nicaragua,20,Male,29643,gs://imagen4-faces-imagen-demo-460715/3822.png
3823,Nicaragua,20,Female,69895,gs://imagen4-faces-imagen-demo-460715/3823.png
3824,Nicaragua,20,Female,24052,gs://imagen4-faces-imagen-demo-460715/3824.png
3825,Nicaragua,20,Female,25246,gs://imagen4-faces-imagen-demo-460715/3825.png
3826,Nicaragua,20,Female,28336,gs://imagen4-faces-imagen-demo-460715/3826.png
3827,Nicaragua,20,Female,49049,gs://imagen4-faces-imagen-demo-460715/3827.png
3828,Nicaragua,20,Female,33383,gs://imagen4-faces-imagen-demo-460715/3828.png
3829,Nicaragua,30,Male,44496,gs://imagen4-faces-imagen-demo-460715/3829.png
3830,Nicaragua,30,Male,43503,gs://imagen4-faces-imagen-demo-460715/3830.png
3831,Nicaragua,30,Male,32419,gs://imagen4-faces-imagen-demo-460715/3831.png
3832,Nicaragua,30,Male,98398,gs://imagen4-faces-imagen-demo-460715/3832.png
3833,Nicaragua,30,Male,61764,gs://imagen4-faces-imagen-demo-460715/3833.png
3834,Nicaragua,30,Male,14735,gs://imagen4-faces-imagen-demo-460715/3834.png
3835,Nicaragua,30,Female,62874,gs://imagen4-faces-imagen-demo-460715/3835.png
3836,Nicaragua,30,Female,26251,gs://imagen4-faces-imagen-demo-460715/3836.png
3837,Nicaragua,30,Female,69101,gs://imagen4-faces-imagen-demo-460715/3837.png
3838,Nicaragua,30,Female,36686,gs://imagen4-faces-imagen-demo-460715/3838.png
3839,Nicaragua,30,Female,96689,gs://imagen4-faces-imagen-demo-460715/3839.png
3840,Nicaragua,30,Female,29547,gs://imagen4-faces-imagen-demo-460715/3840.png
3841,Niger,20,Male,34689,gs://imagen4-faces-imagen-demo-460715/3841.png
3842,Niger,20,Male,29975,gs://imagen4-faces-imagen-demo-460715/3842.png
3843,Niger,20,Male,63550,gs://imagen4-faces-imagen-demo-460715/3843.png
3844,Niger,20,Male,11629,gs://imagen4-faces-imagen-demo-460715/3844.png
3845,Niger,20,Male,28345,gs://imagen4-faces-imagen-demo-460715/3845.png
3846,Niger,20,Male,47567,gs://imagen4-faces-imagen-demo-460715/3846.png
3847,Niger,20,Female,54889,gs://imagen4-faces-imagen-demo-460715/3847.png
3848,Niger,20,Female,66128,gs://imagen4-faces-imagen-demo-460715/3848.png
3849,Niger,20,Female,35476,gs://imagen4-faces-imagen-demo-460715/3849.png
3850,Niger,20,Female,88989,gs://imagen4-faces-imagen-demo-460715/3850.png
3851,Niger,20,Female,54066,gs://imagen4-faces-imagen-demo-460715/3851.png
3852,Niger,20,Female,82357,gs://imagen4-faces-imagen-demo-460715/3852.png
3853,Niger,30,Male,72232,gs://imagen4-faces-imagen-demo-460715/3853.png
3854,Niger,30,Male,47669,gs://imagen4-faces-imagen-demo-460715/3854.png
3855,Niger,30,Male,11263,gs://imagen4-faces-imagen-demo-460715/3855.png
3856,Niger,30,Male,47761,gs://imagen4-faces-imagen-demo-460715/3856.png
3857,Niger,30,Male,29932,gs://imagen4-faces-imagen-demo-460715/3857.png
3858,Niger,30,Male,85114,gs://imagen4-faces-imagen-demo-460715/3858.png
3859,Niger,30,Female,36886,gs://imagen4-faces-imagen-demo-460715/3859.png
3860,Niger,30,Female,18222,gs://imagen4-faces-imagen-demo-460715/3860.png
3861,Niger,30,Female,37309,gs://imagen4-faces-imagen-demo-460715/3861.png
3862,Niger,30,Female,52378,gs://imagen4-faces-imagen-demo-460715/3862.png
3863,Niger,30,Female,56156,gs://imagen4-faces-imagen-demo-460715/3863.png
3864,Niger,30,Female,11290,gs://imagen4-faces-imagen-demo-460715/3864.png
3865,Nigeria,20,Male,91720,gs://imagen4-faces-imagen-demo-460715/3865.png
3866,Nigeria,20,Male,95448,gs://imagen4-faces-imagen-demo-460715/3866.png
3867,Nigeria,20,Male,68925,gs://imagen4-faces-imagen-demo-460715/3867.png
3868,Nigeria,20,Male,98425,gs://imagen4-faces-imagen-demo-460715/3868.png
3869,Nigeria,20,Male,68086,gs://imagen4-faces-imagen-demo-460715/3869.png
3870,Nigeria,20,Male,74257,gs://imagen4-faces-imagen-demo-460715/3870.png
3871,Nigeria,20,Female,60483,gs://imagen4-faces-imagen-demo-460715/3871.png
3872,Nigeria,20,Female,78973,gs://imagen4-faces-imagen-demo-460715/3872.png
3873,Nigeria,20,Female,53111,gs://imagen4-faces-imagen-demo-460715/3873.png
3874,Nigeria,20,Female,87011,gs://imagen4-faces-imagen-demo-460715/3874.png
3875,Nigeria,20,Female,22461,gs://imagen4-faces-imagen-demo-460715/3875.png
3876,Nigeria,20,Female,31073,gs://imagen4-faces-imagen-demo-460715/3876.png
3877,Nigeria,30,Male,66223,gs://imagen4-faces-imagen-demo-460715/3877.png
3878,Nigeria,30,Male,57645,gs://imagen4-faces-imagen-demo-460715/3878.png
3879,Nigeria,30,Male,30639,gs://imagen4-faces-imagen-demo-460715/3879.png
3880,Nigeria,30,Male,97476,gs://imagen4-faces-imagen-demo-460715/3880.png
3881,Nigeria,30,Male,66467,gs://imagen4-faces-imagen-demo-460715/3881.png
3882,Nigeria,30,Male,68938,gs://imagen4-faces-imagen-demo-460715/3882.png
3883,Nigeria,30,Female,32223,gs://imagen4-faces-imagen-demo-460715/3883.png
3884,Nigeria,30,Female,81461,gs://imagen4-faces-imagen-demo-460715/3884.png
3885,Nigeria,30,Female,97675,gs://imagen4-faces-imagen-demo-460715/3885.png
3886,Nigeria,30,Female,19773,gs://imagen4-faces-imagen-demo-460715/3886.png
3887,Nigeria,30,Female,52913,gs://imagen4-faces-imagen-demo-460715/3887.png
3888,Nigeria,30,Female,38871,gs://imagen4-faces-imagen-demo-460715/3888.png
3889,Niue,20,Male,43061,gs://imagen4-faces-imagen-demo-460715/3889.png
3890,Niue,20,Male,63985,gs://imagen4-faces-imagen-demo-460715/3890.png
3891,Niue,20,Male,14594,gs://imagen4-faces-imagen-demo-460715/3891.png
3892,Niue,20,Male,54726,gs://imagen4-faces-imagen-demo-460715/3892.png
3893,Niue,20,Male,96626,gs://imagen4-faces-imagen-demo-460715/3893.png
3894,Niue,20,Male,93558,gs://imagen4-faces-imagen-demo-460715/3894.png
3895,Niue,20,Female,40999,gs://imagen4-faces-imagen-demo-460715/3895.png
3896,Niue,20,Female,69994,gs://imagen4-faces-imagen-demo-460715/3896.png
3897,Niue,20,Female,40656,gs://imagen4-faces-imagen-demo-460715/3897.png
3898,Niue,20,Female,27829,gs://imagen4-faces-imagen-demo-460715/3898.png
3899,Niue,20,Female,48660,gs://imagen4-faces-imagen-demo-460715/3899.png
3900,Niue,20,Female,65656,gs://imagen4-faces-imagen-demo-460715/3900.png
3901,Niue,30,Male,35417,gs://imagen4-faces-imagen-demo-460715/3901.png
3902,Niue,30,Male,14917,gs://imagen4-faces-imagen-demo-460715/3902.png
3903,Niue,30,Male,24376,gs://imagen4-faces-imagen-demo-460715/3903.png
3904,Niue,30,Male,30969,gs://imagen4-faces-imagen-demo-460715/3904.png
3905,Niue,30,Male,81960,gs://imagen4-faces-imagen-demo-460715/3905.png
3906,Niue,30,Male,54621,gs://imagen4-faces-imagen-demo-460715/3906.png
3907,Niue,30,Female,46137,gs://imagen4-faces-imagen-demo-460715/3907.png
3908,Niue,30,Female,18860,gs://imagen4-faces-imagen-demo-460715/3908.png
3909,Niue,30,Female,83284,gs://imagen4-faces-imagen-demo-460715/3909.png
3910,Niue,30,Female,89582,gs://imagen4-faces-imagen-demo-460715/3910.png
3911,Niue,30,Female,20755,gs://imagen4-faces-imagen-demo-460715/3911.png
3912,Niue,30,Female,96324,gs://imagen4-faces-imagen-demo-460715/3912.png
3913,Norfolk Island,20,Male,64349,gs://imagen4-faces-imagen-demo-460715/3913.png
3914,Norfolk Island,20,Male,20820,gs://imagen4-faces-imagen-demo-460715/3914.png
3915,Norfolk Island,20,Male,44086,gs://imagen4-faces-imagen-demo-460715/3915.png
3916,Norfolk Island,20,Male,64284,gs://imagen4-faces-imagen-demo-460715/3916.png
3917,Norfolk Island,20,Male,68323,gs://imagen4-faces-imagen-demo-460715/3917.png
3918,Norfolk Island,20,Male,45751,gs://imagen4-faces-imagen-demo-460715/3918.png
3919,Norfolk Island,20,Female,30577,gs://imagen4-faces-imagen-demo-460715/3919.png
3920,Norfolk Island,20,Female,77224,gs://imagen4-faces-imagen-demo-460715/3920.png
3921,Norfolk Island,20,Female,18811,gs://imagen4-faces-imagen-demo-460715/3921.png
3922,Norfolk Island,20,Female,98426,gs://imagen4-faces-imagen-demo-460715/3922.png
3923,Norfolk Island,20,Female,16477,gs://imagen4-faces-imagen-demo-460715/3923.png
3924,Norfolk Island,20,Female,94648,gs://imagen4-faces-imagen-demo-460715/3924.png
3925,Norfolk Island,30,Male,50739,gs://imagen4-faces-imagen-demo-460715/3925.png
3926,Norfolk Island,30,Male,44287,gs://imagen4-faces-imagen-demo-460715/3926.png
3927,Norfolk Island,30,Male,95465,gs://imagen4-faces-imagen-demo-460715/3927.png
3928,Norfolk Island,30,Male,80960,gs://imagen4-faces-imagen-demo-460715/3928.png
3929,Norfolk Island,30,Male,36844,gs://imagen4-faces-imagen-demo-460715/3929.png
3930,Norfolk Island,30,Male,38945,gs://imagen4-faces-imagen-demo-460715/3930.png
3931,Norfolk Island,30,Female,19383,gs://imagen4-faces-imagen-demo-460715/3931.png
3932,Norfolk Island,30,Female,53896,gs://imagen4-faces-imagen-demo-460715/3932.png
3933,Norfolk Island,30,Female,10478,gs://imagen4-faces-imagen-demo-460715/3933.png
3934,Norfolk Island,30,Female,54367,gs://imagen4-faces-imagen-demo-460715/3934.png
3935,Norfolk Island,30,Female,23752,gs://imagen4-faces-imagen-demo-460715/3935.png
3936,Norfolk Island,30,Female,31135,gs://imagen4-faces-imagen-demo-460715/3936.png
3937,North Macedonia,20,Male,51958,gs://imagen4-faces-imagen-demo-460715/3937.png
3938,North Macedonia,20,Male,32049,gs://imagen4-faces-imagen-demo-460715/3938.png
3939,North Macedonia,20,Male,14075,gs://imagen4-faces-imagen-demo-460715/3939.png
3940,North Macedonia,20,Male,69366,gs://imagen4-faces-imagen-demo-460715/3940.png
3941,North Macedonia,20,Male,98872,gs://imagen4-faces-imagen-demo-460715/3941.png
3942,North Macedonia,20,Male,98404,gs://imagen4-faces-imagen-demo-460715/3942.png
3943,North Macedonia,20,Female,27293,gs://imagen4-faces-imagen-demo-460715/3943.png
3944,North Macedonia,20,Female,38715,gs://imagen4-faces-imagen-demo-460715/3944.png
3945,North Macedonia,20,Female,51752,gs://imagen4-faces-imagen-demo-460715/3945.png
3946,North Macedonia,20,Female,99018,gs://imagen4-faces-imagen-demo-460715/3946.png
3947,North Macedonia,20,Female,68510,gs://imagen4-faces-imagen-demo-460715/3947.png
3948,North Macedonia,20,Female,35861,gs://imagen4-faces-imagen-demo-460715/3948.png
3949,North Macedonia,30,Male,59832,gs://imagen4-faces-imagen-demo-460715/3949.png
3950,North Macedonia,30,Male,34043,gs://imagen4-faces-imagen-demo-460715/3950.png
3951,North Macedonia,30,Male,13222,gs://imagen4-faces-imagen-demo-460715/3951.png
3952,North Macedonia,30,Male,35014,gs://imagen4-faces-imagen-demo-460715/3952.png
3953,North Macedonia,30,Male,66422,gs://imagen4-faces-imagen-demo-460715/3953.png
3954,North Macedonia,30,Male,23778,gs://imagen4-faces-imagen-demo-460715/3954.png
3955,North Macedonia,30,Female,25877,gs://imagen4-faces-imagen-demo-460715/3955.png
3956,North Macedonia,30,Female,44735,gs://imagen4-faces-imagen-demo-460715/3956.png
3957,North Macedonia,30,Female,77071,gs://imagen4-faces-imagen-demo-460715/3957.png
3958,North Macedonia,30,Female,71598,gs://imagen4-faces-imagen-demo-460715/3958.png
3959,North Macedonia,30,Female,77886,gs://imagen4-faces-imagen-demo-460715/3959.png
3960,North Macedonia,30,Female,40407,gs://imagen4-faces-imagen-demo-460715/3960.png
3961,Northern Mariana Islands,20,Male,97806,gs://imagen4-faces-imagen-demo-460715/3961.png
3962,Northern Mariana Islands,20,Male,41566,gs://imagen4-faces-imagen-demo-460715/3962.png
3963,Northern Mariana Islands,20,Male,34729,gs://imagen4-faces-imagen-demo-460715/3963.png
3964,Northern Mariana Islands,20,Male,73592,gs://imagen4-faces-imagen-demo-460715/3964.png
3965,Northern Mariana Islands,20,Male,81194,gs://imagen4-faces-imagen-demo-460715/3965.png
3966,Northern Mariana Islands,20,Male,19369,gs://imagen4-faces-imagen-demo-460715/3966.png
3967,Northern Mariana Islands,20,Female,97554,gs://imagen4-faces-imagen-demo-460715/3967.png
3968,Northern Mariana Islands,20,Female,88103,gs://imagen4-faces-imagen-demo-460715/3968.png
3969,Northern Mariana Islands,20,Female,53233,gs://imagen4-faces-imagen-demo-460715/3969.png
3970,Northern Mariana Islands,20,Female,82721,gs://imagen4-faces-imagen-demo-460715/3970.png
3971,Northern Mariana Islands,20,Female,40303,gs://imagen4-faces-imagen-demo-460715/3971.png
3972,Northern Mariana Islands,20,Female,60409,gs://imagen4-faces-imagen-demo-460715/3972.png
3973,Northern Mariana Islands,30,Male,21626,gs://imagen4-faces-imagen-demo-460715/3973.png
3974,Northern Mariana Islands,30,Male,71567,gs://imagen4-faces-imagen-demo-460715/3974.png
3975,Northern Mariana Islands,30,Male,69417,gs://imagen4-faces-imagen-demo-460715/3975.png
3976,Northern Mariana Islands,30,Male,39162,gs://imagen4-faces-imagen-demo-460715/3976.png
3977,Northern Mariana Islands,30,Male,21430,gs://imagen4-faces-imagen-demo-460715/3977.png
3978,Northern Mariana Islands,30,Male,89588,gs://imagen4-faces-imagen-demo-460715/3978.png
3979,Northern Mariana Islands,30,Female,60730,gs://imagen4-faces-imagen-demo-460715/3979.png
3980,Northern Mariana Islands,30,Female,88996,gs://imagen4-faces-imagen-demo-460715/3980.png
3981,Northern Mariana Islands,30,Female,60231,gs://imagen4-faces-imagen-demo-460715/3981.png
3982,Northern Mariana Islands,30,Female,45124,gs://imagen4-faces-imagen-demo-460715/3982.png
3983,Northern Mariana Islands,30,Female,79612,gs://imagen4-faces-imagen-demo-460715/3983.png
3984,Northern Mariana Islands,30,Female,29976,gs://imagen4-faces-imagen-demo-460715/3984.png
3985,Norway,20,Male,68177,gs://imagen4-faces-imagen-demo-460715/3985.png
3986,Norway,20,Male,89574,gs://imagen4-faces-imagen-demo-460715/3986.png
3987,Norway,20,Male,97508,gs://imagen4-faces-imagen-demo-460715/3987.png
3988,Norway,20,Male,59812,gs://imagen4-faces-imagen-demo-460715/3988.png
3989,Norway,20,Male,69690,gs://imagen4-faces-imagen-demo-460715/3989.png
3990,Norway,20,Male,22503,gs://imagen4-faces-imagen-demo-460715/3990.png
3991,Norway,20,Female,41818,gs://imagen4-faces-imagen-demo-460715/3991.png
3992,Norway,20,Female,21878,gs://imagen4-faces-imagen-demo-460715/3992.png
3993,Norway,20,Female,92395,gs://imagen4-faces-imagen-demo-460715/3993.png
3994,Norway,20,Female,50295,gs://imagen4-faces-imagen-demo-460715/3994.png
3995,Norway,20,Female,68330,gs://imagen4-faces-imagen-demo-460715/3995.png
3996,Norway,20,Female,71729,gs://imagen4-faces-imagen-demo-460715/3996.png
3997,Norway,30,Male,21455,gs://imagen4-faces-imagen-demo-460715/3997.png
3998,Norway,30,Male,52183,gs://imagen4-faces-imagen-demo-460715/3998.png
3999,Norway,30,Male,37430,gs://imagen4-faces-imagen-demo-460715/3999.png
4000,Norway,30,Male,91630,gs://imagen4-faces-imagen-demo-460715/4000.png
4001,Norway,30,Male,25206,gs://imagen4-faces-imagen-demo-460715/4001.png
4002,Norway,30,Male,13557,gs://imagen4-faces-imagen-demo-460715/4002.png
4003,Norway,30,Female,39879,gs://imagen4-faces-imagen-demo-460715/4003.png
4004,Norway,30,Female,10073,gs://imagen4-faces-imagen-demo-460715/4004.png
4005,Norway,30,Female,53372,gs://imagen4-faces-imagen-demo-460715/4005.png
4006,Norway,30,Female,35542,gs://imagen4-faces-imagen-demo-460715/4006.png
4007,Norway,30,Female,32072,gs://imagen4-faces-imagen-demo-460715/4007.png
4008,Norway,30,Female,45692,gs://imagen4-faces-imagen-demo-460715/4008.png
4009,Oman,20,Male,60427,gs://imagen4-faces-imagen-demo-460715/4009.png
4010,Oman,20,Male,36006,gs://imagen4-faces-imagen-demo-460715/4010.png
4011,Oman,20,Male,53542,gs://imagen4-faces-imagen-demo-460715/4011.png
4012,Oman,20,Male,18771,gs://imagen4-faces-imagen-demo-460715/4012.png
4013,Oman,20,Male,25141,gs://imagen4-faces-imagen-demo-460715/4013.png
4014,Oman,20,Male,96848,gs://imagen4-faces-imagen-demo-460715/4014.png
4015,Oman,20,Female,41414,gs://imagen4-faces-imagen-demo-460715/4015.png
4016,Oman,20,Female,37539,gs://imagen4-faces-imagen-demo-460715/4016.png
4017,Oman,20,Female,90885,gs://imagen4-faces-imagen-demo-460715/4017.png
4018,Oman,20,Female,10771,gs://imagen4-faces-imagen-demo-460715/4018.png
4019,Oman,20,Female,63520,gs://imagen4-faces-imagen-demo-460715/4019.png
4020,Oman,20,Female,41465,gs://imagen4-faces-imagen-demo-460715/4020.png
4021,Oman,30,Male,10349,gs://imagen4-faces-imagen-demo-460715/4021.png
4022,Oman,30,Male,62006,gs://imagen4-faces-imagen-demo-460715/4022.png
4023,Oman,30,Male,60951,gs://imagen4-faces-imagen-demo-460715/4023.png
4024,Oman,30,Male,47681,gs://imagen4-faces-imagen-demo-460715/4024.png
4025,Oman,30,Male,61669,gs://imagen4-faces-imagen-demo-460715/4025.png
4026,Oman,30,Male,73177,gs://imagen4-faces-imagen-demo-460715/4026.png
4027,Oman,30,Female,82864,gs://imagen4-faces-imagen-demo-460715/4027.png
4028,Oman,30,Female,96619,gs://imagen4-faces-imagen-demo-460715/4028.png
4029,Oman,30,Female,61479,gs://imagen4-faces-imagen-demo-460715/4029.png
4030,Oman,30,Female,35398,gs://imagen4-faces-imagen-demo-460715/4030.png
4031,Oman,30,Female,81399,gs://imagen4-faces-imagen-demo-460715/4031.png
4032,Oman,30,Female,36724,gs://imagen4-faces-imagen-demo-460715/4032.png
4033,Pakistan,20,Male,15152,gs://imagen4-faces-imagen-demo-460715/4033.png
4034,Pakistan,20,Male,46121,gs://imagen4-faces-imagen-demo-460715/4034.png
4035,Pakistan,20,Male,82773,gs://imagen4-faces-imagen-demo-460715/4035.png
4036,Pakistan,20,Male,52217,gs://imagen4-faces-imagen-demo-460715/4036.png
4037,Pakistan,20,Male,30448,gs://imagen4-faces-imagen-demo-460715/4037.png
4038,Pakistan,20,Male,17715,gs://imagen4-faces-imagen-demo-460715/4038.png
4039,Pakistan,20,Female,79161,gs://imagen4-faces-imagen-demo-460715/4039.png
4040,Pakistan,20,Female,14296,gs://imagen4-faces-imagen-demo-460715/4040.png
4041,Pakistan,20,Female,91800,gs://imagen4-faces-imagen-demo-460715/4041.png
4042,Pakistan,20,Female,75018,gs://imagen4-faces-imagen-demo-460715/4042.png
4043,Pakistan,20,Female,50444,gs://imagen4-faces-imagen-demo-460715/4043.png
4044,Pakistan,20,Female,19588,gs://imagen4-faces-imagen-demo-460715/4044.png
4045,Pakistan,30,Male,63386,gs://imagen4-faces-imagen-demo-460715/4045.png
4046,Pakistan,30,Male,29752,gs://imagen4-faces-imagen-demo-460715/4046.png
4047,Pakistan,30,Male,96887,gs://imagen4-faces-imagen-demo-460715/4047.png
4048,Pakistan,30,Male,82798,gs://imagen4-faces-imagen-demo-460715/4048.png
4049,Pakistan,30,Male,21292,gs://imagen4-faces-imagen-demo-460715/4049.png
4050,Pakistan,30,Male,85885,gs://imagen4-faces-imagen-demo-460715/4050.png
4051,Pakistan,30,Female,64047,gs://imagen4-faces-imagen-demo-460715/4051.png
4052,Pakistan,30,Female,77304,gs://imagen4-faces-imagen-demo-460715/4052.png
4053,Pakistan,30,Female,66883,gs://imagen4-faces-imagen-demo-460715/4053.png
4054,Pakistan,30,Female,60106,gs://imagen4-faces-imagen-demo-460715/4054.png
4055,Pakistan,30,Female,98483,gs://imagen4-faces-imagen-demo-460715/4055.png
4056,Pakistan,30,Female,94545,gs://imagen4-faces-imagen-demo-460715/4056.png
4057,Palau,20,Male,60858,gs://imagen4-faces-imagen-demo-460715/4057.png
4058,Palau,20,Male,30539,gs://imagen4-faces-imagen-demo-460715/4058.png
4059,Palau,20,Male,81076,gs://imagen4-faces-imagen-demo-460715/4059.png
4060,Palau,20,Male,15132,gs://imagen4-faces-imagen-demo-460715/4060.png
4061,Palau,20,Male,79495,gs://imagen4-faces-imagen-demo-460715/4061.png
4062,Palau,20,Male,78284,gs://imagen4-faces-imagen-demo-460715/4062.png
4063,Palau,20,Female,80521,gs://imagen4-faces-imagen-demo-460715/4063.png
4064,Palau,20,Female,77481,gs://imagen4-faces-imagen-demo-460715/4064.png
4065,Palau,20,Female,85662,gs://imagen4-faces-imagen-demo-460715/4065.png
4066,Palau,20,Female,67093,gs://imagen4-faces-imagen-demo-460715/4066.png
4067,Palau,20,Female,47300,gs://imagen4-faces-imagen-demo-460715/4067.png
4068,Palau,20,Female,81336,gs://imagen4-faces-imagen-demo-460715/4068.png
4069,Palau,30,Male,20803,gs://imagen4-faces-imagen-demo-460715/4069.png
4070,Palau,30,Male,74687,gs://imagen4-faces-imagen-demo-460715/4070.png
4071,Palau,30,Male,75144,gs://imagen4-faces-imagen-demo-460715/4071.png
4072,Palau,30,Male,94475,gs://imagen4-faces-imagen-demo-460715/4072.png
4073,Palau,30,Male,17383,gs://imagen4-faces-imagen-demo-460715/4073.png
4074,Palau,30,Male,12615,gs://imagen4-faces-imagen-demo-460715/4074.png
4075,Palau,30,Female,40834,gs://imagen4-faces-imagen-demo-460715/4075.png
4076,Palau,30,Female,96374,gs://imagen4-faces-imagen-demo-460715/4076.png
4077,Palau,30,Female,17047,gs://imagen4-faces-imagen-demo-460715/4077.png
4078,Palau,30,Female,70012,gs://imagen4-faces-imagen-demo-460715/4078.png
4079,Palau,30,Female,16315,gs://imagen4-faces-imagen-demo-460715/4079.png
4080,Palau,30,Female,48710,gs://imagen4-faces-imagen-demo-460715/4080.png
4081,"Palestine, State of",20,Male,57442,gs://imagen4-faces-imagen-demo-460715/4081.png
4082,"Palestine, State of",20,Male,32608,gs://imagen4-faces-imagen-demo-460715/4082.png
4083,"Palestine, State of",20,Male,43138,gs://imagen4-faces-imagen-demo-460715/4083.png
4084,"Palestine, State of",20,Male,53800,gs://imagen4-faces-imagen-demo-460715/4084.png
4085,"Palestine, State of",20,Male,25910,gs://imagen4-faces-imagen-demo-460715/4085.png
4086,"Palestine, State of",20,Male,25072,gs://imagen4-faces-imagen-demo-460715/4086.png
4087,"Palestine, State of",20,Female,72507,gs://imagen4-faces-imagen-demo-460715/4087.png
4088,"Palestine, State of",20,Female,61150,gs://imagen4-faces-imagen-demo-460715/4088.png
4089,"Palestine, State of",20,Female,22653,gs://imagen4-faces-imagen-demo-460715/4089.png
4090,"Palestine, State of",20,Female,97444,gs://imagen4-faces-imagen-demo-460715/4090.png
4091,"Palestine, State of",20,Female,50275,gs://imagen4-faces-imagen-demo-460715/4091.png
4092,"Palestine, State of",20,Female,53877,gs://imagen4-faces-imagen-demo-460715/4092.png
4093,"Palestine, State of",30,Male,10212,gs://imagen4-faces-imagen-demo-460715/4093.png
4094,"Palestine, State of",30,Male,87683,gs://imagen4-faces-imagen-demo-460715/4094.png
4095,"Palestine, State of",30,Male,87663,gs://imagen4-faces-imagen-demo-460715/4095.png
4096,"Palestine, State of",30,Male,29231,gs://imagen4-faces-imagen-demo-460715/4096.png
4097,"Palestine, State of",30,Male,78265,gs://imagen4-faces-imagen-demo-460715/4097.png
4098,"Palestine, State of",30,Male,96324,gs://imagen4-faces-imagen-demo-460715/4098.png
4099,"Palestine, State of",30,Female,78965,gs://imagen4-faces-imagen-demo-460715/4099.png
4100,"Palestine, State of",30,Female,53935,gs://imagen4-faces-imagen-demo-460715/4100.png
4101,"Palestine, State of",30,Female,91172,gs://imagen4-faces-imagen-demo-460715/4101.png
4102,"Palestine, State of",30,Female,90654,gs://imagen4-faces-imagen-demo-460715/4102.png
4103,"Palestine, State of",30,Female,36802,gs://imagen4-faces-imagen-demo-460715/4103.png
4104,"Palestine, State of",30,Female,76334,gs://imagen4-faces-imagen-demo-460715/4104.png
4105,Panama,20,Male,83185,gs://imagen4-faces-imagen-demo-460715/4105.png
4106,Panama,20,Male,69181,gs://imagen4-faces-imagen-demo-460715/4106.png
4107,Panama,20,Male,19909,gs://imagen4-faces-imagen-demo-460715/4107.png
4108,Panama,20,Male,65663,gs://imagen4-faces-imagen-demo-460715/4108.png
4109,Panama,20,Male,54455,gs://imagen4-faces-imagen-demo-460715/4109.png
4110,Panama,20,Male,70534,gs://imagen4-faces-imagen-demo-460715/4110.png
4111,Panama,20,Female,68366,gs://imagen4-faces-imagen-demo-460715/4111.png
4112,Panama,20,Female,20963,gs://imagen4-faces-imagen-demo-460715/4112.png
4113,Panama,20,Female,39265,gs://imagen4-faces-imagen-demo-460715/4113.png
4114,Panama,20,Female,75489,gs://imagen4-faces-imagen-demo-460715/4114.png
4115,Panama,20,Female,87799,gs://imagen4-faces-imagen-demo-460715/4115.png
4116,Panama,20,Female,74730,gs://imagen4-faces-imagen-demo-460715/4116.png
4117,Panama,30,Male,81484,gs://imagen4-faces-imagen-demo-460715/4117.png
4118,Panama,30,Male,30357,gs://imagen4-faces-imagen-demo-460715/4118.png
4119,Panama,30,Male,88424,gs://imagen4-faces-imagen-demo-460715/4119.png
4120,Panama,30,Male,30572,gs://imagen4-faces-imagen-demo-460715/4120.png
4121,Panama,30,Male,76062,gs://imagen4-faces-imagen-demo-460715/4121.png
4122,Panama,30,Male,21419,gs://imagen4-faces-imagen-demo-460715/4122.png
4123,Panama,30,Female,43174,gs://imagen4-faces-imagen-demo-460715/4123.png
4124,Panama,30,Female,23042,gs://imagen4-faces-imagen-demo-460715/4124.png
4125,Panama,30,Female,57833,gs://imagen4-faces-imagen-demo-460715/4125.png
4126,Panama,30,Female,49843,gs://imagen4-faces-imagen-demo-460715/4126.png
4127,Panama,30,Female,40128,gs://imagen4-faces-imagen-demo-460715/4127.png
4128,Panama,30,Female,83628,gs://imagen4-faces-imagen-demo-460715/4128.png
4129,Papua New Guinea,20,Male,35960,gs://imagen4-faces-imagen-demo-460715/4129.png
4130,Papua New Guinea,20,Male,21824,gs://imagen4-faces-imagen-demo-460715/4130.png
4131,Papua New Guinea,20,Male,58321,gs://imagen4-faces-imagen-demo-460715/4131.png
4132,Papua New Guinea,20,Male,49379,gs://imagen4-faces-imagen-demo-460715/4132.png
4133,Papua New Guinea,20,Male,43299,gs://imagen4-faces-imagen-demo-460715/4133.png
4134,Papua New Guinea,20,Male,15318,gs://imagen4-faces-imagen-demo-460715/4134.png
4135,Papua New Guinea,20,Female,82399,gs://imagen4-faces-imagen-demo-460715/4135.png
4136,Papua New Guinea,20,Female,48465,gs://imagen4-faces-imagen-demo-460715/4136.png
4137,Papua New Guinea,20,Female,13282,gs://imagen4-faces-imagen-demo-460715/4137.png
4138,Papua New Guinea,20,Female,40166,gs://imagen4-faces-imagen-demo-460715/4138.png
4139,Papua New Guinea,20,Female,28838,gs://imagen4-faces-imagen-demo-460715/4139.png
4140,Papua New Guinea,20,Female,33914,gs://imagen4-faces-imagen-demo-460715/4140.png
4141,Papua New Guinea,30,Male,90579,gs://imagen4-faces-imagen-demo-460715/4141.png
4142,Papua New Guinea,30,Male,16463,gs://imagen4-faces-imagen-demo-460715/4142.png
4143,Papua New Guinea,30,Male,43559,gs://imagen4-faces-imagen-demo-460715/4143.png
4144,Papua New Guinea,30,Male,94591,gs://imagen4-faces-imagen-demo-460715/4144.png
4145,Papua New Guinea,30,Male,18022,gs://imagen4-faces-imagen-demo-460715/4145.png
4146,Papua New Guinea,30,Male,39090,gs://imagen4-faces-imagen-demo-460715/4146.png
4147,Papua New Guinea,30,Female,95344,gs://imagen4-faces-imagen-demo-460715/4147.png
4148,Papua New Guinea,30,Female,28060,gs://imagen4-faces-imagen-demo-460715/4148.png
4149,Papua New Guinea,30,Female,90751,gs://imagen4-faces-imagen-demo-460715/4149.png
4150,Papua New Guinea,30,Female,63365,gs://imagen4-faces-imagen-demo-460715/4150.png
4151,Papua New Guinea,30,Female,91140,gs://imagen4-faces-imagen-demo-460715/4151.png
4152,Papua New Guinea,30,Female,74843,gs://imagen4-faces-imagen-demo-460715/4152.png
4153,Paraguay,20,Male,85328,gs://imagen4-faces-imagen-demo-460715/4153.png
4154,Paraguay,20,Male,74507,gs://imagen4-faces-imagen-demo-460715/4154.png
4155,Paraguay,20,Male,48999,gs://imagen4-faces-imagen-demo-460715/4155.png
4156,Paraguay,20,Male,63235,gs://imagen4-faces-imagen-demo-460715/4156.png
4157,Paraguay,20,Male,40411,gs://imagen4-faces-imagen-demo-460715/4157.png
4158,Paraguay,20,Male,66819,gs://imagen4-faces-imagen-demo-460715/4158.png
4159,Paraguay,20,Female,34217,gs://imagen4-faces-imagen-demo-460715/4159.png
4160,Paraguay,20,Female,75113,gs://imagen4-faces-imagen-demo-460715/4160.png
4161,Paraguay,20,Female,90185,gs://imagen4-faces-imagen-demo-460715/4161.png
4162,Paraguay,20,Female,46508,gs://imagen4-faces-imagen-demo-460715/4162.png
4163,Paraguay,20,Female,15769,gs://imagen4-faces-imagen-demo-460715/4163.png
4164,Paraguay,20,Female,64738,gs://imagen4-faces-imagen-demo-460715/4164.png
4165,Paraguay,30,Male,35535,gs://imagen4-faces-imagen-demo-460715/4165.png
4166,Paraguay,30,Male,15410,gs://imagen4-faces-imagen-demo-460715/4166.png
4167,Paraguay,30,Male,59120,gs://imagen4-faces-imagen-demo-460715/4167.png
4168,Paraguay,30,Male,65725,gs://imagen4-faces-imagen-demo-460715/4168.png
4169,Paraguay,30,Male,32699,gs://imagen4-faces-imagen-demo-460715/4169.png
4170,Paraguay,30,Male,81673,gs://imagen4-faces-imagen-demo-460715/4170.png
4171,Paraguay,30,Female,91391,gs://imagen4-faces-imagen-demo-460715/4171.png
4172,Paraguay,30,Female,19810,gs://imagen4-faces-imagen-demo-460715/4172.png
4173,Paraguay,30,Female,10487,gs://imagen4-faces-imagen-demo-460715/4173.png
4174,Paraguay,30,Female,88297,gs://imagen4-faces-imagen-demo-460715/4174.png
4175,Paraguay,30,Female,92469,gs://imagen4-faces-imagen-demo-460715/4175.png
4176,Paraguay,30,Female,34954,gs://imagen4-faces-imagen-demo-460715/4176.png
4177,Peru,20,Male,36126,gs://imagen4-faces-imagen-demo-460715/4177.png
4178,Peru,20,Male,78955,gs://imagen4-faces-imagen-demo-460715/4178.png
4179,Peru,20,Male,29384,gs://imagen4-faces-imagen-demo-460715/4179.png
4180,Peru,20,Male,97862,gs://imagen4-faces-imagen-demo-460715/4180.png
4181,Peru,20,Male,31125,gs://imagen4-faces-imagen-demo-460715/4181.png
4182,Peru,20,Male,11394,gs://imagen4-faces-imagen-demo-460715/4182.png
4183,Peru,20,Female,55872,gs://imagen4-faces-imagen-demo-460715/4183.png
4184,Peru,20,Female,84527,gs://imagen4-faces-imagen-demo-460715/4184.png
4185,Peru,20,Female,23100,gs://imagen4-faces-imagen-demo-460715/4185.png
4186,Peru,20,Female,32513,gs://imagen4-faces-imagen-demo-460715/4186.png
4187,Peru,20,Female,22511,gs://imagen4-faces-imagen-demo-460715/4187.png
4188,Peru,20,Female,50113,gs://imagen4-faces-imagen-demo-460715/4188.png
4189,Peru,30,Male,85722,gs://imagen4-faces-imagen-demo-460715/4189.png
4190,Peru,30,Male,74986,gs://imagen4-faces-imagen-demo-460715/4190.png
4191,Peru,30,Male,19264,gs://imagen4-faces-imagen-demo-460715/4191.png
4192,Peru,30,Male,79954,gs://imagen4-faces-imagen-demo-460715/4192.png
4193,Peru,30,Male,10256,gs://imagen4-faces-imagen-demo-460715/4193.png
4194,Peru,30,Male,94139,gs://imagen4-faces-imagen-demo-460715/4194.png
4195,Peru,30,Female,47926,gs://imagen4-faces-imagen-demo-460715/4195.png
4196,Peru,30,Female,41663,gs://imagen4-faces-imagen-demo-460715/4196.png
4197,Peru,30,Female,38717,gs://imagen4-faces-imagen-demo-460715/4197.png
4198,Peru,30,Female,93054,gs://imagen4-faces-imagen-demo-460715/4198.png
4199,Peru,30,Female,16353,gs://imagen4-faces-imagen-demo-460715/4199.png
4200,Peru,30,Female,90227,gs://imagen4-faces-imagen-demo-460715/4200.png
4201,Philippines,20,Male,37278,gs://imagen4-faces-imagen-demo-460715/4201.png
4202,Philippines,20,Male,44318,gs://imagen4-faces-imagen-demo-460715/4202.png
4203,Philippines,20,Male,21095,gs://imagen4-faces-imagen-demo-460715/4203.png
4204,Philippines,20,Male,18614,gs://imagen4-faces-imagen-demo-460715/4204.png
4205,Philippines,20,Male,20834,gs://imagen4-faces-imagen-demo-460715/4205.png
4206,Philippines,20,Male,89676,gs://imagen4-faces-imagen-demo-460715/4206.png
4207,Philippines,20,Female,55627,gs://imagen4-faces-imagen-demo-460715/4207.png
4208,Philippines,20,Female,53652,gs://imagen4-faces-imagen-demo-460715/4208.png
4209,Philippines,20,Female,12207,gs://imagen4-faces-imagen-demo-460715/4209.png
4210,Philippines,20,Female,16103,gs://imagen4-faces-imagen-demo-460715/4210.png
4211,Philippines,20,Female,93662,gs://imagen4-faces-imagen-demo-460715/4211.png
4212,Philippines,20,Female,45237,gs://imagen4-faces-imagen-demo-460715/4212.png
4213,Philippines,30,Male,20390,gs://imagen4-faces-imagen-demo-460715/4213.png
4214,Philippines,30,Male,16234,gs://imagen4-faces-imagen-demo-460715/4214.png
4215,Philippines,30,Male,60023,gs://imagen4-faces-imagen-demo-460715/4215.png
4216,Philippines,30,Male,39334,gs://imagen4-faces-imagen-demo-460715/4216.png
4217,Philippines,30,Male,81495,gs://imagen4-faces-imagen-demo-460715/4217.png
4218,Philippines,30,Male,16763,gs://imagen4-faces-imagen-demo-460715/4218.png
4219,Philippines,30,Female,10229,gs://imagen4-faces-imagen-demo-460715/4219.png
4220,Philippines,30,Female,87214,gs://imagen4-faces-imagen-demo-460715/4220.png
4221,Philippines,30,Female,22628,gs://imagen4-faces-imagen-demo-460715/4221.png
4222,Philippines,30,Female,53308,gs://imagen4-faces-imagen-demo-460715/4222.png
4223,Philippines,30,Female,64312,gs://imagen4-faces-imagen-demo-460715/4223.png
4224,Philippines,30,Female,33713,gs://imagen4-faces-imagen-demo-460715/4224.png
4225,Pitcairn,20,Male,15483,gs://imagen4-faces-imagen-demo-460715/4225.png
4226,Pitcairn,20,Male,53653,gs://imagen4-faces-imagen-demo-460715/4226.png
4227,Pitcairn,20,Male,53531,gs://imagen4-faces-imagen-demo-460715/4227.png
4228,Pitcairn,20,Male,91694,gs://imagen4-faces-imagen-demo-460715/4228.png
4229,Pitcairn,20,Male,75789,gs://imagen4-faces-imagen-demo-460715/4229.png
4230,Pitcairn,20,Male,16707,gs://imagen4-faces-imagen-demo-460715/4230.png
4231,Pitcairn,20,Female,24907,gs://imagen4-faces-imagen-demo-460715/4231.png
4232,Pitcairn,20,Female,58628,gs://imagen4-faces-imagen-demo-460715/4232.png
4233,Pitcairn,20,Female,11257,gs://imagen4-faces-imagen-demo-460715/4233.png
4234,Pitcairn,20,Female,23912,gs://imagen4-faces-imagen-demo-460715/4234.png
4235,Pitcairn,20,Female,68996,gs://imagen4-faces-imagen-demo-460715/4235.png
4236,Pitcairn,20,Female,39738,gs://imagen4-faces-imagen-demo-460715/4236.png
4237,Pitcairn,30,Male,51767,gs://imagen4-faces-imagen-demo-460715/4237.png
4238,Pitcairn,30,Male,68328,gs://imagen4-faces-imagen-demo-460715/4238.png
4239,Pitcairn,30,Male,62204,gs://imagen4-faces-imagen-demo-460715/4239.png
4240,Pitcairn,30,Male,97151,gs://imagen4-faces-imagen-demo-460715/4240.png
4241,Pitcairn,30,Male,19516,gs://imagen4-faces-imagen-demo-460715/4241.png
4242,Pitcairn,30,Male,58603,gs://imagen4-faces-imagen-demo-460715/4242.png
4243,Pitcairn,30,Female,83327,gs://imagen4-faces-imagen-demo-460715/4243.png
4244,Pitcairn,30,Female,98378,gs://imagen4-faces-imagen-demo-460715/4244.png
4245,Pitcairn,30,Female,78827,gs://imagen4-faces-imagen-demo-460715/4245.png
4246,Pitcairn,30,Female,15669,gs://imagen4-faces-imagen-demo-460715/4246.png
4247,Pitcairn,30,Female,98355,gs://imagen4-faces-imagen-demo-460715/4247.png
4248,Pitcairn,30,Female,41235,gs://imagen4-faces-imagen-demo-460715/4248.png
4249,Poland,20,Male,57815,gs://imagen4-faces-imagen-demo-460715/4249.png
4250,Poland,20,Male,51500,gs://imagen4-faces-imagen-demo-460715/4250.png
4251,Poland,20,Male,18418,gs://imagen4-faces-imagen-demo-460715/4251.png
4252,Poland,20,Male,49685,gs://imagen4-faces-imagen-demo-460715/4252.png
4253,Poland,20,Male,36670,gs://imagen4-faces-imagen-demo-460715/4253.png
4254,Poland,20,Male,36482,gs://imagen4-faces-imagen-demo-460715/4254.png
4255,Poland,20,Female,51086,gs://imagen4-faces-imagen-demo-460715/4255.png
4256,Poland,20,Female,59602,gs://imagen4-faces-imagen-demo-460715/4256.png
4257,Poland,20,Female,78416,gs://imagen4-faces-imagen-demo-460715/4257.png
4258,Poland,20,Female,91292,gs://imagen4-faces-imagen-demo-460715/4258.png
4259,Poland,20,Female,26777,gs://imagen4-faces-imagen-demo-460715/4259.png
4260,Poland,20,Female,14133,gs://imagen4-faces-imagen-demo-460715/4260.png
4261,Poland,30,Male,92494,gs://imagen4-faces-imagen-demo-460715/4261.png
4262,Poland,30,Male,55225,gs://imagen4-faces-imagen-demo-460715/4262.png
4263,Poland,30,Male,11955,gs://imagen4-faces-imagen-demo-460715/4263.png
4264,Poland,30,Male,76975,gs://imagen4-faces-imagen-demo-460715/4264.png
4265,Poland,30,Male,43325,gs://imagen4-faces-imagen-demo-460715/4265.png
4266,Poland,30,Male,39060,gs://imagen4-faces-imagen-demo-460715/4266.png
4267,Poland,30,Female,32998,gs://imagen4-faces-imagen-demo-460715/4267.png
4268,Poland,30,Female,85128,gs://imagen4-faces-imagen-demo-460715/4268.png
4269,Poland,30,Female,61009,gs://imagen4-faces-imagen-demo-460715/4269.png
4270,Poland,30,Female,85535,gs://imagen4-faces-imagen-demo-460715/4270.png
4271,Poland,30,Female,32154,gs://imagen4-faces-imagen-demo-460715/4271.png
4272,Poland,30,Female,43664,gs://imagen4-faces-imagen-demo-460715/4272.png
4273,Portugal,20,Male,22218,gs://imagen4-faces-imagen-demo-460715/4273.png
4274,Portugal,20,Male,94041,gs://imagen4-faces-imagen-demo-460715/4274.png
4275,Portugal,20,Male,50393,gs://imagen4-faces-imagen-demo-460715/4275.png
4276,Portugal,20,Male,99413,gs://imagen4-faces-imagen-demo-460715/4276.png
4277,Portugal,20,Male,74780,gs://imagen4-faces-imagen-demo-460715/4277.png
4278,Portugal,20,Male,58433,gs://imagen4-faces-imagen-demo-460715/4278.png
4279,Portugal,20,Female,12723,gs://imagen4-faces-imagen-demo-460715/4279.png
4280,Portugal,20,Female,45724,gs://imagen4-faces-imagen-demo-460715/4280.png
4281,Portugal,20,Female,13793,gs://imagen4-faces-imagen-demo-460715/4281.png
4282,Portugal,20,Female,79046,gs://imagen4-faces-imagen-demo-460715/4282.png
4283,Portugal,20,Female,79530,gs://imagen4-faces-imagen-demo-460715/4283.png
4284,Portugal,20,Female,88120,gs://imagen4-faces-imagen-demo-460715/4284.png
4285,Portugal,30,Male,31375,gs://imagen4-faces-imagen-demo-460715/4285.png
4286,Portugal,30,Male,27497,gs://imagen4-faces-imagen-demo-460715/4286.png
4287,Portugal,30,Male,22340,gs://imagen4-faces-imagen-demo-460715/4287.png
4288,Portugal,30,Male,54100,gs://imagen4-faces-imagen-demo-460715/4288.png
4289,Portugal,30,Male,14528,gs://imagen4-faces-imagen-demo-460715/4289.png
4290,Portugal,30,Male,43465,gs://imagen4-faces-imagen-demo-460715/4290.png
4291,Portugal,30,Female,11896,gs://imagen4-faces-imagen-demo-460715/4291.png
4292,Portugal,30,Female,29525,gs://imagen4-faces-imagen-demo-460715/4292.png
4293,Portugal,30,Female,85382,gs://imagen4-faces-imagen-demo-460715/4293.png
4294,Portugal,30,Female,58460,gs://imagen4-faces-imagen-demo-460715/4294.png
4295,Portugal,30,Female,58015,gs://imagen4-faces-imagen-demo-460715/4295.png
4296,Portugal,30,Female,84040,gs://imagen4-faces-imagen-demo-460715/4296.png
4297,Puerto Rico,20,Male,73619,gs://imagen4-faces-imagen-demo-460715/4297.png
4298,Puerto Rico,20,Male,25607,gs://imagen4-faces-imagen-demo-460715/4298.png
4299,Puerto Rico,20,Male,84884,gs://imagen4-faces-imagen-demo-460715/4299.png
4300,Puerto Rico,20,Male,82628,gs://imagen4-faces-imagen-demo-460715/4300.png
4301,Puerto Rico,20,Male,42873,gs://imagen4-faces-imagen-demo-460715/4301.png
4302,Puerto Rico,20,Male,55701,gs://imagen4-faces-imagen-demo-460715/4302.png
4303,Puerto Rico,20,Female,16421,gs://imagen4-faces-imagen-demo-460715/4303.png
4304,Puerto Rico,20,Female,51731,gs://imagen4-faces-imagen-demo-460715/4304.png
4305,Puerto Rico,20,Female,49670,gs://imagen4-faces-imagen-demo-460715/4305.png
4306,Puerto Rico,20,Female,56752,gs://imagen4-faces-imagen-demo-460715/4306.png
4307,Puerto Rico,20,Female,30003,gs://imagen4-faces-imagen-demo-460715/4307.png
4308,Puerto Rico,20,Female,30721,gs://imagen4-faces-imagen-demo-460715/4308.png
4309,Puerto Rico,30,Male,37197,gs://imagen4-faces-imagen-demo-460715/4309.png
4310,Puerto Rico,30,Male,64278,gs://imagen4-faces-imagen-demo-460715/4310.png
4311,Puerto Rico,30,Male,50364,gs://imagen4-faces-imagen-demo-460715/4311.png
4312,Puerto Rico,30,Male,97878,gs://imagen4-faces-imagen-demo-460715/4312.png
4313,Puerto Rico,30,Male,71867,gs://imagen4-faces-imagen-demo-460715/4313.png
4314,Puerto Rico,30,Male,73244,gs://imagen4-faces-imagen-demo-460715/4314.png
4315,Puerto Rico,30,Female,53040,gs://imagen4-faces-imagen-demo-460715/4315.png
4316,Puerto Rico,30,Female,28387,gs://imagen4-faces-imagen-demo-460715/4316.png
4317,Puerto Rico,30,Female,72715,gs://imagen4-faces-imagen-demo-460715/4317.png
4318,Puerto Rico,30,Female,45219,gs://imagen4-faces-imagen-demo-460715/4318.png
4319,Puerto Rico,30,Female,71296,gs://imagen4-faces-imagen-demo-460715/4319.png
4320,Puerto Rico,30,Female,96458,gs://imagen4-faces-imagen-demo-460715/4320.png
4321,Qatar,20,Male,39566,gs://imagen4-faces-imagen-demo-460715/4321.png
4322,Qatar,20,Male,57428,gs://imagen4-faces-imagen-demo-460715/4322.png
4323,Qatar,20,Male,34960,gs://imagen4-faces-imagen-demo-460715/4323.png
4324,Qatar,20,Male,60650,gs://imagen4-faces-imagen-demo-460715/4324.png
4325,Qatar,20,Male,55949,gs://imagen4-faces-imagen-demo-460715/4325.png
4326,Qatar,20,Male,19267,gs://imagen4-faces-imagen-demo-460715/4326.png
4327,Qatar,20,Female,87906,gs://imagen4-faces-imagen-demo-460715/4327.png
4328,Qatar,20,Female,46608,gs://imagen4-faces-imagen-demo-460715/4328.png
4329,Qatar,20,Female,89611,gs://imagen4-faces-imagen-demo-460715/4329.png
4330,Qatar,20,Female,96947,gs://imagen4-faces-imagen-demo-460715/4330.png
4331,Qatar,20,Female,49116,gs://imagen4-faces-imagen-demo-460715/4331.png
4332,Qatar,20,Female,67972,gs://imagen4-faces-imagen-demo-460715/4332.png
4333,Qatar,30,Male,42820,gs://imagen4-faces-imagen-demo-460715/4333.png
4334,Qatar,30,Male,99720,gs://imagen4-faces-imagen-demo-460715/4334.png
4335,Qatar,30,Male,61012,gs://imagen4-faces-imagen-demo-460715/4335.png
4336,Qatar,30,Male,92550,gs://imagen4-faces-imagen-demo-460715/4336.png
4337,Qatar,30,Male,30758,gs://imagen4-faces-imagen-demo-460715/4337.png
4338,Qatar,30,Male,27570,gs://imagen4-faces-imagen-demo-460715/4338.png
4339,Qatar,30,Female,95358,gs://imagen4-faces-imagen-demo-460715/4339.png
4340,Qatar,30,Female,69480,gs://imagen4-faces-imagen-demo-460715/4340.png
4341,Qatar,30,Female,43402,gs://imagen4-faces-imagen-demo-460715/4341.png
4342,Qatar,30,Female,17958,gs://imagen4-faces-imagen-demo-460715/4342.png
4343,Qatar,30,Female,92670,gs://imagen4-faces-imagen-demo-460715/4343.png
4344,Qatar,30,Female,11697,gs://imagen4-faces-imagen-demo-460715/4344.png
4345,Reunion,20,Male,99924,gs://imagen4-faces-imagen-demo-460715/4345.png
4346,Reunion,20,Male,96689,gs://imagen4-faces-imagen-demo-460715/4346.png
4347,Reunion,20,Male,66766,gs://imagen4-faces-imagen-demo-460715/4347.png
4348,Reunion,20,Male,41135,gs://imagen4-faces-imagen-demo-460715/4348.png
4349,Reunion,20,Male,23521,gs://imagen4-faces-imagen-demo-460715/4349.png
4350,Reunion,20,Male,75618,gs://imagen4-faces-imagen-demo-460715/4350.png
4351,Reunion,20,Female,27636,gs://imagen4-faces-imagen-demo-460715/4351.png
4352,Reunion,20,Female,97998,gs://imagen4-faces-imagen-demo-460715/4352.png
4353,Reunion,20,Female,63812,gs://imagen4-faces-imagen-demo-460715/4353.png
4354,Reunion,20,Female,86598,gs://imagen4-faces-imagen-demo-460715/4354.png
4355,Reunion,20,Female,84989,gs://imagen4-faces-imagen-demo-460715/4355.png
4356,Reunion,20,Female,59169,gs://imagen4-faces-imagen-demo-460715/4356.png
4357,Reunion,30,Male,30738,gs://imagen4-faces-imagen-demo-460715/4357.png
4358,Reunion,30,Male,68565,gs://imagen4-faces-imagen-demo-460715/4358.png
4359,Reunion,30,Male,29879,gs://imagen4-faces-imagen-demo-460715/4359.png
4360,Reunion,30,Male,63715,gs://imagen4-faces-imagen-demo-460715/4360.png
4361,Reunion,30,Male,55416,gs://imagen4-faces-imagen-demo-460715/4361.png
4362,Reunion,30,Male,73444,gs://imagen4-faces-imagen-demo-460715/4362.png
4363,Reunion,30,Female,46992,gs://imagen4-faces-imagen-demo-460715/4363.png
4364,Reunion,30,Female,54079,gs://imagen4-faces-imagen-demo-460715/4364.png
4365,Reunion,30,Female,42822,gs://imagen4-faces-imagen-demo-460715/4365.png
4366,Reunion,30,Female,21926,gs://imagen4-faces-imagen-demo-460715/4366.png
4367,Reunion,30,Female,19295,gs://imagen4-faces-imagen-demo-460715/4367.png
4368,Reunion,30,Female,37327,gs://imagen4-faces-imagen-demo-460715/4368.png
4369,Romania,20,Male,97375,gs://imagen4-faces-imagen-demo-460715/4369.png
4370,Romania,20,Male,85294,gs://imagen4-faces-imagen-demo-460715/4370.png
4371,Romania,20,Male,74648,gs://imagen4-faces-imagen-demo-460715/4371.png
4372,Romania,20,Male,42057,gs://imagen4-faces-imagen-demo-460715/4372.png
4373,Romania,20,Male,85981,gs://imagen4-faces-imagen-demo-460715/4373.png
4374,Romania,20,Male,84906,gs://imagen4-faces-imagen-demo-460715/4374.png
4375,Romania,20,Female,50590,gs://imagen4-faces-imagen-demo-460715/4375.png
4376,Romania,20,Female,23671,gs://imagen4-faces-imagen-demo-460715/4376.png
4377,Romania,20,Female,56930,gs://imagen4-faces-imagen-demo-460715/4377.png
4378,Romania,20,Female,83250,gs://imagen4-faces-imagen-demo-460715/4378.png
4379,Romania,20,Female,30194,gs://imagen4-faces-imagen-demo-460715/4379.png
4380,Romania,20,Female,18461,gs://imagen4-faces-imagen-demo-460715/4380.png
4381,Romania,30,Male,73436,gs://imagen4-faces-imagen-demo-460715/4381.png
4382,Romania,30,Male,37529,gs://imagen4-faces-imagen-demo-460715/4382.png
4383,Romania,30,Male,72497,gs://imagen4-faces-imagen-demo-460715/4383.png
4384,Romania,30,Male,63755,gs://imagen4-faces-imagen-demo-460715/4384.png
4385,Romania,30,Male,65263,gs://imagen4-faces-imagen-demo-460715/4385.png
4386,Romania,30,Male,61377,gs://imagen4-faces-imagen-demo-460715/4386.png
4387,Romania,30,Female,37282,gs://imagen4-faces-imagen-demo-460715/4387.png
4388,Romania,30,Female,50099,gs://imagen4-faces-imagen-demo-460715/4388.png
4389,Romania,30,Female,46826,gs://imagen4-faces-imagen-demo-460715/4389.png
4390,Romania,30,Female,86303,gs://imagen4-faces-imagen-demo-460715/4390.png
4391,Romania,30,Female,83239,gs://imagen4-faces-imagen-demo-460715/4391.png
4392,Romania,30,Female,56809,gs://imagen4-faces-imagen-demo-460715/4392.png
4393,Russian Federation,20,Male,51757,gs://imagen4-faces-imagen-demo-460715/4393.png
4394,Russian Federation,20,Male,95593,gs://imagen4-faces-imagen-demo-460715/4394.png
4395,Russian Federation,20,Male,21352,gs://imagen4-faces-imagen-demo-460715/4395.png
4396,Russian Federation,20,Male,54096,gs://imagen4-faces-imagen-demo-460715/4396.png
4397,Russian Federation,20,Male,86629,gs://imagen4-faces-imagen-demo-460715/4397.png
4398,Russian Federation,20,Male,61878,gs://imagen4-faces-imagen-demo-460715/4398.png
4399,Russian Federation,20,Female,63275,gs://imagen4-faces-imagen-demo-460715/4399.png
4400,Russian Federation,20,Female,92762,gs://imagen4-faces-imagen-demo-460715/4400.png
4401,Russian Federation,20,Female,73799,gs://imagen4-faces-imagen-demo-460715/4401.png
4402,Russian Federation,20,Female,70208,gs://imagen4-faces-imagen-demo-460715/4402.png
4403,Russian Federation,20,Female,82788,gs://imagen4-faces-imagen-demo-460715/4403.png
4404,Russian Federation,20,Female,52591,gs://imagen4-faces-imagen-demo-460715/4404.png
4405,Russian Federation,30,Male,45168,gs://imagen4-faces-imagen-demo-460715/4405.png
4406,Russian Federation,30,Male,62877,gs://imagen4-faces-imagen-demo-460715/4406.png
4407,Russian Federation,30,Male,92260,gs://imagen4-faces-imagen-demo-460715/4407.png
4408,Russian Federation,30,Male,17017,gs://imagen4-faces-imagen-demo-460715/4408.png
4409,Russian Federation,30,Male,78328,gs://imagen4-faces-imagen-demo-460715/4409.png
4410,Russian Federation,30,Male,15378,gs://imagen4-faces-imagen-demo-460715/4410.png
4411,Russian Federation,30,Female,65197,gs://imagen4-faces-imagen-demo-460715/4411.png
4412,Russian Federation,30,Female,31297,gs://imagen4-faces-imagen-demo-460715/4412.png
4413,Russian Federation,30,Female,16253,gs://imagen4-faces-imagen-demo-460715/4413.png
4414,Russian Federation,30,Female,46952,gs://imagen4-faces-imagen-demo-460715/4414.png
4415,Russian Federation,30,Female,63084,gs://imagen4-faces-imagen-demo-460715/4415.png
4416,Russian Federation,30,Female,90894,gs://imagen4-faces-imagen-demo-460715/4416.png
4417,Rwanda,20,Male,49152,gs://imagen4-faces-imagen-demo-460715/4417.png
4418,Rwanda,20,Male,36140,gs://imagen4-faces-imagen-demo-460715/4418.png
4419,Rwanda,20,Male,38029,gs://imagen4-faces-imagen-demo-460715/4419.png
4420,Rwanda,20,Male,55094,gs://imagen4-faces-imagen-demo-460715/4420.png
4421,Rwanda,20,Male,10207,gs://imagen4-faces-imagen-demo-460715/4421.png
4422,Rwanda,20,Male,54906,gs://imagen4-faces-imagen-demo-460715/4422.png
4423,Rwanda,20,Female,40926,gs://imagen4-faces-imagen-demo-460715/4423.png
4424,Rwanda,20,Female,91926,gs://imagen4-faces-imagen-demo-460715/4424.png
4425,Rwanda,20,Female,64869,gs://imagen4-faces-imagen-demo-460715/4425.png
4426,Rwanda,20,Female,63645,gs://imagen4-faces-imagen-demo-460715/4426.png
4427,Rwanda,20,Female,24863,gs://imagen4-faces-imagen-demo-460715/4427.png
4428,Rwanda,20,Female,72663,gs://imagen4-faces-imagen-demo-460715/4428.png
4429,Rwanda,30,Male,68355,gs://imagen4-faces-imagen-demo-460715/4429.png
4430,Rwanda,30,Male,15966,gs://imagen4-faces-imagen-demo-460715/4430.png
4431,Rwanda,30,Male,32030,gs://imagen4-faces-imagen-demo-460715/4431.png
4432,Rwanda,30,Male,12936,gs://imagen4-faces-imagen-demo-460715/4432.png
4433,Rwanda,30,Male,83639,gs://imagen4-faces-imagen-demo-460715/4433.png
4434,Rwanda,30,Male,50085,gs://imagen4-faces-imagen-demo-460715/4434.png
4435,Rwanda,30,Female,45216,gs://imagen4-faces-imagen-demo-460715/4435.png
4436,Rwanda,30,Female,40092,gs://imagen4-faces-imagen-demo-460715/4436.png
4437,Rwanda,30,Female,65342,gs://imagen4-faces-imagen-demo-460715/4437.png
4438,Rwanda,30,Female,66661,gs://imagen4-faces-imagen-demo-460715/4438.png
4439,Rwanda,30,Female,23687,gs://imagen4-faces-imagen-demo-460715/4439.png
4440,Rwanda,30,Female,12823,gs://imagen4-faces-imagen-demo-460715/4440.png
4441,Saint Barthelemy,20,Male,55850,gs://imagen4-faces-imagen-demo-460715/4441.png
4442,Saint Barthelemy,20,Male,16608,gs://imagen4-faces-imagen-demo-460715/4442.png
4443,Saint Barthelemy,20,Male,10904,gs://imagen4-faces-imagen-demo-460715/4443.png
4444,Saint Barthelemy,20,Male,32932,gs://imagen4-faces-imagen-demo-460715/4444.png
4445,Saint Barthelemy,20,Male,34362,gs://imagen4-faces-imagen-demo-460715/4445.png
4446,Saint Barthelemy,20,Male,52358,gs://imagen4-faces-imagen-demo-460715/4446.png
4447,Saint Barthelemy,20,Female,23392,gs://imagen4-faces-imagen-demo-460715/4447.png
4448,Saint Barthelemy,20,Female,69062,gs://imagen4-faces-imagen-demo-460715/4448.png
4449,Saint Barthelemy,20,Female,74916,gs://imagen4-faces-imagen-demo-460715/4449.png
4450,Saint Barthelemy,20,Female,74781,gs://imagen4-faces-imagen-demo-460715/4450.png
4451,Saint Barthelemy,20,Female,34529,gs://imagen4-faces-imagen-demo-460715/4451.png
4452,Saint Barthelemy,20,Female,60700,gs://imagen4-faces-imagen-demo-460715/4452.png
4453,Saint Barthelemy,30,Male,87274,gs://imagen4-faces-imagen-demo-460715/4453.png
4454,Saint Barthelemy,30,Male,23823,gs://imagen4-faces-imagen-demo-460715/4454.png
4455,Saint Barthelemy,30,Male,32394,gs://imagen4-faces-imagen-demo-460715/4455.png
4456,Saint Barthelemy,30,Male,97149,gs://imagen4-faces-imagen-demo-460715/4456.png
4457,Saint Barthelemy,30,Male,20991,gs://imagen4-faces-imagen-demo-460715/4457.png
4458,Saint Barthelemy,30,Male,11591,gs://imagen4-faces-imagen-demo-460715/4458.png
4459,Saint Barthelemy,30,Female,93787,gs://imagen4-faces-imagen-demo-460715/4459.png
4460,Saint Barthelemy,30,Female,32653,gs://imagen4-faces-imagen-demo-460715/4460.png
4461,Saint Barthelemy,30,Female,80041,gs://imagen4-faces-imagen-demo-460715/4461.png
4462,Saint Barthelemy,30,Female,99496,gs://imagen4-faces-imagen-demo-460715/4462.png
4463,Saint Barthelemy,30,Female,51738,gs://imagen4-faces-imagen-demo-460715/4463.png
4464,Saint Barthelemy,30,Female,85307,gs://imagen4-faces-imagen-demo-460715/4464.png
4465,"Saint Helena, Ascension and Tristan da Cunha",20,Male,93778,gs://imagen4-faces-imagen-demo-460715/4465.png
4466,"Saint Helena, Ascension and Tristan da Cunha",20,Male,73670,gs://imagen4-faces-imagen-demo-460715/4466.png
4467,"Saint Helena, Ascension and Tristan da Cunha",20,Male,51871,gs://imagen4-faces-imagen-demo-460715/4467.png
4468,"Saint Helena, Ascension and Tristan da Cunha",20,Male,72991,gs://imagen4-faces-imagen-demo-460715/4468.png
4469,"Saint Helena, Ascension and Tristan da Cunha",20,Male,24445,gs://imagen4-faces-imagen-demo-460715/4469.png
4470,"Saint Helena, Ascension and Tristan da Cunha",20,Male,77737,gs://imagen4-faces-imagen-demo-460715/4470.png
4471,"Saint Helena, Ascension and Tristan da Cunha",20,Female,88288,gs://imagen4-faces-imagen-demo-460715/4471.png
4472,"Saint Helena, Ascension and Tristan da Cunha",20,Female,83310,gs://imagen4-faces-imagen-demo-460715/4472.png
4473,"Saint Helena, Ascension and Tristan da Cunha",20,Female,15256,gs://imagen4-faces-imagen-demo-460715/4473.png
4474,"Saint Helena, Ascension and Tristan da Cunha",20,Female,43741,gs://imagen4-faces-imagen-demo-460715/4474.png
4475,"Saint Helena, Ascension and Tristan da Cunha",20,Female,88450,gs://imagen4-faces-imagen-demo-460715/4475.png
4476,"Saint Helena, Ascension and Tristan da Cunha",20,Female,14653,gs://imagen4-faces-imagen-demo-460715/4476.png
4477,"Saint Helena, Ascension and Tristan da Cunha",30,Male,19854,gs://imagen4-faces-imagen-demo-460715/4477.png
4478,"Saint Helena, Ascension and Tristan da Cunha",30,Male,74883,gs://imagen4-faces-imagen-demo-460715/4478.png
4479,"Saint Helena, Ascension and Tristan da Cunha",30,Male,80609,gs://imagen4-faces-imagen-demo-460715/4479.png
4480,"Saint Helena, Ascension and Tristan da Cunha",30,Male,77568,gs://imagen4-faces-imagen-demo-460715/4480.png
4481,"Saint Helena, Ascension and Tristan da Cunha",30,Male,36723,gs://imagen4-faces-imagen-demo-460715/4481.png
4482,"Saint Helena, Ascension and Tristan da Cunha",30,Male,15948,gs://imagen4-faces-imagen-demo-460715/4482.png
4483,"Saint Helena, Ascension and Tristan da Cunha",30,Female,70657,gs://imagen4-faces-imagen-demo-460715/4483.png
4484,"Saint Helena, Ascension and Tristan da Cunha",30,Female,18908,gs://imagen4-faces-imagen-demo-460715/4484.png
4485,"Saint Helena, Ascension and Tristan da Cunha",30,Female,20466,gs://imagen4-faces-imagen-demo-460715/4485.png
4486,"Saint Helena, Ascension and Tristan da Cunha",30,Female,95311,gs://imagen4-faces-imagen-demo-460715/4486.png
4487,"Saint Helena, Ascension and Tristan da Cunha",30,Female,25177,gs://imagen4-faces-imagen-demo-460715/4487.png
4488,"Saint Helena, Ascension and Tristan da Cunha",30,Female,87859,gs://imagen4-faces-imagen-demo-460715/4488.png
4489,Saint Kitts and Nevis,20,Male,83117,gs://imagen4-faces-imagen-demo-460715/4489.png
4490,Saint Kitts and Nevis,20,Male,54795,gs://imagen4-faces-imagen-demo-460715/4490.png
4491,Saint Kitts and Nevis,20,Male,23803,gs://imagen4-faces-imagen-demo-460715/4491.png
4492,Saint Kitts and Nevis,20,Male,21876,gs://imagen4-faces-imagen-demo-460715/4492.png
4493,Saint Kitts and Nevis,20,Male,67025,gs://imagen4-faces-imagen-demo-460715/4493.png
4494,Saint Kitts and Nevis,20,Male,46707,gs://imagen4-faces-imagen-demo-460715/4494.png
4495,Saint Kitts and Nevis,20,Female,98542,gs://imagen4-faces-imagen-demo-460715/4495.png
4496,Saint Kitts and Nevis,20,Female,19682,gs://imagen4-faces-imagen-demo-460715/4496.png
4497,Saint Kitts and Nevis,20,Female,32991,gs://imagen4-faces-imagen-demo-460715/4497.png
4498,Saint Kitts and Nevis,20,Female,14194,gs://imagen4-faces-imagen-demo-460715/4498.png
4499,Saint Kitts and Nevis,20,Female,82140,gs://imagen4-faces-imagen-demo-460715/4499.png
4500,Saint Kitts and Nevis,20,Female,56579,gs://imagen4-faces-imagen-demo-460715/4500.png
4501,Saint Kitts and Nevis,30,Male,16619,gs://imagen4-faces-imagen-demo-460715/4501.png
4502,Saint Kitts and Nevis,30,Male,92121,gs://imagen4-faces-imagen-demo-460715/4502.png
4503,Saint Kitts and Nevis,30,Male,33981,gs://imagen4-faces-imagen-demo-460715/4503.png
4504,Saint Kitts and Nevis,30,Male,54398,gs://imagen4-faces-imagen-demo-460715/4504.png
4505,Saint Kitts and Nevis,30,Male,39199,gs://imagen4-faces-imagen-demo-460715/4505.png
4506,Saint Kitts and Nevis,30,Male,67311,gs://imagen4-faces-imagen-demo-460715/4506.png
4507,Saint Kitts and Nevis,30,Female,76604,gs://imagen4-faces-imagen-demo-460715/4507.png
4508,Saint Kitts and Nevis,30,Female,66698,gs://imagen4-faces-imagen-demo-460715/4508.png
4509,Saint Kitts and Nevis,30,Female,74117,gs://imagen4-faces-imagen-demo-460715/4509.png
4510,Saint Kitts and Nevis,30,Female,96548,gs://imagen4-faces-imagen-demo-460715/4510.png
4511,Saint Kitts and Nevis,30,Female,84509,gs://imagen4-faces-imagen-demo-460715/4511.png
4512,Saint Kitts and Nevis,30,Female,46903,gs://imagen4-faces-imagen-demo-460715/4512.png
4513,Saint Lucia,20,Male,90185,gs://imagen4-faces-imagen-demo-460715/4513.png
4514,Saint Lucia,20,Male,94900,gs://imagen4-faces-imagen-demo-460715/4514.png
4515,Saint Lucia,20,Male,93904,gs://imagen4-faces-imagen-demo-460715/4515.png
4516,Saint Lucia,20,Male,70722,gs://imagen4-faces-imagen-demo-460715/4516.png
4517,Saint Lucia,20,Male,42425,gs://imagen4-faces-imagen-demo-460715/4517.png
4518,Saint Lucia,20,Male,35584,gs://imagen4-faces-imagen-demo-460715/4518.png
4519,Saint Lucia,20,Female,75805,gs://imagen4-faces-imagen-demo-460715/4519.png
4520,Saint Lucia,20,Female,81128,gs://imagen4-faces-imagen-demo-460715/4520.png
4521,Saint Lucia,20,Female,35969,gs://imagen4-faces-imagen-demo-460715/4521.png
4522,Saint Lucia,20,Female,55532,gs://imagen4-faces-imagen-demo-460715/4522.png
4523,Saint Lucia,20,Female,94856,gs://imagen4-faces-imagen-demo-460715/4523.png
4524,Saint Lucia,20,Female,30937,gs://imagen4-faces-imagen-demo-460715/4524.png
4525,Saint Lucia,30,Male,25411,gs://imagen4-faces-imagen-demo-460715/4525.png
4526,Saint Lucia,30,Male,51236,gs://imagen4-faces-imagen-demo-460715/4526.png
4527,Saint Lucia,30,Male,32207,gs://imagen4-faces-imagen-demo-460715/4527.png
4528,Saint Lucia,30,Male,21340,gs://imagen4-faces-imagen-demo-460715/4528.png
4529,Saint Lucia,30,Male,65582,gs://imagen4-faces-imagen-demo-460715/4529.png
4530,Saint Lucia,30,Male,86876,gs://imagen4-faces-imagen-demo-460715/4530.png
4531,Saint Lucia,30,Female,49298,gs://imagen4-faces-imagen-demo-460715/4531.png
4532,Saint Lucia,30,Female,77431,gs://imagen4-faces-imagen-demo-460715/4532.png
4533,Saint Lucia,30,Female,67573,gs://imagen4-faces-imagen-demo-460715/4533.png
4534,Saint Lucia,30,Female,72477,gs://imagen4-faces-imagen-demo-460715/4534.png
4535,Saint Lucia,30,Female,66971,gs://imagen4-faces-imagen-demo-460715/4535.png
4536,Saint Lucia,30,Female,62398,gs://imagen4-faces-imagen-demo-460715/4536.png
4537,Saint Martin (French part),20,Male,51360,gs://imagen4-faces-imagen-demo-460715/4537.png
4538,Saint Martin (French part),20,Male,32053,gs://imagen4-faces-imagen-demo-460715/4538.png
4539,Saint Martin (French part),20,Male,57213,gs://imagen4-faces-imagen-demo-460715/4539.png
4540,Saint Martin (French part),20,Male,35261,gs://imagen4-faces-imagen-demo-460715/4540.png
4541,Saint Martin (French part),20,Male,67833,gs://imagen4-faces-imagen-demo-460715/4541.png
4542,Saint Martin (French part),20,Male,19340,gs://imagen4-faces-imagen-demo-460715/4542.png
4543,Saint Martin (French part),20,Female,87623,gs://imagen4-faces-imagen-demo-460715/4543.png
4544,Saint Martin (French part),20,Female,64067,gs://imagen4-faces-imagen-demo-460715/4544.png
4545,Saint Martin (French part),20,Female,28252,gs://imagen4-faces-imagen-demo-460715/4545.png
4546,Saint Martin (French part),20,Female,82558,gs://imagen4-faces-imagen-demo-460715/4546.png
4547,Saint Martin (French part),20,Female,58662,gs://imagen4-faces-imagen-demo-460715/4547.png
4548,Saint Martin (French part),20,Female,75663,gs://imagen4-faces-imagen-demo-460715/4548.png
4549,Saint Martin (French part),30,Male,90864,gs://imagen4-faces-imagen-demo-460715/4549.png
4550,Saint Martin (French part),30,Male,33125,gs://imagen4-faces-imagen-demo-460715/4550.png
4551,Saint Martin (French part),30,Male,35248,gs://imagen4-faces-imagen-demo-460715/4551.png
4552,Saint Martin (French part),30,Male,20433,gs://imagen4-faces-imagen-demo-460715/4552.png
4553,Saint Martin (French part),30,Male,38630,gs://imagen4-faces-imagen-demo-460715/4553.png
4554,Saint Martin (French part),30,Male,24820,gs://imagen4-faces-imagen-demo-460715/4554.png
4555,Saint Martin (French part),30,Female,39778,gs://imagen4-faces-imagen-demo-460715/4555.png
4556,Saint Martin (French part),30,Female,41780,gs://imagen4-faces-imagen-demo-460715/4556.png
4557,Saint Martin (French part),30,Female,97756,gs://imagen4-faces-imagen-demo-460715/4557.png
4558,Saint Martin (French part),30,Female,12795,gs://imagen4-faces-imagen-demo-460715/4558.png
4559,Saint Martin (French part),30,Female,65991,gs://imagen4-faces-imagen-demo-460715/4559.png
4560,Saint Martin (French part),30,Female,64533,gs://imagen4-faces-imagen-demo-460715/4560.png
4561,Saint Pierre and Miquelon,20,Male,63674,gs://imagen4-faces-imagen-demo-460715/4561.png
4562,Saint Pierre and Miquelon,20,Male,73754,gs://imagen4-faces-imagen-demo-460715/4562.png
4563,Saint Pierre and Miquelon,20,Male,57261,gs://imagen4-faces-imagen-demo-460715/4563.png
4564,Saint Pierre and Miquelon,20,Male,10956,gs://imagen4-faces-imagen-demo-460715/4564.png
4565,Saint Pierre and Miquelon,20,Male,35918,gs://imagen4-faces-imagen-demo-460715/4565.png
4566,Saint Pierre and Miquelon,20,Male,72831,gs://imagen4-faces-imagen-demo-460715/4566.png
4567,Saint Pierre and Miquelon,20,Female,98734,gs://imagen4-faces-imagen-demo-460715/4567.png
4568,Saint Pierre and Miquelon,20,Female,68403,gs://imagen4-faces-imagen-demo-460715/4568.png
4569,Saint Pierre and Miquelon,20,Female,91718,gs://imagen4-faces-imagen-demo-460715/4569.png
4570,Saint Pierre and Miquelon,20,Female,30747,gs://imagen4-faces-imagen-demo-460715/4570.png
4571,Saint Pierre and Miquelon,20,Female,78691,gs://imagen4-faces-imagen-demo-460715/4571.png
4572,Saint Pierre and Miquelon,20,Female,58101,gs://imagen4-faces-imagen-demo-460715/4572.png
4573,Saint Pierre and Miquelon,30,Male,75317,gs://imagen4-faces-imagen-demo-460715/4573.png
4574,Saint Pierre and Miquelon,30,Male,35326,gs://imagen4-faces-imagen-demo-460715/4574.png
4575,Saint Pierre and Miquelon,30,Male,92313,gs://imagen4-faces-imagen-demo-460715/4575.png
4576,Saint Pierre and Miquelon,30,Male,31536,gs://imagen4-faces-imagen-demo-460715/4576.png
4577,Saint Pierre and Miquelon,30,Male,19787,gs://imagen4-faces-imagen-demo-460715/4577.png
4578,Saint Pierre and Miquelon,30,Male,62384,gs://imagen4-faces-imagen-demo-460715/4578.png
4579,Saint Pierre and Miquelon,30,Female,91385,gs://imagen4-faces-imagen-demo-460715/4579.png
4580,Saint Pierre and Miquelon,30,Female,96279,gs://imagen4-faces-imagen-demo-460715/4580.png
4581,Saint Pierre and Miquelon,30,Female,70289,gs://imagen4-faces-imagen-demo-460715/4581.png
4582,Saint Pierre and Miquelon,30,Female,10438,gs://imagen4-faces-imagen-demo-460715/4582.png
4583,Saint Pierre and Miquelon,30,Female,25718,gs://imagen4-faces-imagen-demo-460715/4583.png
4584,Saint Pierre and Miquelon,30,Female,46437,gs://imagen4-faces-imagen-demo-460715/4584.png
4585,Saint Vincent and the Grenadines,20,Male,58010,gs://imagen4-faces-imagen-demo-460715/4585.png
4586,Saint Vincent and the Grenadines,20,Male,10327,gs://imagen4-faces-imagen-demo-460715/4586.png
4587,Saint Vincent and the Grenadines,20,Male,45157,gs://imagen4-faces-imagen-demo-460715/4587.png
4588,Saint Vincent and the Grenadines,20,Male,22512,gs://imagen4-faces-imagen-demo-460715/4588.png
4589,Saint Vincent and the Grenadines,20,Male,14848,gs://imagen4-faces-imagen-demo-460715/4589.png
4590,Saint Vincent and the Grenadines,20,Male,58375,gs://imagen4-faces-imagen-demo-460715/4590.png
4591,Saint Vincent and the Grenadines,20,Female,73984,gs://imagen4-faces-imagen-demo-460715/4591.png
4592,Saint Vincent and the Grenadines,20,Female,96980,gs://imagen4-faces-imagen-demo-460715/4592.png
4593,Saint Vincent and the Grenadines,20,Female,81648,gs://imagen4-faces-imagen-demo-460715/4593.png
4594,Saint Vincent and the Grenadines,20,Female,40325,gs://imagen4-faces-imagen-demo-460715/4594.png
4595,Saint Vincent and the Grenadines,20,Female,94110,gs://imagen4-faces-imagen-demo-460715/4595.png
4596,Saint Vincent and the Grenadines,20,Female,73951,gs://imagen4-faces-imagen-demo-460715/4596.png
4597,Saint Vincent and the Grenadines,30,Male,12820,gs://imagen4-faces-imagen-demo-460715/4597.png
4598,Saint Vincent and the Grenadines,30,Male,64738,gs://imagen4-faces-imagen-demo-460715/4598.png
4599,Saint Vincent and the Grenadines,30,Male,86059,gs://imagen4-faces-imagen-demo-460715/4599.png
4600,Saint Vincent and the Grenadines,30,Male,50943,gs://imagen4-faces-imagen-demo-460715/4600.png
4601,Saint Vincent and the Grenadines,30,Male,79621,gs://imagen4-faces-imagen-demo-460715/4601.png
4602,Saint Vincent and the Grenadines,30,Male,11034,gs://imagen4-faces-imagen-demo-460715/4602.png
4603,Saint Vincent and the Grenadines,30,Female,32518,gs://imagen4-faces-imagen-demo-460715/4603.png
4604,Saint Vincent and the Grenadines,30,Female,52130,gs://imagen4-faces-imagen-demo-460715/4604.png
4605,Saint Vincent and the Grenadines,30,Female,80057,gs://imagen4-faces-imagen-demo-460715/4605.png
4606,Saint Vincent and the Grenadines,30,Female,86530,gs://imagen4-faces-imagen-demo-460715/4606.png
4607,Saint Vincent and the Grenadines,30,Female,52510,gs://imagen4-faces-imagen-demo-460715/4607.png
4608,Saint Vincent and the Grenadines,30,Female,39474,gs://imagen4-faces-imagen-demo-460715/4608.png
4609,Samoa,20,Male,72918,gs://imagen4-faces-imagen-demo-460715/4609.png
4610,Samoa,20,Male,16255,gs://imagen4-faces-imagen-demo-460715/4610.png
4611,Samoa,20,Male,45313,gs://imagen4-faces-imagen-demo-460715/4611.png
4612,Samoa,20,Male,58423,gs://imagen4-faces-imagen-demo-460715/4612.png
4613,Samoa,20,Male,24250,gs://imagen4-faces-imagen-demo-460715/4613.png
4614,Samoa,20,Male,97679,gs://imagen4-faces-imagen-demo-460715/4614.png
4615,Samoa,20,Female,67842,gs://imagen4-faces-imagen-demo-460715/4615.png
4616,Samoa,20,Female,79260,gs://imagen4-faces-imagen-demo-460715/4616.png
4617,Samoa,20,Female,41065,gs://imagen4-faces-imagen-demo-460715/4617.png
4618,Samoa,20,Female,28035,gs://imagen4-faces-imagen-demo-460715/4618.png
4619,Samoa,20,Female,32597,gs://imagen4-faces-imagen-demo-460715/4619.png
4620,Samoa,20,Female,19147,gs://imagen4-faces-imagen-demo-460715/4620.png
4621,Samoa,30,Male,59378,gs://imagen4-faces-imagen-demo-460715/4621.png
4622,Samoa,30,Male,13132,gs://imagen4-faces-imagen-demo-460715/4622.png
4623,Samoa,30,Male,16028,gs://imagen4-faces-imagen-demo-460715/4623.png
4624,Samoa,30,Male,93859,gs://imagen4-faces-imagen-demo-460715/4624.png
4625,Samoa,30,Male,85602,gs://imagen4-faces-imagen-demo-460715/4625.png
4626,Samoa,30,Male,95907,gs://imagen4-faces-imagen-demo-460715/4626.png
4627,Samoa,30,Female,40177,gs://imagen4-faces-imagen-demo-460715/4627.png
4628,Samoa,30,Female,42884,gs://imagen4-faces-imagen-demo-460715/4628.png
4629,Samoa,30,Female,87872,gs://imagen4-faces-imagen-demo-460715/4629.png
4630,Samoa,30,Female,25476,gs://imagen4-faces-imagen-demo-460715/4630.png
4631,Samoa,30,Female,69341,gs://imagen4-faces-imagen-demo-460715/4631.png
4632,Samoa,30,Female,19255,gs://imagen4-faces-imagen-demo-460715/4632.png
4633,San Marino,20,Male,51076,gs://imagen4-faces-imagen-demo-460715/4633.png
4634,San Marino,20,Male,74165,gs://imagen4-faces-imagen-demo-460715/4634.png
4635,San Marino,20,Male,97644,gs://imagen4-faces-imagen-demo-460715/4635.png
4636,San Marino,20,Male,53526,gs://imagen4-faces-imagen-demo-460715/4636.png
4637,San Marino,20,Male,96576,gs://imagen4-faces-imagen-demo-460715/4637.png
4638,San Marino,20,Male,74028,gs://imagen4-faces-imagen-demo-460715/4638.png
4639,San Marino,20,Female,20596,gs://imagen4-faces-imagen-demo-460715/4639.png
4640,San Marino,20,Female,43496,gs://imagen4-faces-imagen-demo-460715/4640.png
4641,San Marino,20,Female,58665,gs://imagen4-faces-imagen-demo-460715/4641.png
4642,San Marino,20,Female,23024,gs://imagen4-faces-imagen-demo-460715/4642.png
4643,San Marino,20,Female,63559,gs://imagen4-faces-imagen-demo-460715/4643.png
4644,San Marino,20,Female,74084,gs://imagen4-faces-imagen-demo-460715/4644.png
4645,San Marino,30,Male,21820,gs://imagen4-faces-imagen-demo-460715/4645.png
4646,San Marino,30,Male,57731,gs://imagen4-faces-imagen-demo-460715/4646.png
4647,San Marino,30,Male,41604,gs://imagen4-faces-imagen-demo-460715/4647.png
4648,San Marino,30,Male,40430,gs://imagen4-faces-imagen-demo-460715/4648.png
4649,San Marino,30,Male,68650,gs://imagen4-faces-imagen-demo-460715/4649.png
4650,San Marino,30,Male,33228,gs://imagen4-faces-imagen-demo-460715/4650.png
4651,San Marino,30,Female,23417,gs://imagen4-faces-imagen-demo-460715/4651.png
4652,San Marino,30,Female,23837,gs://imagen4-faces-imagen-demo-460715/4652.png
4653,San Marino,30,Female,96080,gs://imagen4-faces-imagen-demo-460715/4653.png
4654,San Marino,30,Female,31229,gs://imagen4-faces-imagen-demo-460715/4654.png
4655,San Marino,30,Female,16050,gs://imagen4-faces-imagen-demo-460715/4655.png
4656,San Marino,30,Female,53328,gs://imagen4-faces-imagen-demo-460715/4656.png
4657,Sao Tome and Principe,20,Male,28798,gs://imagen4-faces-imagen-demo-460715/4657.png
4658,Sao Tome and Principe,20,Male,59510,gs://imagen4-faces-imagen-demo-460715/4658.png
4659,Sao Tome and Principe,20,Male,66837,gs://imagen4-faces-imagen-demo-460715/4659.png
4660,Sao Tome and Principe,20,Male,86801,gs://imagen4-faces-imagen-demo-460715/4660.png
4661,Sao Tome and Principe,20,Male,89072,gs://imagen4-faces-imagen-demo-460715/4661.png
4662,Sao Tome and Principe,20,Male,80876,gs://imagen4-faces-imagen-demo-460715/4662.png
4663,Sao Tome and Principe,20,Female,23847,gs://imagen4-faces-imagen-demo-460715/4663.png
4664,Sao Tome and Principe,20,Female,65343,gs://imagen4-faces-imagen-demo-460715/4664.png
4665,Sao Tome and Principe,20,Female,99263,gs://imagen4-faces-imagen-demo-460715/4665.png
4666,Sao Tome and Principe,20,Female,83051,gs://imagen4-faces-imagen-demo-460715/4666.png
4667,Sao Tome and Principe,20,Female,89239,gs://imagen4-faces-imagen-demo-460715/4667.png
4668,Sao Tome and Principe,20,Female,48213,gs://imagen4-faces-imagen-demo-460715/4668.png
4669,Sao Tome and Principe,30,Male,64134,gs://imagen4-faces-imagen-demo-460715/4669.png
4670,Sao Tome and Principe,30,Male,67328,gs://imagen4-faces-imagen-demo-460715/4670.png
4671,Sao Tome and Principe,30,Male,72332,gs://imagen4-faces-imagen-demo-460715/4671.png
4672,Sao Tome and Principe,30,Male,33404,gs://imagen4-faces-imagen-demo-460715/4672.png
4673,Sao Tome and Principe,30,Male,44172,gs://imagen4-faces-imagen-demo-460715/4673.png
4674,Sao Tome and Principe,30,Male,17097,gs://imagen4-faces-imagen-demo-460715/4674.png
4675,Sao Tome and Principe,30,Female,72344,gs://imagen4-faces-imagen-demo-460715/4675.png
4676,Sao Tome and Principe,30,Female,22464,gs://imagen4-faces-imagen-demo-460715/4676.png
4677,Sao Tome and Principe,30,Female,60706,gs://imagen4-faces-imagen-demo-460715/4677.png
4678,Sao Tome and Principe,30,Female,25345,gs://imagen4-faces-imagen-demo-460715/4678.png
4679,Sao Tome and Principe,30,Female,85439,gs://imagen4-faces-imagen-demo-460715/4679.png
4680,Sao Tome and Principe,30,Female,98583,gs://imagen4-faces-imagen-demo-460715/4680.png
4681,Saudi Arabia,20,Male,65163,gs://imagen4-faces-imagen-demo-460715/4681.png
4682,Saudi Arabia,20,Male,85909,gs://imagen4-faces-imagen-demo-460715/4682.png
4683,Saudi Arabia,20,Male,14017,gs://imagen4-faces-imagen-demo-460715/4683.png
4684,Saudi Arabia,20,Male,87035,gs://imagen4-faces-imagen-demo-460715/4684.png
4685,Saudi Arabia,20,Male,29954,gs://imagen4-faces-imagen-demo-460715/4685.png
4686,Saudi Arabia,20,Male,90834,gs://imagen4-faces-imagen-demo-460715/4686.png
4687,Saudi Arabia,20,Female,67455,gs://imagen4-faces-imagen-demo-460715/4687.png
4688,Saudi Arabia,20,Female,88528,gs://imagen4-faces-imagen-demo-460715/4688.png
4689,Saudi Arabia,20,Female,55646,gs://imagen4-faces-imagen-demo-460715/4689.png
4690,Saudi Arabia,20,Female,14327,gs://imagen4-faces-imagen-demo-460715/4690.png
4691,Saudi Arabia,20,Female,34235,gs://imagen4-faces-imagen-demo-460715/4691.png
4692,Saudi Arabia,20,Female,10806,gs://imagen4-faces-imagen-demo-460715/4692.png
4693,Saudi Arabia,30,Male,38869,gs://imagen4-faces-imagen-demo-460715/4693.png
4694,Saudi Arabia,30,Male,89891,gs://imagen4-faces-imagen-demo-460715/4694.png
4695,Saudi Arabia,30,Male,22635,gs://imagen4-faces-imagen-demo-460715/4695.png
4696,Saudi Arabia,30,Male,27250,gs://imagen4-faces-imagen-demo-460715/4696.png
4697,Saudi Arabia,30,Male,77341,gs://imagen4-faces-imagen-demo-460715/4697.png
4698,Saudi Arabia,30,Male,96066,gs://imagen4-faces-imagen-demo-460715/4698.png
4699,Saudi Arabia,30,Female,35685,gs://imagen4-faces-imagen-demo-460715/4699.png
4700,Saudi Arabia,30,Female,11508,gs://imagen4-faces-imagen-demo-460715/4700.png
4701,Saudi Arabia,30,Female,16696,gs://imagen4-faces-imagen-demo-460715/4701.png
4702,Saudi Arabia,30,Female,58474,gs://imagen4-faces-imagen-demo-460715/4702.png
4703,Saudi Arabia,30,Female,22605,gs://imagen4-faces-imagen-demo-460715/4703.png
4704,Saudi Arabia,30,Female,12349,gs://imagen4-faces-imagen-demo-460715/4704.png
4705,Senegal,20,Male,73892,gs://imagen4-faces-imagen-demo-460715/4705.png
4706,Senegal,20,Male,77012,gs://imagen4-faces-imagen-demo-460715/4706.png
4707,Senegal,20,Male,47591,gs://imagen4-faces-imagen-demo-460715/4707.png
4708,Senegal,20,Male,61582,gs://imagen4-faces-imagen-demo-460715/4708.png
4709,Senegal,20,Male,79113,gs://imagen4-faces-imagen-demo-460715/4709.png
4710,Senegal,20,Male,54513,gs://imagen4-faces-imagen-demo-460715/4710.png
4711,Senegal,20,Female,53720,gs://imagen4-faces-imagen-demo-460715/4711.png
4712,Senegal,20,Female,77717,gs://imagen4-faces-imagen-demo-460715/4712.png
4713,Senegal,20,Female,91559,gs://imagen4-faces-imagen-demo-460715/4713.png
4714,Senegal,20,Female,92600,gs://imagen4-faces-imagen-demo-460715/4714.png
4715,Senegal,20,Female,42530,gs://imagen4-faces-imagen-demo-460715/4715.png
4716,Senegal,20,Female,66690,gs://imagen4-faces-imagen-demo-460715/4716.png
4717,Senegal,30,Male,69893,gs://imagen4-faces-imagen-demo-460715/4717.png
4718,Senegal,30,Male,88381,gs://imagen4-faces-imagen-demo-460715/4718.png
4719,Senegal,30,Male,87356,gs://imagen4-faces-imagen-demo-460715/4719.png
4720,Senegal,30,Male,85320,gs://imagen4-faces-imagen-demo-460715/4720.png
4721,Senegal,30,Male,95460,gs://imagen4-faces-imagen-demo-460715/4721.png
4722,Senegal,30,Male,94093,gs://imagen4-faces-imagen-demo-460715/4722.png
4723,Senegal,30,Female,72065,gs://imagen4-faces-imagen-demo-460715/4723.png
4724,Senegal,30,Female,30216,gs://imagen4-faces-imagen-demo-460715/4724.png
4725,Senegal,30,Female,72511,gs://imagen4-faces-imagen-demo-460715/4725.png
4726,Senegal,30,Female,68715,gs://imagen4-faces-imagen-demo-460715/4726.png
4727,Senegal,30,Female,10416,gs://imagen4-faces-imagen-demo-460715/4727.png
4728,Senegal,30,Female,83102,gs://imagen4-faces-imagen-demo-460715/4728.png
4729,Serbia,20,Male,90436,gs://imagen4-faces-imagen-demo-460715/4729.png
4730,Serbia,20,Male,49388,gs://imagen4-faces-imagen-demo-460715/4730.png
4731,Serbia,20,Male,44735,gs://imagen4-faces-imagen-demo-460715/4731.png
4732,Serbia,20,Male,23061,gs://imagen4-faces-imagen-demo-460715/4732.png
4733,Serbia,20,Male,20660,gs://imagen4-faces-imagen-demo-460715/4733.png
4734,Serbia,20,Male,83179,gs://imagen4-faces-imagen-demo-460715/4734.png
4735,Serbia,20,Female,95307,gs://imagen4-faces-imagen-demo-460715/4735.png
4736,Serbia,20,Female,56832,gs://imagen4-faces-imagen-demo-460715/4736.png
4737,Serbia,20,Female,50174,gs://imagen4-faces-imagen-demo-460715/4737.png
4738,Serbia,20,Female,90901,gs://imagen4-faces-imagen-demo-460715/4738.png
4739,Serbia,20,Female,91956,gs://imagen4-faces-imagen-demo-460715/4739.png
4740,Serbia,20,Female,66668,gs://imagen4-faces-imagen-demo-460715/4740.png
4741,Serbia,30,Male,93422,gs://imagen4-faces-imagen-demo-460715/4741.png
4742,Serbia,30,Male,58296,gs://imagen4-faces-imagen-demo-460715/4742.png
4743,Serbia,30,Male,61465,gs://imagen4-faces-imagen-demo-460715/4743.png
4744,Serbia,30,Male,52995,gs://imagen4-faces-imagen-demo-460715/4744.png
4745,Serbia,30,Male,22389,gs://imagen4-faces-imagen-demo-460715/4745.png
4746,Serbia,30,Male,94301,gs://imagen4-faces-imagen-demo-460715/4746.png
4747,Serbia,30,Female,52058,gs://imagen4-faces-imagen-demo-460715/4747.png
4748,Serbia,30,Female,47817,gs://imagen4-faces-imagen-demo-460715/4748.png
4749,Serbia,30,Female,84625,gs://imagen4-faces-imagen-demo-460715/4749.png
4750,Serbia,30,Female,49297,gs://imagen4-faces-imagen-demo-460715/4750.png
4751,Serbia,30,Female,32185,gs://imagen4-faces-imagen-demo-460715/4751.png
4752,Serbia,30,Female,96084,gs://imagen4-faces-imagen-demo-460715/4752.png
4753,Seychelles,20,Male,59428,gs://imagen4-faces-imagen-demo-460715/4753.png
4754,Seychelles,20,Male,21385,gs://imagen4-faces-imagen-demo-460715/4754.png
4755,Seychelles,20,Male,77051,gs://imagen4-faces-imagen-demo-460715/4755.png
4756,Seychelles,20,Male,58658,gs://imagen4-faces-imagen-demo-460715/4756.png
4757,Seychelles,20,Male,35122,gs://imagen4-faces-imagen-demo-460715/4757.png
4758,Seychelles,20,Male,45489,gs://imagen4-faces-imagen-demo-460715/4758.png
4759,Seychelles,20,Female,60296,gs://imagen4-faces-imagen-demo-460715/4759.png
4760,Seychelles,20,Female,17504,gs://imagen4-faces-imagen-demo-460715/4760.png
4761,Seychelles,20,Female,39412,gs://imagen4-faces-imagen-demo-460715/4761.png
4762,Seychelles,20,Female,70594,gs://imagen4-faces-imagen-demo-460715/4762.png
4763,Seychelles,20,Female,61143,gs://imagen4-faces-imagen-demo-460715/4763.png
4764,Seychelles,20,Female,20395,gs://imagen4-faces-imagen-demo-460715/4764.png
4765,Seychelles,30,Male,16244,gs://imagen4-faces-imagen-demo-460715/4765.png
4766,Seychelles,30,Male,91313,gs://imagen4-faces-imagen-demo-460715/4766.png
4767,Seychelles,30,Male,48973,gs://imagen4-faces-imagen-demo-460715/4767.png
4768,Seychelles,30,Male,82761,gs://imagen4-faces-imagen-demo-460715/4768.png
4769,Seychelles,30,Male,78965,gs://imagen4-faces-imagen-demo-460715/4769.png
4770,Seychelles,30,Male,21118,gs://imagen4-faces-imagen-demo-460715/4770.png
4771,Seychelles,30,Female,48314,gs://imagen4-faces-imagen-demo-460715/4771.png
4772,Seychelles,30,Female,89772,gs://imagen4-faces-imagen-demo-460715/4772.png
4773,Seychelles,30,Female,25370,gs://imagen4-faces-imagen-demo-460715/4773.png
4774,Seychelles,30,Female,57359,gs://imagen4-faces-imagen-demo-460715/4774.png
4775,Seychelles,30,Female,13331,gs://imagen4-faces-imagen-demo-460715/4775.png
4776,Seychelles,30,Female,34061,gs://imagen4-faces-imagen-demo-460715/4776.png
4777,Sierra Leone,20,Male,39916,gs://imagen4-faces-imagen-demo-460715/4777.png
4778,Sierra Leone,20,Male,63807,gs://imagen4-faces-imagen-demo-460715/4778.png
4779,Sierra Leone,20,Male,72821,gs://imagen4-faces-imagen-demo-460715/4779.png
4780,Sierra Leone,20,Male,76472,gs://imagen4-faces-imagen-demo-460715/4780.png
4781,Sierra Leone,20,Male,17218,gs://imagen4-faces-imagen-demo-460715/4781.png
4782,Sierra Leone,20,Male,86908,gs://imagen4-faces-imagen-demo-460715/4782.png
4783,Sierra Leone,20,Female,17079,gs://imagen4-faces-imagen-demo-460715/4783.png
4784,Sierra Leone,20,Female,40920,gs://imagen4-faces-imagen-demo-460715/4784.png
4785,Sierra Leone,20,Female,74739,gs://imagen4-faces-imagen-demo-460715/4785.png
4786,Sierra Leone,20,Female,81544,gs://imagen4-faces-imagen-demo-460715/4786.png
4787,Sierra Leone,20,Female,39538,gs://imagen4-faces-imagen-demo-460715/4787.png
4788,Sierra Leone,20,Female,91311,gs://imagen4-faces-imagen-demo-460715/4788.png
4789,Sierra Leone,30,Male,81052,gs://imagen4-faces-imagen-demo-460715/4789.png
4790,Sierra Leone,30,Male,23010,gs://imagen4-faces-imagen-demo-460715/4790.png
4791,Sierra Leone,30,Male,33962,gs://imagen4-faces-imagen-demo-460715/4791.png
4792,Sierra Leone,30,Male,51142,gs://imagen4-faces-imagen-demo-460715/4792.png
4793,Sierra Leone,30,Male,18625,gs://imagen4-faces-imagen-demo-460715/4793.png
4794,Sierra Leone,30,Male,94102,gs://imagen4-faces-imagen-demo-460715/4794.png
4795,Sierra Leone,30,Female,79092,gs://imagen4-faces-imagen-demo-460715/4795.png
4796,Sierra Leone,30,Female,58885,gs://imagen4-faces-imagen-demo-460715/4796.png
4797,Sierra Leone,30,Female,39659,gs://imagen4-faces-imagen-demo-460715/4797.png
4798,Sierra Leone,30,Female,75973,gs://imagen4-faces-imagen-demo-460715/4798.png
4799,Sierra Leone,30,Female,11773,gs://imagen4-faces-imagen-demo-460715/4799.png
4800,Sierra Leone,30,Female,65259,gs://imagen4-faces-imagen-demo-460715/4800.png
4801,Singapore,20,Male,12223,gs://imagen4-faces-imagen-demo-460715/4801.png
4802,Singapore,20,Male,30951,gs://imagen4-faces-imagen-demo-460715/4802.png
4803,Singapore,20,Male,20910,gs://imagen4-faces-imagen-demo-460715/4803.png
4804,Singapore,20,Male,44995,gs://imagen4-faces-imagen-demo-460715/4804.png
4805,Singapore,20,Male,15886,gs://imagen4-faces-imagen-demo-460715/4805.png
4806,Singapore,20,Male,43505,gs://imagen4-faces-imagen-demo-460715/4806.png
4807,Singapore,20,Female,66899,gs://imagen4-faces-imagen-demo-460715/4807.png
4808,Singapore,20,Female,51087,gs://imagen4-faces-imagen-demo-460715/4808.png
4809,Singapore,20,Female,34223,gs://imagen4-faces-imagen-demo-460715/4809.png
4810,Singapore,20,Female,25667,gs://imagen4-faces-imagen-demo-460715/4810.png
4811,Singapore,20,Female,18548,gs://imagen4-faces-imagen-demo-460715/4811.png
4812,Singapore,20,Female,30891,gs://imagen4-faces-imagen-demo-460715/4812.png
4813,Singapore,30,Male,24270,gs://imagen4-faces-imagen-demo-460715/4813.png
4814,Singapore,30,Male,20168,gs://imagen4-faces-imagen-demo-460715/4814.png
4815,Singapore,30,Male,81135,gs://imagen4-faces-imagen-demo-460715/4815.png
4816,Singapore,30,Male,52241,gs://imagen4-faces-imagen-demo-460715/4816.png
4817,Singapore,30,Male,62683,gs://imagen4-faces-imagen-demo-460715/4817.png
4818,Singapore,30,Male,54406,gs://imagen4-faces-imagen-demo-460715/4818.png
4819,Singapore,30,Female,78270,gs://imagen4-faces-imagen-demo-460715/4819.png
4820,Singapore,30,Female,34429,gs://imagen4-faces-imagen-demo-460715/4820.png
4821,Singapore,30,Female,37644,gs://imagen4-faces-imagen-demo-460715/4821.png
4822,Singapore,30,Female,28392,gs://imagen4-faces-imagen-demo-460715/4822.png
4823,Singapore,30,Female,21627,gs://imagen4-faces-imagen-demo-460715/4823.png
4824,Singapore,30,Female,68707,gs://imagen4-faces-imagen-demo-460715/4824.png
4825,Sint Maarten (Dutch part),20,Male,99296,gs://imagen4-faces-imagen-demo-460715/4825.png
4826,Sint Maarten (Dutch part),20,Male,72993,gs://imagen4-faces-imagen-demo-460715/4826.png
4827,Sint Maarten (Dutch part),20,Male,63837,gs://imagen4-faces-imagen-demo-460715/4827.png
4828,Sint Maarten (Dutch part),20,Male,12808,gs://imagen4-faces-imagen-demo-460715/4828.png
4829,Sint Maarten (Dutch part),20,Male,13444,gs://imagen4-faces-imagen-demo-460715/4829.png
4830,Sint Maarten (Dutch part),20,Male,35001,gs://imagen4-faces-imagen-demo-460715/4830.png
4831,Sint Maarten (Dutch part),20,Female,33431,gs://imagen4-faces-imagen-demo-460715/4831.png
4832,Sint Maarten (Dutch part),20,Female,13905,gs://imagen4-faces-imagen-demo-460715/4832.png
4833,Sint Maarten (Dutch part),20,Female,32840,gs://imagen4-faces-imagen-demo-460715/4833.png
4834,Sint Maarten (Dutch part),20,Female,46821,gs://imagen4-faces-imagen-demo-460715/4834.png
4835,Sint Maarten (Dutch part),20,Female,26658,gs://imagen4-faces-imagen-demo-460715/4835.png
4836,Sint Maarten (Dutch part),20,Female,47235,gs://imagen4-faces-imagen-demo-460715/4836.png
4837,Sint Maarten (Dutch part),30,Male,38823,gs://imagen4-faces-imagen-demo-460715/4837.png
4838,Sint Maarten (Dutch part),30,Male,35184,gs://imagen4-faces-imagen-demo-460715/4838.png
4839,Sint Maarten (Dutch part),30,Male,37035,gs://imagen4-faces-imagen-demo-460715/4839.png
4840,Sint Maarten (Dutch part),30,Male,13466,gs://imagen4-faces-imagen-demo-460715/4840.png
4841,Sint Maarten (Dutch part),30,Male,71511,gs://imagen4-faces-imagen-demo-460715/4841.png
4842,Sint Maarten (Dutch part),30,Male,32891,gs://imagen4-faces-imagen-demo-460715/4842.png
4843,Sint Maarten (Dutch part),30,Female,25404,gs://imagen4-faces-imagen-demo-460715/4843.png
4844,Sint Maarten (Dutch part),30,Female,92603,gs://imagen4-faces-imagen-demo-460715/4844.png
4845,Sint Maarten (Dutch part),30,Female,68401,gs://imagen4-faces-imagen-demo-460715/4845.png
4846,Sint Maarten (Dutch part),30,Female,99423,gs://imagen4-faces-imagen-demo-460715/4846.png
4847,Sint Maarten (Dutch part),30,Female,73033,gs://imagen4-faces-imagen-demo-460715/4847.png
4848,Sint Maarten (Dutch part),30,Female,75496,gs://imagen4-faces-imagen-demo-460715/4848.png
4849,Slovakia,20,Male,79406,gs://imagen4-faces-imagen-demo-460715/4849.png
4850,Slovakia,20,Male,33014,gs://imagen4-faces-imagen-demo-460715/4850.png
4851,Slovakia,20,Male,50771,gs://imagen4-faces-imagen-demo-460715/4851.png
4852,Slovakia,20,Male,16592,gs://imagen4-faces-imagen-demo-460715/4852.png
4853,Slovakia,20,Male,49722,gs://imagen4-faces-imagen-demo-460715/4853.png
4854,Slovakia,20,Male,42744,gs://imagen4-faces-imagen-demo-460715/4854.png
4855,Slovakia,20,Female,48948,gs://imagen4-faces-imagen-demo-460715/4855.png
4856,Slovakia,20,Female,32338,gs://imagen4-faces-imagen-demo-460715/4856.png
4857,Slovakia,20,Female,77581,gs://imagen4-faces-imagen-demo-460715/4857.png
4858,Slovakia,20,Female,12912,gs://imagen4-faces-imagen-demo-460715/4858.png
4859,Slovakia,20,Female,68318,gs://imagen4-faces-imagen-demo-460715/4859.png
4860,Slovakia,20,Female,27680,gs://imagen4-faces-imagen-demo-460715/4860.png
4861,Slovakia,30,Male,93589,gs://imagen4-faces-imagen-demo-460715/4861.png
4862,Slovakia,30,Male,16750,gs://imagen4-faces-imagen-demo-460715/4862.png
4863,Slovakia,30,Male,13422,gs://imagen4-faces-imagen-demo-460715/4863.png
4864,Slovakia,30,Male,55596,gs://imagen4-faces-imagen-demo-460715/4864.png
4865,Slovakia,30,Male,82073,gs://imagen4-faces-imagen-demo-460715/4865.png
4866,Slovakia,30,Male,20469,gs://imagen4-faces-imagen-demo-460715/4866.png
4867,Slovakia,30,Female,25548,gs://imagen4-faces-imagen-demo-460715/4867.png
4868,Slovakia,30,Female,78939,gs://imagen4-faces-imagen-demo-460715/4868.png
4869,Slovakia,30,Female,64001,gs://imagen4-faces-imagen-demo-460715/4869.png
4870,Slovakia,30,Female,24457,gs://imagen4-faces-imagen-demo-460715/4870.png
4871,Slovakia,30,Female,34208,gs://imagen4-faces-imagen-demo-460715/4871.png
4872,Slovakia,30,Female,43648,gs://imagen4-faces-imagen-demo-460715/4872.png
4873,Slovenia,20,Male,54251,gs://imagen4-faces-imagen-demo-460715/4873.png
4874,Slovenia,20,Male,35256,gs://imagen4-faces-imagen-demo-460715/4874.png
4875,Slovenia,20,Male,96030,gs://imagen4-faces-imagen-demo-460715/4875.png
4876,Slovenia,20,Male,59454,gs://imagen4-faces-imagen-demo-460715/4876.png
4877,Slovenia,20,Male,28672,gs://imagen4-faces-imagen-demo-460715/4877.png
4878,Slovenia,20,Male,98241,gs://imagen4-faces-imagen-demo-460715/4878.png
4879,Slovenia,20,Female,43237,gs://imagen4-faces-imagen-demo-460715/4879.png
4880,Slovenia,20,Female,66429,gs://imagen4-faces-imagen-demo-460715/4880.png
4881,Slovenia,20,Female,53384,gs://imagen4-faces-imagen-demo-460715/4881.png
4882,Slovenia,20,Female,37470,gs://imagen4-faces-imagen-demo-460715/4882.png
4883,Slovenia,20,Female,75540,gs://imagen4-faces-imagen-demo-460715/4883.png
4884,Slovenia,20,Female,17835,gs://imagen4-faces-imagen-demo-460715/4884.png
4885,Slovenia,30,Male,76746,gs://imagen4-faces-imagen-demo-460715/4885.png
4886,Slovenia,30,Male,67421,gs://imagen4-faces-imagen-demo-460715/4886.png
4887,Slovenia,30,Male,14601,gs://imagen4-faces-imagen-demo-460715/4887.png
4888,Slovenia,30,Male,93920,gs://imagen4-faces-imagen-demo-460715/4888.png
4889,Slovenia,30,Male,50268,gs://imagen4-faces-imagen-demo-460715/4889.png
4890,Slovenia,30,Male,36997,gs://imagen4-faces-imagen-demo-460715/4890.png
4891,Slovenia,30,Female,27468,gs://imagen4-faces-imagen-demo-460715/4891.png
4892,Slovenia,30,Female,83916,gs://imagen4-faces-imagen-demo-460715/4892.png
4893,Slovenia,30,Female,65164,gs://imagen4-faces-imagen-demo-460715/4893.png
4894,Slovenia,30,Female,52626,gs://imagen4-faces-imagen-demo-460715/4894.png
4895,Slovenia,30,Female,57428,gs://imagen4-faces-imagen-demo-460715/4895.png
4896,Slovenia,30,Female,70547,gs://imagen4-faces-imagen-demo-460715/4896.png
4897,Solomon Islands,20,Male,85737,gs://imagen4-faces-imagen-demo-460715/4897.png
4898,Solomon Islands,20,Male,46987,gs://imagen4-faces-imagen-demo-460715/4898.png
4899,Solomon Islands,20,Male,67059,gs://imagen4-faces-imagen-demo-460715/4899.png
4900,Solomon Islands,20,Male,12888,gs://imagen4-faces-imagen-demo-460715/4900.png
4901,Solomon Islands,20,Male,97214,gs://imagen4-faces-imagen-demo-460715/4901.png
4902,Solomon Islands,20,Male,62907,gs://imagen4-faces-imagen-demo-460715/4902.png
4903,Solomon Islands,20,Female,90877,gs://imagen4-faces-imagen-demo-460715/4903.png
4904,Solomon Islands,20,Female,60190,gs://imagen4-faces-imagen-demo-460715/4904.png
4905,Solomon Islands,20,Female,26174,gs://imagen4-faces-imagen-demo-460715/4905.png
4906,Solomon Islands,20,Female,82825,gs://imagen4-faces-imagen-demo-460715/4906.png
4907,Solomon Islands,20,Female,58346,gs://imagen4-faces-imagen-demo-460715/4907.png
4908,Solomon Islands,20,Female,99126,gs://imagen4-faces-imagen-demo-460715/4908.png
4909,Solomon Islands,30,Male,58553,gs://imagen4-faces-imagen-demo-460715/4909.png
4910,Solomon Islands,30,Male,27450,gs://imagen4-faces-imagen-demo-460715/4910.png
4911,Solomon Islands,30,Male,27558,gs://imagen4-faces-imagen-demo-460715/4911.png
4912,Solomon Islands,30,Male,65011,gs://imagen4-faces-imagen-demo-460715/4912.png
4913,Solomon Islands,30,Male,79872,gs://imagen4-faces-imagen-demo-460715/4913.png
4914,Solomon Islands,30,Male,61719,gs://imagen4-faces-imagen-demo-460715/4914.png
4915,Solomon Islands,30,Female,78779,gs://imagen4-faces-imagen-demo-460715/4915.png
4916,Solomon Islands,30,Female,63055,gs://imagen4-faces-imagen-demo-460715/4916.png
4917,Solomon Islands,30,Female,45354,gs://imagen4-faces-imagen-demo-460715/4917.png
4918,Solomon Islands,30,Female,23292,gs://imagen4-faces-imagen-demo-460715/4918.png
4919,Solomon Islands,30,Female,14610,gs://imagen4-faces-imagen-demo-460715/4919.png
4920,Solomon Islands,30,Female,64740,gs://imagen4-faces-imagen-demo-460715/4920.png
4921,Somalia,20,Male,52758,gs://imagen4-faces-imagen-demo-460715/4921.png
4922,Somalia,20,Male,82436,gs://imagen4-faces-imagen-demo-460715/4922.png
4923,Somalia,20,Male,78085,gs://imagen4-faces-imagen-demo-460715/4923.png
4924,Somalia,20,Male,38878,gs://imagen4-faces-imagen-demo-460715/4924.png
4925,Somalia,20,Male,39544,gs://imagen4-faces-imagen-demo-460715/4925.png
4926,Somalia,20,Male,72936,gs://imagen4-faces-imagen-demo-460715/4926.png
4927,Somalia,20,Female,33921,gs://imagen4-faces-imagen-demo-460715/4927.png
4928,Somalia,20,Female,77924,gs://imagen4-faces-imagen-demo-460715/4928.png
4929,Somalia,20,Female,88956,gs://imagen4-faces-imagen-demo-460715/4929.png
4930,Somalia,20,Female,94155,gs://imagen4-faces-imagen-demo-460715/4930.png
4931,Somalia,20,Female,33471,gs://imagen4-faces-imagen-demo-460715/4931.png
4932,Somalia,20,Female,53512,gs://imagen4-faces-imagen-demo-460715/4932.png
4933,Somalia,30,Male,96797,gs://imagen4-faces-imagen-demo-460715/4933.png
4934,Somalia,30,Male,17687,gs://imagen4-faces-imagen-demo-460715/4934.png
4935,Somalia,30,Male,20132,gs://imagen4-faces-imagen-demo-460715/4935.png
4936,Somalia,30,Male,49576,gs://imagen4-faces-imagen-demo-460715/4936.png
4937,Somalia,30,Male,50265,gs://imagen4-faces-imagen-demo-460715/4937.png
4938,Somalia,30,Male,90216,gs://imagen4-faces-imagen-demo-460715/4938.png
4939,Somalia,30,Female,45820,gs://imagen4-faces-imagen-demo-460715/4939.png
4940,Somalia,30,Female,17410,gs://imagen4-faces-imagen-demo-460715/4940.png
4941,Somalia,30,Female,58694,gs://imagen4-faces-imagen-demo-460715/4941.png
4942,Somalia,30,Female,28767,gs://imagen4-faces-imagen-demo-460715/4942.png
4943,Somalia,30,Female,21078,gs://imagen4-faces-imagen-demo-460715/4943.png
4944,Somalia,30,Female,66390,gs://imagen4-faces-imagen-demo-460715/4944.png
4945,South Africa,20,Male,63056,gs://imagen4-faces-imagen-demo-460715/4945.png
4946,South Africa,20,Male,22868,gs://imagen4-faces-imagen-demo-460715/4946.png
4947,South Africa,20,Male,43306,gs://imagen4-faces-imagen-demo-460715/4947.png
4948,South Africa,20,Male,40797,gs://imagen4-faces-imagen-demo-460715/4948.png
4949,South Africa,20,Male,15680,gs://imagen4-faces-imagen-demo-460715/4949.png
4950,South Africa,20,Male,71389,gs://imagen4-faces-imagen-demo-460715/4950.png
4951,South Africa,20,Female,81030,gs://imagen4-faces-imagen-demo-460715/4951.png
4952,South Africa,20,Female,82869,gs://imagen4-faces-imagen-demo-460715/4952.png
4953,South Africa,20,Female,10689,gs://imagen4-faces-imagen-demo-460715/4953.png
4954,South Africa,20,Female,70702,gs://imagen4-faces-imagen-demo-460715/4954.png
4955,South Africa,20,Female,51239,gs://imagen4-faces-imagen-demo-460715/4955.png
4956,South Africa,20,Female,68723,gs://imagen4-faces-imagen-demo-460715/4956.png
4957,South Africa,30,Male,94931,gs://imagen4-faces-imagen-demo-460715/4957.png
4958,South Africa,30,Male,91940,gs://imagen4-faces-imagen-demo-460715/4958.png
4959,South Africa,30,Male,53052,gs://imagen4-faces-imagen-demo-460715/4959.png
4960,South Africa,30,Male,91298,gs://imagen4-faces-imagen-demo-460715/4960.png
4961,South Africa,30,Male,59598,gs://imagen4-faces-imagen-demo-460715/4961.png
4962,South Africa,30,Male,62875,gs://imagen4-faces-imagen-demo-460715/4962.png
4963,South Africa,30,Female,65286,gs://imagen4-faces-imagen-demo-460715/4963.png
4964,South Africa,30,Female,32361,gs://imagen4-faces-imagen-demo-460715/4964.png
4965,South Africa,30,Female,63447,gs://imagen4-faces-imagen-demo-460715/4965.png
4966,South Africa,30,Female,90988,gs://imagen4-faces-imagen-demo-460715/4966.png
4967,South Africa,30,Female,71661,gs://imagen4-faces-imagen-demo-460715/4967.png
4968,South Africa,30,Female,26728,gs://imagen4-faces-imagen-demo-460715/4968.png
4969,South Georgia and the South Sandwich Islands,20,Male,21560,gs://imagen4-faces-imagen-demo-460715/4969.png
4970,South Georgia and the South Sandwich Islands,20,Male,26549,gs://imagen4-faces-imagen-demo-460715/4970.png
4971,South Georgia and the South Sandwich Islands,20,Male,89278,gs://imagen4-faces-imagen-demo-460715/4971.png
4972,South Georgia and the South Sandwich Islands,20,Male,35886,gs://imagen4-faces-imagen-demo-460715/4972.png
4973,South Georgia and the South Sandwich Islands,20,Male,94775,gs://imagen4-faces-imagen-demo-460715/4973.png
4974,South Georgia and the South Sandwich Islands,20,Male,92518,gs://imagen4-faces-imagen-demo-460715/4974.png
4975,South Georgia and the South Sandwich Islands,20,Female,35519,gs://imagen4-faces-imagen-demo-460715/4975.png
4976,South Georgia and the South Sandwich Islands,20,Female,32846,gs://imagen4-faces-imagen-demo-460715/4976.png
4977,South Georgia and the South Sandwich Islands,20,Female,25239,gs://imagen4-faces-imagen-demo-460715/4977.png
4978,South Georgia and the South Sandwich Islands,20,Female,86947,gs://imagen4-faces-imagen-demo-460715/4978.png
4979,South Georgia and the South Sandwich Islands,20,Female,27598,gs://imagen4-faces-imagen-demo-460715/4979.png
4980,South Georgia and the South Sandwich Islands,20,Female,38246,gs://imagen4-faces-imagen-demo-460715/4980.png
4981,South Georgia and the South Sandwich Islands,30,Male,46554,gs://imagen4-faces-imagen-demo-460715/4981.png
4982,South Georgia and the South Sandwich Islands,30,Male,17051,gs://imagen4-faces-imagen-demo-460715/4982.png
4983,South Georgia and the South Sandwich Islands,30,Male,36121,gs://imagen4-faces-imagen-demo-460715/4983.png
4984,South Georgia and the South Sandwich Islands,30,Male,40706,gs://imagen4-faces-imagen-demo-460715/4984.png
4985,South Georgia and the South Sandwich Islands,30,Male,88619,gs://imagen4-faces-imagen-demo-460715/4985.png
4986,South Georgia and the South Sandwich Islands,30,Male,51200,gs://imagen4-faces-imagen-demo-460715/4986.png
4987,South Georgia and the South Sandwich Islands,30,Female,28726,gs://imagen4-faces-imagen-demo-460715/4987.png
4988,South Georgia and the South Sandwich Islands,30,Female,34727,gs://imagen4-faces-imagen-demo-460715/4988.png
4989,South Georgia and the South Sandwich Islands,30,Female,53640,gs://imagen4-faces-imagen-demo-460715/4989.png
4990,South Georgia and the South Sandwich Islands,30,Female,78252,gs://imagen4-faces-imagen-demo-460715/4990.png
4991,South Georgia and the South Sandwich Islands,30,Female,22565,gs://imagen4-faces-imagen-demo-460715/4991.png
4992,South Georgia and the South Sandwich Islands,30,Female,67603,gs://imagen4-faces-imagen-demo-460715/4992.png
4993,South Sudan,20,Male,22810,gs://imagen4-faces-imagen-demo-460715/4993.png
4994,South Sudan,20,Male,17510,gs://imagen4-faces-imagen-demo-460715/4994.png
4995,South Sudan,20,Male,85323,gs://imagen4-faces-imagen-demo-460715/4995.png
4996,South Sudan,20,Male,26034,gs://imagen4-faces-imagen-demo-460715/4996.png
4997,South Sudan,20,Male,89733,gs://imagen4-faces-imagen-demo-460715/4997.png
4998,South Sudan,20,Male,50118,gs://imagen4-faces-imagen-demo-460715/4998.png
4999,South Sudan,20,Female,79592,gs://imagen4-faces-imagen-demo-460715/4999.png
5000,South Sudan,20,Female,99924,gs://imagen4-faces-imagen-demo-460715/5000.png
5001,South Sudan,20,Female,47176,gs://imagen4-faces-imagen-demo-460715/5001.png
5002,South Sudan,20,Female,27740,gs://imagen4-faces-imagen-demo-460715/5002.png
5003,South Sudan,20,Female,16667,gs://imagen4-faces-imagen-demo-460715/5003.png
5004,South Sudan,20,Female,66004,gs://imagen4-faces-imagen-demo-460715/5004.png
5005,South Sudan,30,Male,18207,gs://imagen4-faces-imagen-demo-460715/5005.png
5006,South Sudan,30,Male,66591,gs://imagen4-faces-imagen-demo-460715/5006.png
5007,South Sudan,30,Male,17943,gs://imagen4-faces-imagen-demo-460715/5007.png
5008,South Sudan,30,Male,42819,gs://imagen4-faces-imagen-demo-460715/5008.png
5009,South Sudan,30,Male,29616,gs://imagen4-faces-imagen-demo-460715/5009.png
5010,South Sudan,30,Male,72365,gs://imagen4-faces-imagen-demo-460715/5010.png
5011,South Sudan,30,Female,60963,gs://imagen4-faces-imagen-demo-460715/5011.png
5012,South Sudan,30,Female,98555,gs://imagen4-faces-imagen-demo-460715/5012.png
5013,South Sudan,30,Female,13590,gs://imagen4-faces-imagen-demo-460715/5013.png
5014,South Sudan,30,Female,99973,gs://imagen4-faces-imagen-demo-460715/5014.png
5015,South Sudan,30,Female,21967,gs://imagen4-faces-imagen-demo-460715/5015.png
5016,South Sudan,30,Female,68294,gs://imagen4-faces-imagen-demo-460715/5016.png
5017,Spain,20,Male,34302,gs://imagen4-faces-imagen-demo-460715/5017.png
5018,Spain,20,Male,96474,gs://imagen4-faces-imagen-demo-460715/5018.png
5019,Spain,20,Male,75765,gs://imagen4-faces-imagen-demo-460715/5019.png
5020,Spain,20,Male,62872,gs://imagen4-faces-imagen-demo-460715/5020.png
5021,Spain,20,Male,48930,gs://imagen4-faces-imagen-demo-460715/5021.png
5022,Spain,20,Male,83441,gs://imagen4-faces-imagen-demo-460715/5022.png
5023,Spain,20,Female,80921,gs://imagen4-faces-imagen-demo-460715/5023.png
5024,Spain,20,Female,62955,gs://imagen4-faces-imagen-demo-460715/5024.png
5025,Spain,20,Female,37984,gs://imagen4-faces-imagen-demo-460715/5025.png
5026,Spain,20,Female,99457,gs://imagen4-faces-imagen-demo-460715/5026.png
5027,Spain,20,Female,41120,gs://imagen4-faces-imagen-demo-460715/5027.png
5028,Spain,20,Female,27361,gs://imagen4-faces-imagen-demo-460715/5028.png
5029,Spain,30,Male,32586,gs://imagen4-faces-imagen-demo-460715/5029.png
5030,Spain,30,Male,84702,gs://imagen4-faces-imagen-demo-460715/5030.png
5031,Spain,30,Male,23940,gs://imagen4-faces-imagen-demo-460715/5031.png
5032,Spain,30,Male,83180,gs://imagen4-faces-imagen-demo-460715/5032.png
5033,Spain,30,Male,13357,gs://imagen4-faces-imagen-demo-460715/5033.png
5034,Spain,30,Male,16259,gs://imagen4-faces-imagen-demo-460715/5034.png
5035,Spain,30,Female,11959,gs://imagen4-faces-imagen-demo-460715/5035.png
5036,Spain,30,Female,95353,gs://imagen4-faces-imagen-demo-460715/5036.png
5037,Spain,30,Female,85621,gs://imagen4-faces-imagen-demo-460715/5037.png
5038,Spain,30,Female,47696,gs://imagen4-faces-imagen-demo-460715/5038.png
5039,Spain,30,Female,95873,gs://imagen4-faces-imagen-demo-460715/5039.png
5040,Spain,30,Female,97333,gs://imagen4-faces-imagen-demo-460715/5040.png
5041,Sri Lanka,20,Male,98093,gs://imagen4-faces-imagen-demo-460715/5041.png
5042,Sri Lanka,20,Male,12647,gs://imagen4-faces-imagen-demo-460715/5042.png
5043,Sri Lanka,20,Male,61502,gs://imagen4-faces-imagen-demo-460715/5043.png
5044,Sri Lanka,20,Male,31901,gs://imagen4-faces-imagen-demo-460715/5044.png
5045,Sri Lanka,20,Male,90361,gs://imagen4-faces-imagen-demo-460715/5045.png
5046,Sri Lanka,20,Male,20761,gs://imagen4-faces-imagen-demo-460715/5046.png
5047,Sri Lanka,20,Female,10503,gs://imagen4-faces-imagen-demo-460715/5047.png
5048,Sri Lanka,20,Female,86368,gs://imagen4-faces-imagen-demo-460715/5048.png
5049,Sri Lanka,20,Female,84435,gs://imagen4-faces-imagen-demo-460715/5049.png
5050,Sri Lanka,20,Female,81897,gs://imagen4-faces-imagen-demo-460715/5050.png
5051,Sri Lanka,20,Female,67134,gs://imagen4-faces-imagen-demo-460715/5051.png
5052,Sri Lanka,20,Female,87069,gs://imagen4-faces-imagen-demo-460715/5052.png
5053,Sri Lanka,30,Male,58408,gs://imagen4-faces-imagen-demo-460715/5053.png
5054,Sri Lanka,30,Male,58820,gs://imagen4-faces-imagen-demo-460715/5054.png
5055,Sri Lanka,30,Male,74628,gs://imagen4-faces-imagen-demo-460715/5055.png
5056,Sri Lanka,30,Male,99328,gs://imagen4-faces-imagen-demo-460715/5056.png
5057,Sri Lanka,30,Male,94456,gs://imagen4-faces-imagen-demo-460715/5057.png
5058,Sri Lanka,30,Male,79244,gs://imagen4-faces-imagen-demo-460715/5058.png
5059,Sri Lanka,30,Female,29249,gs://imagen4-faces-imagen-demo-460715/5059.png
5060,Sri Lanka,30,Female,56296,gs://imagen4-faces-imagen-demo-460715/5060.png
5061,Sri Lanka,30,Female,84893,gs://imagen4-faces-imagen-demo-460715/5061.png
5062,Sri Lanka,30,Female,41734,gs://imagen4-faces-imagen-demo-460715/5062.png
5063,Sri Lanka,30,Female,11880,gs://imagen4-faces-imagen-demo-460715/5063.png
5064,Sri Lanka,30,Female,23226,gs://imagen4-faces-imagen-demo-460715/5064.png
5065,Sudan,20,Male,50817,gs://imagen4-faces-imagen-demo-460715/5065.png
5066,Sudan,20,Male,97711,gs://imagen4-faces-imagen-demo-460715/5066.png
5067,Sudan,20,Male,99958,gs://imagen4-faces-imagen-demo-460715/5067.png
5068,Sudan,20,Male,64812,gs://imagen4-faces-imagen-demo-460715/5068.png
5069,Sudan,20,Male,85963,gs://imagen4-faces-imagen-demo-460715/5069.png
5070,Sudan,20,Male,17701,gs://imagen4-faces-imagen-demo-460715/5070.png
5071,Sudan,20,Female,55551,gs://imagen4-faces-imagen-demo-460715/5071.png
5072,Sudan,20,Female,82699,gs://imagen4-faces-imagen-demo-460715/5072.png
5073,Sudan,20,Female,26896,gs://imagen4-faces-imagen-demo-460715/5073.png
5074,Sudan,20,Female,44388,gs://imagen4-faces-imagen-demo-460715/5074.png
5075,Sudan,20,Female,42636,gs://imagen4-faces-imagen-demo-460715/5075.png
5076,Sudan,20,Female,27550,gs://imagen4-faces-imagen-demo-460715/5076.png
5077,Sudan,30,Male,50427,gs://imagen4-faces-imagen-demo-460715/5077.png
5078,Sudan,30,Male,88868,gs://imagen4-faces-imagen-demo-460715/5078.png
5079,Sudan,30,Male,62249,gs://imagen4-faces-imagen-demo-460715/5079.png
5080,Sudan,30,Male,68287,gs://imagen4-faces-imagen-demo-460715/5080.png
5081,Sudan,30,Male,61501,gs://imagen4-faces-imagen-demo-460715/5081.png
5082,Sudan,30,Male,44830,gs://imagen4-faces-imagen-demo-460715/5082.png
5083,Sudan,30,Female,30262,gs://imagen4-faces-imagen-demo-460715/5083.png
5084,Sudan,30,Female,92331,gs://imagen4-faces-imagen-demo-460715/5084.png
5085,Sudan,30,Female,44961,gs://imagen4-faces-imagen-demo-460715/5085.png
5086,Sudan,30,Female,24418,gs://imagen4-faces-imagen-demo-460715/5086.png
5087,Sudan,30,Female,32115,gs://imagen4-faces-imagen-demo-460715/5087.png
5088,Sudan,30,Female,36338,gs://imagen4-faces-imagen-demo-460715/5088.png
5089,Suriname,20,Male,21818,gs://imagen4-faces-imagen-demo-460715/5089.png
5090,Suriname,20,Male,71140,gs://imagen4-faces-imagen-demo-460715/5090.png
5091,Suriname,20,Male,65153,gs://imagen4-faces-imagen-demo-460715/5091.png
5092,Suriname,20,Male,70409,gs://imagen4-faces-imagen-demo-460715/5092.png
5093,Suriname,20,Male,91062,gs://imagen4-faces-imagen-demo-460715/5093.png
5094,Suriname,20,Male,91417,gs://imagen4-faces-imagen-demo-460715/5094.png
5095,Suriname,20,Female,63881,gs://imagen4-faces-imagen-demo-460715/5095.png
5096,Suriname,20,Female,30930,gs://imagen4-faces-imagen-demo-460715/5096.png
5097,Suriname,20,Female,66105,gs://imagen4-faces-imagen-demo-460715/5097.png
5098,Suriname,20,Female,13554,gs://imagen4-faces-imagen-demo-460715/5098.png
5099,Suriname,20,Female,30073,gs://imagen4-faces-imagen-demo-460715/5099.png
5100,Suriname,20,Female,80628,gs://imagen4-faces-imagen-demo-460715/5100.png
5101,Suriname,30,Male,44902,gs://imagen4-faces-imagen-demo-460715/5101.png
5102,Suriname,30,Male,15397,gs://imagen4-faces-imagen-demo-460715/5102.png
5103,Suriname,30,Male,71950,gs://imagen4-faces-imagen-demo-460715/5103.png
5104,Suriname,30,Male,49477,gs://imagen4-faces-imagen-demo-460715/5104.png
5105,Suriname,30,Male,22426,gs://imagen4-faces-imagen-demo-460715/5105.png
5106,Suriname,30,Male,12436,gs://imagen4-faces-imagen-demo-460715/5106.png
5107,Suriname,30,Female,97951,gs://imagen4-faces-imagen-demo-460715/5107.png
5108,Suriname,30,Female,54092,gs://imagen4-faces-imagen-demo-460715/5108.png
5109,Suriname,30,Female,94593,gs://imagen4-faces-imagen-demo-460715/5109.png
5110,Suriname,30,Female,20823,gs://imagen4-faces-imagen-demo-460715/5110.png
5111,Suriname,30,Female,51155,gs://imagen4-faces-imagen-demo-460715/5111.png
5112,Suriname,30,Female,44504,gs://imagen4-faces-imagen-demo-460715/5112.png
5113,Svalbard and Jan Mayen,20,Male,72315,gs://imagen4-faces-imagen-demo-460715/5113.png
5114,Svalbard and Jan Mayen,20,Male,85030,gs://imagen4-faces-imagen-demo-460715/5114.png
5115,Svalbard and Jan Mayen,20,Male,80551,gs://imagen4-faces-imagen-demo-460715/5115.png
5116,Svalbard and Jan Mayen,20,Male,45245,gs://imagen4-faces-imagen-demo-460715/5116.png
5117,Svalbard and Jan Mayen,20,Male,33120,gs://imagen4-faces-imagen-demo-460715/5117.png
5118,Svalbard and Jan Mayen,20,Male,26123,gs://imagen4-faces-imagen-demo-460715/5118.png
5119,Svalbard and Jan Mayen,20,Female,28298,gs://imagen4-faces-imagen-demo-460715/5119.png
5120,Svalbard and Jan Mayen,20,Female,38674,gs://imagen4-faces-imagen-demo-460715/5120.png
5121,Svalbard and Jan Mayen,20,Female,91314,gs://imagen4-faces-imagen-demo-460715/5121.png
5122,Svalbard and Jan Mayen,20,Female,38543,gs://imagen4-faces-imagen-demo-460715/5122.png
5123,Svalbard and Jan Mayen,20,Female,83687,gs://imagen4-faces-imagen-demo-460715/5123.png
5124,Svalbard and Jan Mayen,20,Female,18947,gs://imagen4-faces-imagen-demo-460715/5124.png
5125,Svalbard and Jan Mayen,30,Male,55024,gs://imagen4-faces-imagen-demo-460715/5125.png
5126,Svalbard and Jan Mayen,30,Male,50552,gs://imagen4-faces-imagen-demo-460715/5126.png
5127,Svalbard and Jan Mayen,30,Male,50043,gs://imagen4-faces-imagen-demo-460715/5127.png
5128,Svalbard and Jan Mayen,30,Male,88578,gs://imagen4-faces-imagen-demo-460715/5128.png
5129,Svalbard and Jan Mayen,30,Male,36349,gs://imagen4-faces-imagen-demo-460715/5129.png
5130,Svalbard and Jan Mayen,30,Male,21300,gs://imagen4-faces-imagen-demo-460715/5130.png
5131,Svalbard and Jan Mayen,30,Female,23072,gs://imagen4-faces-imagen-demo-460715/5131.png
5132,Svalbard and Jan Mayen,30,Female,44697,gs://imagen4-faces-imagen-demo-460715/5132.png
5133,Svalbard and Jan Mayen,30,Female,47357,gs://imagen4-faces-imagen-demo-460715/5133.png
5134,Svalbard and Jan Mayen,30,Female,45967,gs://imagen4-faces-imagen-demo-460715/5134.png
5135,Svalbard and Jan Mayen,30,Female,35470,gs://imagen4-faces-imagen-demo-460715/5135.png
5136,Svalbard and Jan Mayen,30,Female,19580,gs://imagen4-faces-imagen-demo-460715/5136.png
5137,Sweden,20,Male,24955,gs://imagen4-faces-imagen-demo-460715/5137.png
5138,Sweden,20,Male,62318,gs://imagen4-faces-imagen-demo-460715/5138.png
5139,Sweden,20,Male,31306,gs://imagen4-faces-imagen-demo-460715/5139.png
5140,Sweden,20,Male,51619,gs://imagen4-faces-imagen-demo-460715/5140.png
5141,Sweden,20,Male,22185,gs://imagen4-faces-imagen-demo-460715/5141.png
5142,Sweden,20,Male,74810,gs://imagen4-faces-imagen-demo-460715/5142.png
5143,Sweden,20,Female,44428,gs://imagen4-faces-imagen-demo-460715/5143.png
5144,Sweden,20,Female,60036,gs://imagen4-faces-imagen-demo-460715/5144.png
5145,Sweden,20,Female,66214,gs://imagen4-faces-imagen-demo-460715/5145.png
5146,Sweden,20,Female,84593,gs://imagen4-faces-imagen-demo-460715/5146.png
5147,Sweden,20,Female,68222,gs://imagen4-faces-imagen-demo-460715/5147.png
5148,Sweden,20,Female,28781,gs://imagen4-faces-imagen-demo-460715/5148.png
5149,Sweden,30,Male,28962,gs://imagen4-faces-imagen-demo-460715/5149.png
5150,Sweden,30,Male,97004,gs://imagen4-faces-imagen-demo-460715/5150.png
5151,Sweden,30,Male,99308,gs://imagen4-faces-imagen-demo-460715/5151.png
5152,Sweden,30,Male,68792,gs://imagen4-faces-imagen-demo-460715/5152.png
5153,Sweden,30,Male,64364,gs://imagen4-faces-imagen-demo-460715/5153.png
5154,Sweden,30,Male,58928,gs://imagen4-faces-imagen-demo-460715/5154.png
5155,Sweden,30,Female,58544,gs://imagen4-faces-imagen-demo-460715/5155.png
5156,Sweden,30,Female,97001,gs://imagen4-faces-imagen-demo-460715/5156.png
5157,Sweden,30,Female,26284,gs://imagen4-faces-imagen-demo-460715/5157.png
5158,Sweden,30,Female,58945,gs://imagen4-faces-imagen-demo-460715/5158.png
5159,Sweden,30,Female,71776,gs://imagen4-faces-imagen-demo-460715/5159.png
5160,Sweden,30,Female,26543,gs://imagen4-faces-imagen-demo-460715/5160.png
5161,Switzerland,20,Male,62277,gs://imagen4-faces-imagen-demo-460715/5161.png
5162,Switzerland,20,Male,63437,gs://imagen4-faces-imagen-demo-460715/5162.png
5163,Switzerland,20,Male,47727,gs://imagen4-faces-imagen-demo-460715/5163.png
5164,Switzerland,20,Male,22500,gs://imagen4-faces-imagen-demo-460715/5164.png
5165,Switzerland,20,Male,17884,gs://imagen4-faces-imagen-demo-460715/5165.png
5166,Switzerland,20,Male,63107,gs://imagen4-faces-imagen-demo-460715/5166.png
5167,Switzerland,20,Female,11780,gs://imagen4-faces-imagen-demo-460715/5167.png
5168,Switzerland,20,Female,31952,gs://imagen4-faces-imagen-demo-460715/5168.png
5169,Switzerland,20,Female,94801,gs://imagen4-faces-imagen-demo-460715/5169.png
5170,Switzerland,20,Female,96266,gs://imagen4-faces-imagen-demo-460715/5170.png
5171,Switzerland,20,Female,86996,gs://imagen4-faces-imagen-demo-460715/5171.png
5172,Switzerland,20,Female,40701,gs://imagen4-faces-imagen-demo-460715/5172.png
5173,Switzerland,30,Male,82049,gs://imagen4-faces-imagen-demo-460715/5173.png
5174,Switzerland,30,Male,45594,gs://imagen4-faces-imagen-demo-460715/5174.png
5175,Switzerland,30,Male,32748,gs://imagen4-faces-imagen-demo-460715/5175.png
5176,Switzerland,30,Male,20777,gs://imagen4-faces-imagen-demo-460715/5176.png
5177,Switzerland,30,Male,68828,gs://imagen4-faces-imagen-demo-460715/5177.png
5178,Switzerland,30,Male,63037,gs://imagen4-faces-imagen-demo-460715/5178.png
5179,Switzerland,30,Female,75214,gs://imagen4-faces-imagen-demo-460715/5179.png
5180,Switzerland,30,Female,26055,gs://imagen4-faces-imagen-demo-460715/5180.png
5181,Switzerland,30,Female,50786,gs://imagen4-faces-imagen-demo-460715/5181.png
5182,Switzerland,30,Female,64097,gs://imagen4-faces-imagen-demo-460715/5182.png
5183,Switzerland,30,Female,28089,gs://imagen4-faces-imagen-demo-460715/5183.png
5184,Switzerland,30,Female,74404,gs://imagen4-faces-imagen-demo-460715/5184.png
5185,Syrian Arab Republic,20,Male,30002,gs://imagen4-faces-imagen-demo-460715/5185.png
5186,Syrian Arab Republic,20,Male,92935,gs://imagen4-faces-imagen-demo-460715/5186.png
5187,Syrian Arab Republic,20,Male,89959,gs://imagen4-faces-imagen-demo-460715/5187.png
5188,Syrian Arab Republic,20,Male,69844,gs://imagen4-faces-imagen-demo-460715/5188.png
5189,Syrian Arab Republic,20,Male,91631,gs://imagen4-faces-imagen-demo-460715/5189.png
5190,Syrian Arab Republic,20,Male,93025,gs://imagen4-faces-imagen-demo-460715/5190.png
5191,Syrian Arab Republic,20,Female,39049,gs://imagen4-faces-imagen-demo-460715/5191.png
5192,Syrian Arab Republic,20,Female,38334,gs://imagen4-faces-imagen-demo-460715/5192.png
5193,Syrian Arab Republic,20,Female,72148,gs://imagen4-faces-imagen-demo-460715/5193.png
5194,Syrian Arab Republic,20,Female,94961,gs://imagen4-faces-imagen-demo-460715/5194.png
5195,Syrian Arab Republic,20,Female,10960,gs://imagen4-faces-imagen-demo-460715/5195.png
5196,Syrian Arab Republic,20,Female,83894,gs://imagen4-faces-imagen-demo-460715/5196.png
5197,Syrian Arab Republic,30,Male,51389,gs://imagen4-faces-imagen-demo-460715/5197.png
5198,Syrian Arab Republic,30,Male,58455,gs://imagen4-faces-imagen-demo-460715/5198.png
5199,Syrian Arab Republic,30,Male,89938,gs://imagen4-faces-imagen-demo-460715/5199.png
5200,Syrian Arab Republic,30,Male,69026,gs://imagen4-faces-imagen-demo-460715/5200.png
5201,Syrian Arab Republic,30,Male,73225,gs://imagen4-faces-imagen-demo-460715/5201.png
5202,Syrian Arab Republic,30,Male,94963,gs://imagen4-faces-imagen-demo-460715/5202.png
5203,Syrian Arab Republic,30,Female,14704,gs://imagen4-faces-imagen-demo-460715/5203.png
5204,Syrian Arab Republic,30,Female,91015,gs://imagen4-faces-imagen-demo-460715/5204.png
5205,Syrian Arab Republic,30,Female,15907,gs://imagen4-faces-imagen-demo-460715/5205.png
5206,Syrian Arab Republic,30,Female,97350,gs://imagen4-faces-imagen-demo-460715/5206.png
5207,Syrian Arab Republic,30,Female,70800,gs://imagen4-faces-imagen-demo-460715/5207.png
5208,Syrian Arab Republic,30,Female,77984,gs://imagen4-faces-imagen-demo-460715/5208.png
5209,Taiwan (Province of China),20,Male,70155,gs://imagen4-faces-imagen-demo-460715/5209.png
5210,Taiwan (Province of China),20,Male,61393,gs://imagen4-faces-imagen-demo-460715/5210.png
5211,Taiwan (Province of China),20,Male,17203,gs://imagen4-faces-imagen-demo-460715/5211.png
5212,Taiwan (Province of China),20,Male,87090,gs://imagen4-faces-imagen-demo-460715/5212.png
5213,Taiwan (Province of China),20,Male,35157,gs://imagen4-faces-imagen-demo-460715/5213.png
5214,Taiwan (Province of China),20,Male,13266,gs://imagen4-faces-imagen-demo-460715/5214.png
5215,Taiwan (Province of China),20,Female,22859,gs://imagen4-faces-imagen-demo-460715/5215.png
5216,Taiwan (Province of China),20,Female,48963,gs://imagen4-faces-imagen-demo-460715/5216.png
5217,Taiwan (Province of China),20,Female,44981,gs://imagen4-faces-imagen-demo-460715/5217.png
5218,Taiwan (Province of China),20,Female,15275,gs://imagen4-faces-imagen-demo-460715/5218.png
5219,Taiwan (Province of China),20,Female,27458,gs://imagen4-faces-imagen-demo-460715/5219.png
5220,Taiwan (Province of China),20,Female,93994,gs://imagen4-faces-imagen-demo-460715/5220.png
5221,Taiwan (Province of China),30,Male,59876,gs://imagen4-faces-imagen-demo-460715/5221.png
5222,Taiwan (Province of China),30,Male,90673,gs://imagen4-faces-imagen-demo-460715/5222.png
5223,Taiwan (Province of China),30,Male,36523,gs://imagen4-faces-imagen-demo-460715/5223.png
5224,Taiwan (Province of China),30,Male,19198,gs://imagen4-faces-imagen-demo-460715/5224.png
5225,Taiwan (Province of China),30,Male,52261,gs://imagen4-faces-imagen-demo-460715/5225.png
5226,Taiwan (Province of China),30,Male,80381,gs://imagen4-faces-imagen-demo-460715/5226.png
5227,Taiwan (Province of China),30,Female,37517,gs://imagen4-faces-imagen-demo-460715/5227.png
5228,Taiwan (Province of China),30,Female,40840,gs://imagen4-faces-imagen-demo-460715/5228.png
5229,Taiwan (Province of China),30,Female,62416,gs://imagen4-faces-imagen-demo-460715/5229.png
5230,Taiwan (Province of China),30,Female,51312,gs://imagen4-faces-imagen-demo-460715/5230.png
5231,Taiwan (Province of China),30,Female,83361,gs://imagen4-faces-imagen-demo-460715/5231.png
5232,Taiwan (Province of China),30,Female,84603,gs://imagen4-faces-imagen-demo-460715/5232.png
5233,Tajikistan,20,Male,47429,gs://imagen4-faces-imagen-demo-460715/5233.png
5234,Tajikistan,20,Male,15365,gs://imagen4-faces-imagen-demo-460715/5234.png
5235,Tajikistan,20,Male,17762,gs://imagen4-faces-imagen-demo-460715/5235.png
5236,Tajikistan,20,Male,29003,gs://imagen4-faces-imagen-demo-460715/5236.png
5237,Tajikistan,20,Male,98240,gs://imagen4-faces-imagen-demo-460715/5237.png
5238,Tajikistan,20,Male,74775,gs://imagen4-faces-imagen-demo-460715/5238.png
5239,Tajikistan,20,Female,57457,gs://imagen4-faces-imagen-demo-460715/5239.png
5240,Tajikistan,20,Female,68257,gs://imagen4-faces-imagen-demo-460715/5240.png
5241,Tajikistan,20,Female,73038,gs://imagen4-faces-imagen-demo-460715/5241.png
5242,Tajikistan,20,Female,81025,gs://imagen4-faces-imagen-demo-460715/5242.png
5243,Tajikistan,20,Female,30879,gs://imagen4-faces-imagen-demo-460715/5243.png
5244,Tajikistan,20,Female,77134,gs://imagen4-faces-imagen-demo-460715/5244.png
5245,Tajikistan,30,Male,10501,gs://imagen4-faces-imagen-demo-460715/5245.png
5246,Tajikistan,30,Male,55739,gs://imagen4-faces-imagen-demo-460715/5246.png
5247,Tajikistan,30,Male,73039,gs://imagen4-faces-imagen-demo-460715/5247.png
5248,Tajikistan,30,Male,24707,gs://imagen4-faces-imagen-demo-460715/5248.png
5249,Tajikistan,30,Male,60303,gs://imagen4-faces-imagen-demo-460715/5249.png
5250,Tajikistan,30,Male,19256,gs://imagen4-faces-imagen-demo-460715/5250.png
5251,Tajikistan,30,Female,84409,gs://imagen4-faces-imagen-demo-460715/5251.png
5252,Tajikistan,30,Female,19086,gs://imagen4-faces-imagen-demo-460715/5252.png
5253,Tajikistan,30,Female,26613,gs://imagen4-faces-imagen-demo-460715/5253.png
5254,Tajikistan,30,Female,24480,gs://imagen4-faces-imagen-demo-460715/5254.png
5255,Tajikistan,30,Female,39560,gs://imagen4-faces-imagen-demo-460715/5255.png
5256,Tajikistan,30,Female,13704,gs://imagen4-faces-imagen-demo-460715/5256.png
5257,"Tanzania, United Republic of",20,Male,60532,gs://imagen4-faces-imagen-demo-460715/5257.png
5258,"Tanzania, United Republic of",20,Male,17686,gs://imagen4-faces-imagen-demo-460715/5258.png
5259,"Tanzania, United Republic of",20,Male,80291,gs://imagen4-faces-imagen-demo-460715/5259.png
5260,"Tanzania, United Republic of",20,Male,96244,gs://imagen4-faces-imagen-demo-460715/5260.png
5261,"Tanzania, United Republic of",20,Male,97293,gs://imagen4-faces-imagen-demo-460715/5261.png
5262,"Tanzania, United Republic of",20,Male,38531,gs://imagen4-faces-imagen-demo-460715/5262.png
5263,"Tanzania, United Republic of",20,Female,73137,gs://imagen4-faces-imagen-demo-460715/5263.png
5264,"Tanzania, United Republic of",20,Female,78928,gs://imagen4-faces-imagen-demo-460715/5264.png
5265,"Tanzania, United Republic of",20,Female,44983,gs://imagen4-faces-imagen-demo-460715/5265.png
5266,"Tanzania, United Republic of",20,Female,72515,gs://imagen4-faces-imagen-demo-460715/5266.png
5267,"Tanzania, United Republic of",20,Female,37370,gs://imagen4-faces-imagen-demo-460715/5267.png
5268,"Tanzania, United Republic of",20,Female,59452,gs://imagen4-faces-imagen-demo-460715/5268.png
5269,"Tanzania, United Republic of",30,Male,32787,gs://imagen4-faces-imagen-demo-460715/5269.png
5270,"Tanzania, United Republic of",30,Male,26029,gs://imagen4-faces-imagen-demo-460715/5270.png
5271,"Tanzania, United Republic of",30,Male,35202,gs://imagen4-faces-imagen-demo-460715/5271.png
5272,"Tanzania, United Republic of",30,Male,63038,gs://imagen4-faces-imagen-demo-460715/5272.png
5273,"Tanzania, United Republic of",30,Male,75971,gs://imagen4-faces-imagen-demo-460715/5273.png
5274,"Tanzania, United Republic of",30,Male,51622,gs://imagen4-faces-imagen-demo-460715/5274.png
5275,"Tanzania, United Republic of",30,Female,14586,gs://imagen4-faces-imagen-demo-460715/5275.png
5276,"Tanzania, United Republic of",30,Female,41486,gs://imagen4-faces-imagen-demo-460715/5276.png
5277,"Tanzania, United Republic of",30,Female,87723,gs://imagen4-faces-imagen-demo-460715/5277.png
5278,"Tanzania, United Republic of",30,Female,76135,gs://imagen4-faces-imagen-demo-460715/5278.png
5279,"Tanzania, United Republic of",30,Female,12228,gs://imagen4-faces-imagen-demo-460715/5279.png
5280,"Tanzania, United Republic of",30,Female,37929,gs://imagen4-faces-imagen-demo-460715/5280.png
5281,Thailand,20,Male,95994,gs://imagen4-faces-imagen-demo-460715/5281.png
5282,Thailand,20,Male,60275,gs://imagen4-faces-imagen-demo-460715/5282.png
5283,Thailand,20,Male,75688,gs://imagen4-faces-imagen-demo-460715/5283.png
5284,Thailand,20,Male,52449,gs://imagen4-faces-imagen-demo-460715/5284.png
5285,Thailand,20,Male,28011,gs://imagen4-faces-imagen-demo-460715/5285.png
5286,Thailand,20,Male,46238,gs://imagen4-faces-imagen-demo-460715/5286.png
5287,Thailand,20,Female,20976,gs://imagen4-faces-imagen-demo-460715/5287.png
5288,Thailand,20,Female,70832,gs://imagen4-faces-imagen-demo-460715/5288.png
5289,Thailand,20,Female,45961,gs://imagen4-faces-imagen-demo-460715/5289.png
5290,Thailand,20,Female,96269,gs://imagen4-faces-imagen-demo-460715/5290.png
5291,Thailand,20,Female,24903,gs://imagen4-faces-imagen-demo-460715/5291.png
5292,Thailand,20,Female,41610,gs://imagen4-faces-imagen-demo-460715/5292.png
5293,Thailand,30,Male,76388,gs://imagen4-faces-imagen-demo-460715/5293.png
5294,Thailand,30,Male,16903,gs://imagen4-faces-imagen-demo-460715/5294.png
5295,Thailand,30,Male,23196,gs://imagen4-faces-imagen-demo-460715/5295.png
5296,Thailand,30,Male,48111,gs://imagen4-faces-imagen-demo-460715/5296.png
5297,Thailand,30,Male,18855,gs://imagen4-faces-imagen-demo-460715/5297.png
5298,Thailand,30,Male,25874,gs://imagen4-faces-imagen-demo-460715/5298.png
5299,Thailand,30,Female,74803,gs://imagen4-faces-imagen-demo-460715/5299.png
5300,Thailand,30,Female,34377,gs://imagen4-faces-imagen-demo-460715/5300.png
5301,Thailand,30,Female,55234,gs://imagen4-faces-imagen-demo-460715/5301.png
5302,Thailand,30,Female,23135,gs://imagen4-faces-imagen-demo-460715/5302.png
5303,Thailand,30,Female,96551,gs://imagen4-faces-imagen-demo-460715/5303.png
5304,Thailand,30,Female,87242,gs://imagen4-faces-imagen-demo-460715/5304.png
5305,Timor-Leste,20,Male,22470,gs://imagen4-faces-imagen-demo-460715/5305.png
5306,Timor-Leste,20,Male,83908,gs://imagen4-faces-imagen-demo-460715/5306.png
5307,Timor-Leste,20,Male,97385,gs://imagen4-faces-imagen-demo-460715/5307.png
5308,Timor-Leste,20,Male,60457,gs://imagen4-faces-imagen-demo-460715/5308.png
5309,Timor-Leste,20,Male,68153,gs://imagen4-faces-imagen-demo-460715/5309.png
5310,Timor-Leste,20,Male,17853,gs://imagen4-faces-imagen-demo-460715/5310.png
5311,Timor-Leste,20,Female,25881,gs://imagen4-faces-imagen-demo-460715/5311.png
5312,Timor-Leste,20,Female,71391,gs://imagen4-faces-imagen-demo-460715/5312.png
5313,Timor-Leste,20,Female,44492,gs://imagen4-faces-imagen-demo-460715/5313.png
5314,Timor-Leste,20,Female,20914,gs://imagen4-faces-imagen-demo-460715/5314.png
5315,Timor-Leste,20,Female,87487,gs://imagen4-faces-imagen-demo-460715/5315.png
5316,Timor-Leste,20,Female,69198,gs://imagen4-faces-imagen-demo-460715/5316.png
5317,Timor-Leste,30,Male,78212,gs://imagen4-faces-imagen-demo-460715/5317.png
5318,Timor-Leste,30,Male,44261,gs://imagen4-faces-imagen-demo-460715/5318.png
5319,Timor-Leste,30,Male,29619,gs://imagen4-faces-imagen-demo-460715/5319.png
5320,Timor-Leste,30,Male,73469,gs://imagen4-faces-imagen-demo-460715/5320.png
5321,Timor-Leste,30,Male,64179,gs://imagen4-faces-imagen-demo-460715/5321.png
5322,Timor-Leste,30,Male,25673,gs://imagen4-faces-imagen-demo-460715/5322.png
5323,Timor-Leste,30,Female,40785,gs://imagen4-faces-imagen-demo-460715/5323.png
5324,Timor-Leste,30,Female,50242,gs://imagen4-faces-imagen-demo-460715/5324.png
5325,Timor-Leste,30,Female,90704,gs://imagen4-faces-imagen-demo-460715/5325.png
5326,Timor-Leste,30,Female,93721,gs://imagen4-faces-imagen-demo-460715/5326.png
5327,Timor-Leste,30,Female,24676,gs://imagen4-faces-imagen-demo-460715/5327.png
5328,Timor-Leste,30,Female,38992,gs://imagen4-faces-imagen-demo-460715/5328.png
5329,Togo,20,Male,81581,gs://imagen4-faces-imagen-demo-460715/5329.png
5330,Togo,20,Male,21529,gs://imagen4-faces-imagen-demo-460715/5330.png
5331,Togo,20,Male,60846,gs://imagen4-faces-imagen-demo-460715/5331.png
5332,Togo,20,Male,96490,gs://imagen4-faces-imagen-demo-460715/5332.png
5333,Togo,20,Male,85692,gs://imagen4-faces-imagen-demo-460715/5333.png
5334,Togo,20,Male,98952,gs://imagen4-faces-imagen-demo-460715/5334.png
5335,Togo,20,Female,47035,gs://imagen4-faces-imagen-demo-460715/5335.png
5336,Togo,20,Female,53782,gs://imagen4-faces-imagen-demo-460715/5336.png
5337,Togo,20,Female,75167,gs://imagen4-faces-imagen-demo-460715/5337.png
5338,Togo,20,Female,35712,gs://imagen4-faces-imagen-demo-460715/5338.png
5339,Togo,20,Female,39413,gs://imagen4-faces-imagen-demo-460715/5339.png
5340,Togo,20,Female,68436,gs://imagen4-faces-imagen-demo-460715/5340.png
5341,Togo,30,Male,68728,gs://imagen4-faces-imagen-demo-460715/5341.png
5342,Togo,30,Male,37177,gs://imagen4-faces-imagen-demo-460715/5342.png
5343,Togo,30,Male,32234,gs://imagen4-faces-imagen-demo-460715/5343.png
5344,Togo,30,Male,80666,gs://imagen4-faces-imagen-demo-460715/5344.png
5345,Togo,30,Male,44902,gs://imagen4-faces-imagen-demo-460715/5345.png
5346,Togo,30,Male,85768,gs://imagen4-faces-imagen-demo-460715/5346.png
5347,Togo,30,Female,54532,gs://imagen4-faces-imagen-demo-460715/5347.png
5348,Togo,30,Female,93651,gs://imagen4-faces-imagen-demo-460715/5348.png
5349,Togo,30,Female,59006,gs://imagen4-faces-imagen-demo-460715/5349.png
5350,Togo,30,Female,14249,gs://imagen4-faces-imagen-demo-460715/5350.png
5351,Togo,30,Female,17678,gs://imagen4-faces-imagen-demo-460715/5351.png
5352,Togo,30,Female,47123,gs://imagen4-faces-imagen-demo-460715/5352.png
5353,Tokelau,20,Male,75478,gs://imagen4-faces-imagen-demo-460715/5353.png
5354,Tokelau,20,Male,80130,gs://imagen4-faces-imagen-demo-460715/5354.png
5355,Tokelau,20,Male,44330,gs://imagen4-faces-imagen-demo-460715/5355.png
5356,Tokelau,20,Male,90125,gs://imagen4-faces-imagen-demo-460715/5356.png
5357,Tokelau,20,Male,59632,gs://imagen4-faces-imagen-demo-460715/5357.png
5358,Tokelau,20,Male,12371,gs://imagen4-faces-imagen-demo-460715/5358.png
5359,Tokelau,20,Female,68702,gs://imagen4-faces-imagen-demo-460715/5359.png
5360,Tokelau,20,Female,20137,gs://imagen4-faces-imagen-demo-460715/5360.png
5361,Tokelau,20,Female,70491,gs://imagen4-faces-imagen-demo-460715/5361.png
5362,Tokelau,20,Female,31299,gs://imagen4-faces-imagen-demo-460715/5362.png
5363,Tokelau,20,Female,10675,gs://imagen4-faces-imagen-demo-460715/5363.png
5364,Tokelau,20,Female,57499,gs://imagen4-faces-imagen-demo-460715/5364.png
5365,Tokelau,30,Male,21671,gs://imagen4-faces-imagen-demo-460715/5365.png
5366,Tokelau,30,Male,68044,gs://imagen4-faces-imagen-demo-460715/5366.png
5367,Tokelau,30,Male,52824,gs://imagen4-faces-imagen-demo-460715/5367.png
5368,Tokelau,30,Male,99444,gs://imagen4-faces-imagen-demo-460715/5368.png
5369,Tokelau,30,Male,45658,gs://imagen4-faces-imagen-demo-460715/5369.png
5370,Tokelau,30,Male,10796,gs://imagen4-faces-imagen-demo-460715/5370.png
5371,Tokelau,30,Female,84804,gs://imagen4-faces-imagen-demo-460715/5371.png
5372,Tokelau,30,Female,77775,gs://imagen4-faces-imagen-demo-460715/5372.png
5373,Tokelau,30,Female,44460,gs://imagen4-faces-imagen-demo-460715/5373.png
5374,Tokelau,30,Female,56665,gs://imagen4-faces-imagen-demo-460715/5374.png
5375,Tokelau,30,Female,12866,gs://imagen4-faces-imagen-demo-460715/5375.png
5376,Tokelau,30,Female,31417,gs://imagen4-faces-imagen-demo-460715/5376.png
5377,Tonga,20,Male,16189,gs://imagen4-faces-imagen-demo-460715/5377.png
5378,Tonga,20,Male,99916,gs://imagen4-faces-imagen-demo-460715/5378.png
5379,Tonga,20,Male,15788,gs://imagen4-faces-imagen-demo-460715/5379.png
5380,Tonga,20,Male,73072,gs://imagen4-faces-imagen-demo-460715/5380.png
5381,Tonga,20,Male,77876,gs://imagen4-faces-imagen-demo-460715/5381.png
5382,Tonga,20,Male,91023,gs://imagen4-faces-imagen-demo-460715/5382.png
5383,Tonga,20,Female,22394,gs://imagen4-faces-imagen-demo-460715/5383.png
5384,Tonga,20,Female,92696,gs://imagen4-faces-imagen-demo-460715/5384.png
5385,Tonga,20,Female,60029,gs://imagen4-faces-imagen-demo-460715/5385.png
5386,Tonga,20,Female,36186,gs://imagen4-faces-imagen-demo-460715/5386.png
5387,Tonga,20,Female,84312,gs://imagen4-faces-imagen-demo-460715/5387.png
5388,Tonga,20,Female,52303,gs://imagen4-faces-imagen-demo-460715/5388.png
5389,Tonga,30,Male,17631,gs://imagen4-faces-imagen-demo-460715/5389.png
5390,Tonga,30,Male,23818,gs://imagen4-faces-imagen-demo-460715/5390.png
5391,Tonga,30,Male,45683,gs://imagen4-faces-imagen-demo-460715/5391.png
5392,Tonga,30,Male,48837,gs://imagen4-faces-imagen-demo-460715/5392.png
5393,Tonga,30,Male,34207,gs://imagen4-faces-imagen-demo-460715/5393.png
5394,Tonga,30,Male,76778,gs://imagen4-faces-imagen-demo-460715/5394.png
5395,Tonga,30,Female,42306,gs://imagen4-faces-imagen-demo-460715/5395.png
5396,Tonga,30,Female,92263,gs://imagen4-faces-imagen-demo-460715/5396.png
5397,Tonga,30,Female,39807,gs://imagen4-faces-imagen-demo-460715/5397.png
5398,Tonga,30,Female,24581,gs://imagen4-faces-imagen-demo-460715/5398.png
5399,Tonga,30,Female,89306,gs://imagen4-faces-imagen-demo-460715/5399.png
5400,Tonga,30,Female,44976,gs://imagen4-faces-imagen-demo-460715/5400.png
5401,Trinidad and Tobago,20,Male,33086,gs://imagen4-faces-imagen-demo-460715/5401.png
5402,Trinidad and Tobago,20,Male,23512,gs://imagen4-faces-imagen-demo-460715/5402.png
5403,Trinidad and Tobago,20,Male,14964,gs://imagen4-faces-imagen-demo-460715/5403.png
5404,Trinidad and Tobago,20,Male,58862,gs://imagen4-faces-imagen-demo-460715/5404.png
5405,Trinidad and Tobago,20,Male,84885,gs://imagen4-faces-imagen-demo-460715/5405.png
5406,Trinidad and Tobago,20,Male,29706,gs://imagen4-faces-imagen-demo-460715/5406.png
5407,Trinidad and Tobago,20,Female,83932,gs://imagen4-faces-imagen-demo-460715/5407.png
5408,Trinidad and Tobago,20,Female,22278,gs://imagen4-faces-imagen-demo-460715/5408.png
5409,Trinidad and Tobago,20,Female,12831,gs://imagen4-faces-imagen-demo-460715/5409.png
5410,Trinidad and Tobago,20,Female,38017,gs://imagen4-faces-imagen-demo-460715/5410.png
5411,Trinidad and Tobago,20,Female,60501,gs://imagen4-faces-imagen-demo-460715/5411.png
5412,Trinidad and Tobago,20,Female,57127,gs://imagen4-faces-imagen-demo-460715/5412.png
5413,Trinidad and Tobago,30,Male,67383,gs://imagen4-faces-imagen-demo-460715/5413.png
5414,Trinidad and Tobago,30,Male,97062,gs://imagen4-faces-imagen-demo-460715/5414.png
5415,Trinidad and Tobago,30,Male,50415,gs://imagen4-faces-imagen-demo-460715/5415.png
5416,Trinidad and Tobago,30,Male,53264,gs://imagen4-faces-imagen-demo-460715/5416.png
5417,Trinidad and Tobago,30,Male,88935,gs://imagen4-faces-imagen-demo-460715/5417.png
5418,Trinidad and Tobago,30,Male,71307,gs://imagen4-faces-imagen-demo-460715/5418.png
5419,Trinidad and Tobago,30,Female,45957,gs://imagen4-faces-imagen-demo-460715/5419.png
5420,Trinidad and Tobago,30,Female,70122,gs://imagen4-faces-imagen-demo-460715/5420.png
5421,Trinidad and Tobago,30,Female,76820,gs://imagen4-faces-imagen-demo-460715/5421.png
5422,Trinidad and Tobago,30,Female,86209,gs://imagen4-faces-imagen-demo-460715/5422.png
5423,Trinidad and Tobago,30,Female,86108,gs://imagen4-faces-imagen-demo-460715/5423.png
5424,Trinidad and Tobago,30,Female,80457,gs://imagen4-faces-imagen-demo-460715/5424.png
5425,Tunisia,20,Male,96116,gs://imagen4-faces-imagen-demo-460715/5425.png
5426,Tunisia,20,Male,22602,gs://imagen4-faces-imagen-demo-460715/5426.png
5427,Tunisia,20,Male,74671,gs://imagen4-faces-imagen-demo-460715/5427.png
5428,Tunisia,20,Male,71629,gs://imagen4-faces-imagen-demo-460715/5428.png
5429,Tunisia,20,Male,97806,gs://imagen4-faces-imagen-demo-460715/5429.png
5430,Tunisia,20,Male,91228,gs://imagen4-faces-imagen-demo-460715/5430.png
5431,Tunisia,20,Female,82877,gs://imagen4-faces-imagen-demo-460715/5431.png
5432,Tunisia,20,Female,52077,gs://imagen4-faces-imagen-demo-460715/5432.png
5433,Tunisia,20,Female,27185,gs://imagen4-faces-imagen-demo-460715/5433.png
5434,Tunisia,20,Female,68393,gs://imagen4-faces-imagen-demo-460715/5434.png
5435,Tunisia,20,Female,51879,gs://imagen4-faces-imagen-demo-460715/5435.png
5436,Tunisia,20,Female,39964,gs://imagen4-faces-imagen-demo-460715/5436.png
5437,Tunisia,30,Male,41929,gs://imagen4-faces-imagen-demo-460715/5437.png
5438,Tunisia,30,Male,63851,gs://imagen4-faces-imagen-demo-460715/5438.png
5439,Tunisia,30,Male,68849,gs://imagen4-faces-imagen-demo-460715/5439.png
5440,Tunisia,30,Male,45553,gs://imagen4-faces-imagen-demo-460715/5440.png
5441,Tunisia,30,Male,45417,gs://imagen4-faces-imagen-demo-460715/5441.png
5442,Tunisia,30,Male,57359,gs://imagen4-faces-imagen-demo-460715/5442.png
5443,Tunisia,30,Female,30673,gs://imagen4-faces-imagen-demo-460715/5443.png
5444,Tunisia,30,Female,99315,gs://imagen4-faces-imagen-demo-460715/5444.png
5445,Tunisia,30,Female,66805,gs://imagen4-faces-imagen-demo-460715/5445.png
5446,Tunisia,30,Female,25981,gs://imagen4-faces-imagen-demo-460715/5446.png
5447,Tunisia,30,Female,52834,gs://imagen4-faces-imagen-demo-460715/5447.png
5448,Tunisia,30,Female,75439,gs://imagen4-faces-imagen-demo-460715/5448.png
5449,Turkey,20,Male,63342,gs://imagen4-faces-imagen-demo-460715/5449.png
5450,Turkey,20,Male,88470,gs://imagen4-faces-imagen-demo-460715/5450.png
5451,Turkey,20,Male,40964,gs://imagen4-faces-imagen-demo-460715/5451.png
5452,Turkey,20,Male,52493,gs://imagen4-faces-imagen-demo-460715/5452.png
5453,Turkey,20,Male,61335,gs://imagen4-faces-imagen-demo-460715/5453.png
5454,Turkey,20,Male,54833,gs://imagen4-faces-imagen-demo-460715/5454.png
5455,Turkey,20,Female,18960,gs://imagen4-faces-imagen-demo-460715/5455.png
5456,Turkey,20,Female,88932,gs://imagen4-faces-imagen-demo-460715/5456.png
5457,Turkey,20,Female,55049,gs://imagen4-faces-imagen-demo-460715/5457.png
5458,Turkey,20,Female,38639,gs://imagen4-faces-imagen-demo-460715/5458.png
5459,Turkey,20,Female,33757,gs://imagen4-faces-imagen-demo-460715/5459.png
5460,Turkey,20,Female,95217,gs://imagen4-faces-imagen-demo-460715/5460.png
5461,Turkey,30,Male,46612,gs://imagen4-faces-imagen-demo-460715/5461.png
5462,Turkey,30,Male,86387,gs://imagen4-faces-imagen-demo-460715/5462.png
5463,Turkey,30,Male,63684,gs://imagen4-faces-imagen-demo-460715/5463.png
5464,Turkey,30,Male,90762,gs://imagen4-faces-imagen-demo-460715/5464.png
5465,Turkey,30,Male,75996,gs://imagen4-faces-imagen-demo-460715/5465.png
5466,Turkey,30,Male,73877,gs://imagen4-faces-imagen-demo-460715/5466.png
5467,Turkey,30,Female,18764,gs://imagen4-faces-imagen-demo-460715/5467.png
5468,Turkey,30,Female,56469,gs://imagen4-faces-imagen-demo-460715/5468.png
5469,Turkey,30,Female,31944,gs://imagen4-faces-imagen-demo-460715/5469.png
5470,Turkey,30,Female,95594,gs://imagen4-faces-imagen-demo-460715/5470.png
5471,Turkey,30,Female,33444,gs://imagen4-faces-imagen-demo-460715/5471.png
5472,Turkey,30,Female,94189,gs://imagen4-faces-imagen-demo-460715/5472.png
5473,Turkmenistan,20,Male,14791,gs://imagen4-faces-imagen-demo-460715/5473.png
5474,Turkmenistan,20,Male,59123,gs://imagen4-faces-imagen-demo-460715/5474.png
5475,Turkmenistan,20,Male,77042,gs://imagen4-faces-imagen-demo-460715/5475.png
5476,Turkmenistan,20,Male,59161,gs://imagen4-faces-imagen-demo-460715/5476.png
5477,Turkmenistan,20,Male,29370,gs://imagen4-faces-imagen-demo-460715/5477.png
5478,Turkmenistan,20,Male,56063,gs://imagen4-faces-imagen-demo-460715/5478.png
5479,Turkmenistan,20,Female,54296,gs://imagen4-faces-imagen-demo-460715/5479.png
5480,Turkmenistan,20,Female,96519,gs://imagen4-faces-imagen-demo-460715/5480.png
5481,Turkmenistan,20,Female,37633,gs://imagen4-faces-imagen-demo-460715/5481.png
5482,Turkmenistan,20,Female,19464,gs://imagen4-faces-imagen-demo-460715/5482.png
5483,Turkmenistan,20,Female,98505,gs://imagen4-faces-imagen-demo-460715/5483.png
5484,Turkmenistan,20,Female,33995,gs://imagen4-faces-imagen-demo-460715/5484.png
5485,Turkmenistan,30,Male,73563,gs://imagen4-faces-imagen-demo-460715/5485.png
5486,Turkmenistan,30,Male,88246,gs://imagen4-faces-imagen-demo-460715/5486.png
5487,Turkmenistan,30,Male,58777,gs://imagen4-faces-imagen-demo-460715/5487.png
5488,Turkmenistan,30,Male,86747,gs://imagen4-faces-imagen-demo-460715/5488.png
5489,Turkmenistan,30,Male,92521,gs://imagen4-faces-imagen-demo-460715/5489.png
5490,Turkmenistan,30,Male,38460,gs://imagen4-faces-imagen-demo-460715/5490.png
5491,Turkmenistan,30,Female,66859,gs://imagen4-faces-imagen-demo-460715/5491.png
5492,Turkmenistan,30,Female,36638,gs://imagen4-faces-imagen-demo-460715/5492.png
5493,Turkmenistan,30,Female,40994,gs://imagen4-faces-imagen-demo-460715/5493.png
5494,Turkmenistan,30,Female,99838,gs://imagen4-faces-imagen-demo-460715/5494.png
5495,Turkmenistan,30,Female,35696,gs://imagen4-faces-imagen-demo-460715/5495.png
5496,Turkmenistan,30,Female,82126,gs://imagen4-faces-imagen-demo-460715/5496.png
5497,Turks and Caicos Islands,20,Male,91095,gs://imagen4-faces-imagen-demo-460715/5497.png
5498,Turks and Caicos Islands,20,Male,74841,gs://imagen4-faces-imagen-demo-460715/5498.png
5499,Turks and Caicos Islands,20,Male,64521,gs://imagen4-faces-imagen-demo-460715/5499.png
5500,Turks and Caicos Islands,20,Male,37146,gs://imagen4-faces-imagen-demo-460715/5500.png
5501,Turks and Caicos Islands,20,Male,91348,gs://imagen4-faces-imagen-demo-460715/5501.png
5502,Turks and Caicos Islands,20,Male,21116,gs://imagen4-faces-imagen-demo-460715/5502.png
5503,Turks and Caicos Islands,20,Female,10454,gs://imagen4-faces-imagen-demo-460715/5503.png
5504,Turks and Caicos Islands,20,Female,37852,gs://imagen4-faces-imagen-demo-460715/5504.png
5505,Turks and Caicos Islands,20,Female,91815,gs://imagen4-faces-imagen-demo-460715/5505.png
5506,Turks and Caicos Islands,20,Female,52686,gs://imagen4-faces-imagen-demo-460715/5506.png
5507,Turks and Caicos Islands,20,Female,31190,gs://imagen4-faces-imagen-demo-460715/5507.png
5508,Turks and Caicos Islands,20,Female,79891,gs://imagen4-faces-imagen-demo-460715/5508.png
5509,Turks and Caicos Islands,30,Male,64200,gs://imagen4-faces-imagen-demo-460715/5509.png
5510,Turks and Caicos Islands,30,Male,89907,gs://imagen4-faces-imagen-demo-460715/5510.png
5511,Turks and Caicos Islands,30,Male,66353,gs://imagen4-faces-imagen-demo-460715/5511.png
5512,Turks and Caicos Islands,30,Male,19987,gs://imagen4-faces-imagen-demo-460715/5512.png
5513,Turks and Caicos Islands,30,Male,50867,gs://imagen4-faces-imagen-demo-460715/5513.png
5514,Turks and Caicos Islands,30,Male,71110,gs://imagen4-faces-imagen-demo-460715/5514.png
5515,Turks and Caicos Islands,30,Female,33537,gs://imagen4-faces-imagen-demo-460715/5515.png
5516,Turks and Caicos Islands,30,Female,80515,gs://imagen4-faces-imagen-demo-460715/5516.png
5517,Turks and Caicos Islands,30,Female,60697,gs://imagen4-faces-imagen-demo-460715/5517.png
5518,Turks and Caicos Islands,30,Female,65194,gs://imagen4-faces-imagen-demo-460715/5518.png
5519,Turks and Caicos Islands,30,Female,77909,gs://imagen4-faces-imagen-demo-460715/5519.png
5520,Turks and Caicos Islands,30,Female,55247,gs://imagen4-faces-imagen-demo-460715/5520.png
5521,Tuvalu,20,Male,44276,gs://imagen4-faces-imagen-demo-460715/5521.png
5522,Tuvalu,20,Male,11019,gs://imagen4-faces-imagen-demo-460715/5522.png
5523,Tuvalu,20,Male,66988,gs://imagen4-faces-imagen-demo-460715/5523.png
5524,Tuvalu,20,Male,73579,gs://imagen4-faces-imagen-demo-460715/5524.png
5525,Tuvalu,20,Male,60435,gs://imagen4-faces-imagen-demo-460715/5525.png
5526,Tuvalu,20,Male,78017,gs://imagen4-faces-imagen-demo-460715/5526.png
5527,Tuvalu,20,Female,96837,gs://imagen4-faces-imagen-demo-460715/5527.png
5528,Tuvalu,20,Female,96024,gs://imagen4-faces-imagen-demo-460715/5528.png
5529,Tuvalu,20,Female,81997,gs://imagen4-faces-imagen-demo-460715/5529.png
5530,Tuvalu,20,Female,95807,gs://imagen4-faces-imagen-demo-460715/5530.png
5531,Tuvalu,20,Female,25108,gs://imagen4-faces-imagen-demo-460715/5531.png
5532,Tuvalu,20,Female,71233,gs://imagen4-faces-imagen-demo-460715/5532.png
5533,Tuvalu,30,Male,16576,gs://imagen4-faces-imagen-demo-460715/5533.png
5534,Tuvalu,30,Male,96395,gs://imagen4-faces-imagen-demo-460715/5534.png
5535,Tuvalu,30,Male,95462,gs://imagen4-faces-imagen-demo-460715/5535.png
5536,Tuvalu,30,Male,10080,gs://imagen4-faces-imagen-demo-460715/5536.png
5537,Tuvalu,30,Male,62409,gs://imagen4-faces-imagen-demo-460715/5537.png
5538,Tuvalu,30,Male,46282,gs://imagen4-faces-imagen-demo-460715/5538.png
5539,Tuvalu,30,Female,48443,gs://imagen4-faces-imagen-demo-460715/5539.png
5540,Tuvalu,30,Female,37858,gs://imagen4-faces-imagen-demo-460715/5540.png
5541,Tuvalu,30,Female,79678,gs://imagen4-faces-imagen-demo-460715/5541.png
5542,Tuvalu,30,Female,19624,gs://imagen4-faces-imagen-demo-460715/5542.png
5543,Tuvalu,30,Female,40992,gs://imagen4-faces-imagen-demo-460715/5543.png
5544,Tuvalu,30,Female,89190,gs://imagen4-faces-imagen-demo-460715/5544.png
5545,Uganda,20,Male,25804,gs://imagen4-faces-imagen-demo-460715/5545.png
5546,Uganda,20,Male,25159,gs://imagen4-faces-imagen-demo-460715/5546.png
5547,Uganda,20,Male,98887,gs://imagen4-faces-imagen-demo-460715/5547.png
5548,Uganda,20,Male,75805,gs://imagen4-faces-imagen-demo-460715/5548.png
5549,Uganda,20,Male,19573,gs://imagen4-faces-imagen-demo-460715/5549.png
5550,Uganda,20,Male,53695,gs://imagen4-faces-imagen-demo-460715/5550.png
5551,Uganda,20,Female,44598,gs://imagen4-faces-imagen-demo-460715/5551.png
5552,Uganda,20,Female,92592,gs://imagen4-faces-imagen-demo-460715/5552.png
5553,Uganda,20,Female,89119,gs://imagen4-faces-imagen-demo-460715/5553.png
5554,Uganda,20,Female,31900,gs://imagen4-faces-imagen-demo-460715/5554.png
5555,Uganda,20,Female,56310,gs://imagen4-faces-imagen-demo-460715/5555.png
5556,Uganda,20,Female,68567,gs://imagen4-faces-imagen-demo-460715/5556.png
5557,Uganda,30,Male,86971,gs://imagen4-faces-imagen-demo-460715/5557.png
5558,Uganda,30,Male,53294,gs://imagen4-faces-imagen-demo-460715/5558.png
5559,Uganda,30,Male,71443,gs://imagen4-faces-imagen-demo-460715/5559.png
5560,Uganda,30,Male,81101,gs://imagen4-faces-imagen-demo-460715/5560.png
5561,Uganda,30,Male,71203,gs://imagen4-faces-imagen-demo-460715/5561.png
5562,Uganda,30,Male,23379,gs://imagen4-faces-imagen-demo-460715/5562.png
5563,Uganda,30,Female,26515,gs://imagen4-faces-imagen-demo-460715/5563.png
5564,Uganda,30,Female,11036,gs://imagen4-faces-imagen-demo-460715/5564.png
5565,Uganda,30,Female,45242,gs://imagen4-faces-imagen-demo-460715/5565.png
5566,Uganda,30,Female,95625,gs://imagen4-faces-imagen-demo-460715/5566.png
5567,Uganda,30,Female,68699,gs://imagen4-faces-imagen-demo-460715/5567.png
5568,Uganda,30,Female,91083,gs://imagen4-faces-imagen-demo-460715/5568.png
5569,Ukraine,20,Male,65305,gs://imagen4-faces-imagen-demo-460715/5569.png
5570,Ukraine,20,Male,62111,gs://imagen4-faces-imagen-demo-460715/5570.png
5571,Ukraine,20,Male,52297,gs://imagen4-faces-imagen-demo-460715/5571.png
5572,Ukraine,20,Male,51808,gs://imagen4-faces-imagen-demo-460715/5572.png
5573,Ukraine,20,Male,57491,gs://imagen4-faces-imagen-demo-460715/5573.png
5574,Ukraine,20,Male,82834,gs://imagen4-faces-imagen-demo-460715/5574.png
5575,Ukraine,20,Female,10666,gs://imagen4-faces-imagen-demo-460715/5575.png
5576,Ukraine,20,Female,20741,gs://imagen4-faces-imagen-demo-460715/5576.png
5577,Ukraine,20,Female,10207,gs://imagen4-faces-imagen-demo-460715/5577.png
5578,Ukraine,20,Female,97650,gs://imagen4-faces-imagen-demo-460715/5578.png
5579,Ukraine,20,Female,88767,gs://imagen4-faces-imagen-demo-460715/5579.png
5580,Ukraine,20,Female,99879,gs://imagen4-faces-imagen-demo-460715/5580.png
5581,Ukraine,30,Male,84495,gs://imagen4-faces-imagen-demo-460715/5581.png
5582,Ukraine,30,Male,81004,gs://imagen4-faces-imagen-demo-460715/5582.png
5583,Ukraine,30,Male,75328,gs://imagen4-faces-imagen-demo-460715/5583.png
5584,Ukraine,30,Male,14580,gs://imagen4-faces-imagen-demo-460715/5584.png
5585,Ukraine,30,Male,62738,gs://imagen4-faces-imagen-demo-460715/5585.png
5586,Ukraine,30,Male,25429,gs://imagen4-faces-imagen-demo-460715/5586.png
5587,Ukraine,30,Female,18806,gs://imagen4-faces-imagen-demo-460715/5587.png
5588,Ukraine,30,Female,66358,gs://imagen4-faces-imagen-demo-460715/5588.png
5589,Ukraine,30,Female,15230,gs://imagen4-faces-imagen-demo-460715/5589.png
5590,Ukraine,30,Female,37179,gs://imagen4-faces-imagen-demo-460715/5590.png
5591,Ukraine,30,Female,26781,gs://imagen4-faces-imagen-demo-460715/5591.png
5592,Ukraine,30,Female,81074,gs://imagen4-faces-imagen-demo-460715/5592.png
5593,United Arab Emirates,20,Male,71663,gs://imagen4-faces-imagen-demo-460715/5593.png
5594,United Arab Emirates,20,Male,26351,gs://imagen4-faces-imagen-demo-460715/5594.png
5595,United Arab Emirates,20,Male,54183,gs://imagen4-faces-imagen-demo-460715/5595.png
5596,United Arab Emirates,20,Male,91104,gs://imagen4-faces-imagen-demo-460715/5596.png
5597,United Arab Emirates,20,Male,81141,gs://imagen4-faces-imagen-demo-460715/5597.png
5598,United Arab Emirates,20,Male,57126,gs://imagen4-faces-imagen-demo-460715/5598.png
5599,United Arab Emirates,20,Female,98381,gs://imagen4-faces-imagen-demo-460715/5599.png
5600,United Arab Emirates,20,Female,24675,gs://imagen4-faces-imagen-demo-460715/5600.png
5601,United Arab Emirates,20,Female,15542,gs://imagen4-faces-imagen-demo-460715/5601.png
5602,United Arab Emirates,20,Female,99953,gs://imagen4-faces-imagen-demo-460715/5602.png
5603,United Arab Emirates,20,Female,58105,gs://imagen4-faces-imagen-demo-460715/5603.png
5604,United Arab Emirates,20,Female,83252,gs://imagen4-faces-imagen-demo-460715/5604.png
5605,United Arab Emirates,30,Male,75234,gs://imagen4-faces-imagen-demo-460715/5605.png
5606,United Arab Emirates,30,Male,20160,gs://imagen4-faces-imagen-demo-460715/5606.png
5607,United Arab Emirates,30,Male,24540,gs://imagen4-faces-imagen-demo-460715/5607.png
5608,United Arab Emirates,30,Male,49441,gs://imagen4-faces-imagen-demo-460715/5608.png
5609,United Arab Emirates,30,Male,78954,gs://imagen4-faces-imagen-demo-460715/5609.png
5610,United Arab Emirates,30,Male,47509,gs://imagen4-faces-imagen-demo-460715/5610.png
5611,United Arab Emirates,30,Female,87978,gs://imagen4-faces-imagen-demo-460715/5611.png
5612,United Arab Emirates,30,Female,98092,gs://imagen4-faces-imagen-demo-460715/5612.png
5613,United Arab Emirates,30,Female,53337,gs://imagen4-faces-imagen-demo-460715/5613.png
5614,United Arab Emirates,30,Female,90831,gs://imagen4-faces-imagen-demo-460715/5614.png
5615,United Arab Emirates,30,Female,56471,gs://imagen4-faces-imagen-demo-460715/5615.png
5616,United Arab Emirates,30,Female,88683,gs://imagen4-faces-imagen-demo-460715/5616.png
5617,United Kingdom of Great Britain and Northern Ireland,20,Male,11026,gs://imagen4-faces-imagen-demo-460715/5617.png
5618,United Kingdom of Great Britain and Northern Ireland,20,Male,10435,gs://imagen4-faces-imagen-demo-460715/5618.png
5619,United Kingdom of Great Britain and Northern Ireland,20,Male,24308,gs://imagen4-faces-imagen-demo-460715/5619.png
5620,United Kingdom of Great Britain and Northern Ireland,20,Male,53714,gs://imagen4-faces-imagen-demo-460715/5620.png
5621,United Kingdom of Great Britain and Northern Ireland,20,Male,95706,gs://imagen4-faces-imagen-demo-460715/5621.png
5622,United Kingdom of Great Britain and Northern Ireland,20,Male,20962,gs://imagen4-faces-imagen-demo-460715/5622.png
5623,United Kingdom of Great Britain and Northern Ireland,20,Female,44702,gs://imagen4-faces-imagen-demo-460715/5623.png
5624,United Kingdom of Great Britain and Northern Ireland,20,Female,75596,gs://imagen4-faces-imagen-demo-460715/5624.png
5625,United Kingdom of Great Britain and Northern Ireland,20,Female,60188,gs://imagen4-faces-imagen-demo-460715/5625.png
5626,United Kingdom of Great Britain and Northern Ireland,20,Female,89838,gs://imagen4-faces-imagen-demo-460715/5626.png
5627,United Kingdom of Great Britain and Northern Ireland,20,Female,47742,gs://imagen4-faces-imagen-demo-460715/5627.png
5628,United Kingdom of Great Britain and Northern Ireland,20,Female,95530,gs://imagen4-faces-imagen-demo-460715/5628.png
5629,United Kingdom of Great Britain and Northern Ireland,30,Male,19047,gs://imagen4-faces-imagen-demo-460715/5629.png
5630,United Kingdom of Great Britain and Northern Ireland,30,Male,56457,gs://imagen4-faces-imagen-demo-460715/5630.png
5631,United Kingdom of Great Britain and Northern Ireland,30,Male,40007,gs://imagen4-faces-imagen-demo-460715/5631.png
5632,United Kingdom of Great Britain and Northern Ireland,30,Male,27281,gs://imagen4-faces-imagen-demo-460715/5632.png
5633,United Kingdom of Great Britain and Northern Ireland,30,Male,85245,gs://imagen4-faces-imagen-demo-460715/5633.png
5634,United Kingdom of Great Britain and Northern Ireland,30,Male,61696,gs://imagen4-faces-imagen-demo-460715/5634.png
5635,United Kingdom of Great Britain and Northern Ireland,30,Female,76602,gs://imagen4-faces-imagen-demo-460715/5635.png
5636,United Kingdom of Great Britain and Northern Ireland,30,Female,27925,gs://imagen4-faces-imagen-demo-460715/5636.png
5637,United Kingdom of Great Britain and Northern Ireland,30,Female,26934,gs://imagen4-faces-imagen-demo-460715/5637.png
5638,United Kingdom of Great Britain and Northern Ireland,30,Female,20747,gs://imagen4-faces-imagen-demo-460715/5638.png
5639,United Kingdom of Great Britain and Northern Ireland,30,Female,86360,gs://imagen4-faces-imagen-demo-460715/5639.png
5640,United Kingdom of Great Britain and Northern Ireland,30,Female,16496,gs://imagen4-faces-imagen-demo-460715/5640.png
5641,United States of America,20,Male,61492,gs://imagen4-faces-imagen-demo-460715/5641.png
5642,United States of America,20,Male,63888,gs://imagen4-faces-imagen-demo-460715/5642.png
5643,United States of America,20,Male,85206,gs://imagen4-faces-imagen-demo-460715/5643.png
5644,United States of America,20,Male,11062,gs://imagen4-faces-imagen-demo-460715/5644.png
5645,United States of America,20,Male,91075,gs://imagen4-faces-imagen-demo-460715/5645.png
5646,United States of America,20,Male,36086,gs://imagen4-faces-imagen-demo-460715/5646.png
5647,United States of America,20,Female,10558,gs://imagen4-faces-imagen-demo-460715/5647.png
5648,United States of America,20,Female,45234,gs://imagen4-faces-imagen-demo-460715/5648.png
5649,United States of America,20,Female,77995,gs://imagen4-faces-imagen-demo-460715/5649.png
5650,United States of America,20,Female,16878,gs://imagen4-faces-imagen-demo-460715/5650.png
5651,United States of America,20,Female,13002,gs://imagen4-faces-imagen-demo-460715/5651.png
5652,United States of America,20,Female,29036,gs://imagen4-faces-imagen-demo-460715/5652.png
5653,United States of America,30,Male,76750,gs://imagen4-faces-imagen-demo-460715/5653.png
5654,United States of America,30,Male,66034,gs://imagen4-faces-imagen-demo-460715/5654.png
5655,United States of America,30,Male,19659,gs://imagen4-faces-imagen-demo-460715/5655.png
5656,United States of America,30,Male,95605,gs://imagen4-faces-imagen-demo-460715/5656.png
5657,United States of America,30,Male,89383,gs://imagen4-faces-imagen-demo-460715/5657.png
5658,United States of America,30,Male,81108,gs://imagen4-faces-imagen-demo-460715/5658.png
5659,United States of America,30,Female,38631,gs://imagen4-faces-imagen-demo-460715/5659.png
5660,United States of America,30,Female,97281,gs://imagen4-faces-imagen-demo-460715/5660.png
5661,United States of America,30,Female,13442,gs://imagen4-faces-imagen-demo-460715/5661.png
5662,United States of America,30,Female,60081,gs://imagen4-faces-imagen-demo-460715/5662.png
5663,United States of America,30,Female,30518,gs://imagen4-faces-imagen-demo-460715/5663.png
5664,United States of America,30,Female,11078,gs://imagen4-faces-imagen-demo-460715/5664.png
5665,United States Minor Outlying Islands,20,Male,22447,gs://imagen4-faces-imagen-demo-460715/5665.png
5666,United States Minor Outlying Islands,20,Male,28133,gs://imagen4-faces-imagen-demo-460715/5666.png
5667,United States Minor Outlying Islands,20,Male,55113,gs://imagen4-faces-imagen-demo-460715/5667.png
5668,United States Minor Outlying Islands,20,Male,62903,gs://imagen4-faces-imagen-demo-460715/5668.png
5669,United States Minor Outlying Islands,20,Male,35912,gs://imagen4-faces-imagen-demo-460715/5669.png
5670,United States Minor Outlying Islands,20,Male,23449,gs://imagen4-faces-imagen-demo-460715/5670.png
5671,United States Minor Outlying Islands,20,Female,55866,gs://imagen4-faces-imagen-demo-460715/5671.png
5672,United States Minor Outlying Islands,20,Female,45052,gs://imagen4-faces-imagen-demo-460715/5672.png
5673,United States Minor Outlying Islands,20,Female,51908,gs://imagen4-faces-imagen-demo-460715/5673.png
5674,United States Minor Outlying Islands,20,Female,72520,gs://imagen4-faces-imagen-demo-460715/5674.png
5675,United States Minor Outlying Islands,20,Female,55806,gs://imagen4-faces-imagen-demo-460715/5675.png
5676,United States Minor Outlying Islands,20,Female,37366,gs://imagen4-faces-imagen-demo-460715/5676.png
5677,United States Minor Outlying Islands,30,Male,74428,gs://imagen4-faces-imagen-demo-460715/5677.png
5678,United States Minor Outlying Islands,30,Male,24932,gs://imagen4-faces-imagen-demo-460715/5678.png
5679,United States Minor Outlying Islands,30,Male,15747,gs://imagen4-faces-imagen-demo-460715/5679.png
5680,United States Minor Outlying Islands,30,Male,25648,gs://imagen4-faces-imagen-demo-460715/5680.png
5681,United States Minor Outlying Islands,30,Male,77950,gs://imagen4-faces-imagen-demo-460715/5681.png
5682,United States Minor Outlying Islands,30,Male,15837,gs://imagen4-faces-imagen-demo-460715/5682.png
5683,United States Minor Outlying Islands,30,Female,62031,gs://imagen4-faces-imagen-demo-460715/5683.png
5684,United States Minor Outlying Islands,30,Female,94023,gs://imagen4-faces-imagen-demo-460715/5684.png
5685,United States Minor Outlying Islands,30,Female,60279,gs://imagen4-faces-imagen-demo-460715/5685.png
5686,United States Minor Outlying Islands,30,Female,77255,gs://imagen4-faces-imagen-demo-460715/5686.png
5687,United States Minor Outlying Islands,30,Female,60453,gs://imagen4-faces-imagen-demo-460715/5687.png
5688,United States Minor Outlying Islands,30,Female,69392,gs://imagen4-faces-imagen-demo-460715/5688.png
5689,Uruguay,20,Male,34450,gs://imagen4-faces-imagen-demo-460715/5689.png
5690,Uruguay,20,Male,10264,gs://imagen4-faces-imagen-demo-460715/5690.png
5691,Uruguay,20,Male,76042,gs://imagen4-faces-imagen-demo-460715/5691.png
5692,Uruguay,20,Male,11679,gs://imagen4-faces-imagen-demo-460715/5692.png
5693,Uruguay,20,Male,83238,gs://imagen4-faces-imagen-demo-460715/5693.png
5694,Uruguay,20,Male,68194,gs://imagen4-faces-imagen-demo-460715/5694.png
5695,Uruguay,20,Female,55333,gs://imagen4-faces-imagen-demo-460715/5695.png
5696,Uruguay,20,Female,92637,gs://imagen4-faces-imagen-demo-460715/5696.png
5697,Uruguay,20,Female,55045,gs://imagen4-faces-imagen-demo-460715/5697.png
5698,Uruguay,20,Female,47763,gs://imagen4-faces-imagen-demo-460715/5698.png
5699,Uruguay,20,Female,98346,gs://imagen4-faces-imagen-demo-460715/5699.png
5700,Uruguay,20,Female,50957,gs://imagen4-faces-imagen-demo-460715/5700.png
5701,Uruguay,30,Male,21597,gs://imagen4-faces-imagen-demo-460715/5701.png
5702,Uruguay,30,Male,33478,gs://imagen4-faces-imagen-demo-460715/5702.png
5703,Uruguay,30,Male,84570,gs://imagen4-faces-imagen-demo-460715/5703.png
5704,Uruguay,30,Male,79076,gs://imagen4-faces-imagen-demo-460715/5704.png
5705,Uruguay,30,Male,79266,gs://imagen4-faces-imagen-demo-460715/5705.png
5706,Uruguay,30,Male,29263,gs://imagen4-faces-imagen-demo-460715/5706.png
5707,Uruguay,30,Female,59235,gs://imagen4-faces-imagen-demo-460715/5707.png
5708,Uruguay,30,Female,26785,gs://imagen4-faces-imagen-demo-460715/5708.png
5709,Uruguay,30,Female,87536,gs://imagen4-faces-imagen-demo-460715/5709.png
5710,Uruguay,30,Female,95925,gs://imagen4-faces-imagen-demo-460715/5710.png
5711,Uruguay,30,Female,57335,gs://imagen4-faces-imagen-demo-460715/5711.png
5712,Uruguay,30,Female,79077,gs://imagen4-faces-imagen-demo-460715/5712.png
5713,Uzbekistan,20,Male,64350,gs://imagen4-faces-imagen-demo-460715/5713.png
5714,Uzbekistan,20,Male,61085,gs://imagen4-faces-imagen-demo-460715/5714.png
5715,Uzbekistan,20,Male,98154,gs://imagen4-faces-imagen-demo-460715/5715.png
5716,Uzbekistan,20,Male,57121,gs://imagen4-faces-imagen-demo-460715/5716.png
5717,Uzbekistan,20,Male,16973,gs://imagen4-faces-imagen-demo-460715/5717.png
5718,Uzbekistan,20,Male,93963,gs://imagen4-faces-imagen-demo-460715/5718.png
5719,Uzbekistan,20,Female,91132,gs://imagen4-faces-imagen-demo-460715/5719.png
5720,Uzbekistan,20,Female,38520,gs://imagen4-faces-imagen-demo-460715/5720.png
5721,Uzbekistan,20,Female,65506,gs://imagen4-faces-imagen-demo-460715/5721.png
5722,Uzbekistan,20,Female,28868,gs://imagen4-faces-imagen-demo-460715/5722.png
5723,Uzbekistan,20,Female,76902,gs://imagen4-faces-imagen-demo-460715/5723.png
5724,Uzbekistan,20,Female,53891,gs://imagen4-faces-imagen-demo-460715/5724.png
5725,Uzbekistan,30,Male,74149,gs://imagen4-faces-imagen-demo-460715/5725.png
5726,Uzbekistan,30,Male,78294,gs://imagen4-faces-imagen-demo-460715/5726.png
5727,Uzbekistan,30,Male,79617,gs://imagen4-faces-imagen-demo-460715/5727.png
5728,Uzbekistan,30,Male,29876,gs://imagen4-faces-imagen-demo-460715/5728.png
5729,Uzbekistan,30,Male,81670,gs://imagen4-faces-imagen-demo-460715/5729.png
5730,Uzbekistan,30,Male,59006,gs://imagen4-faces-imagen-demo-460715/5730.png
5731,Uzbekistan,30,Female,16033,gs://imagen4-faces-imagen-demo-460715/5731.png
5732,Uzbekistan,30,Female,72598,gs://imagen4-faces-imagen-demo-460715/5732.png
5733,Uzbekistan,30,Female,35717,gs://imagen4-faces-imagen-demo-460715/5733.png
5734,Uzbekistan,30,Female,36960,gs://imagen4-faces-imagen-demo-460715/5734.png
5735,Uzbekistan,30,Female,50856,gs://imagen4-faces-imagen-demo-460715/5735.png
5736,Uzbekistan,30,Female,44351,gs://imagen4-faces-imagen-demo-460715/5736.png
5737,Vanuatu,20,Male,37086,gs://imagen4-faces-imagen-demo-460715/5737.png
5738,Vanuatu,20,Male,20316,gs://imagen4-faces-imagen-demo-460715/5738.png
5739,Vanuatu,20,Male,84518,gs://imagen4-faces-imagen-demo-460715/5739.png
5740,Vanuatu,20,Male,87223,gs://imagen4-faces-imagen-demo-460715/5740.png
5741,Vanuatu,20,Male,20670,gs://imagen4-faces-imagen-demo-460715/5741.png
5742,Vanuatu,20,Male,94238,gs://imagen4-faces-imagen-demo-460715/5742.png
5743,Vanuatu,20,Female,86651,gs://imagen4-faces-imagen-demo-460715/5743.png
5744,Vanuatu,20,Female,85892,gs://imagen4-faces-imagen-demo-460715/5744.png
5745,Vanuatu,20,Female,65043,gs://imagen4-faces-imagen-demo-460715/5745.png
5746,Vanuatu,20,Female,31873,gs://imagen4-faces-imagen-demo-460715/5746.png
5747,Vanuatu,20,Female,64750,gs://imagen4-faces-imagen-demo-460715/5747.png
5748,Vanuatu,20,Female,63418,gs://imagen4-faces-imagen-demo-460715/5748.png
5749,Vanuatu,30,Male,19192,gs://imagen4-faces-imagen-demo-460715/5749.png
5750,Vanuatu,30,Male,43178,gs://imagen4-faces-imagen-demo-460715/5750.png
5751,Vanuatu,30,Male,60597,gs://imagen4-faces-imagen-demo-460715/5751.png
5752,Vanuatu,30,Male,76818,gs://imagen4-faces-imagen-demo-460715/5752.png
5753,Vanuatu,30,Male,73651,gs://imagen4-faces-imagen-demo-460715/5753.png
5754,Vanuatu,30,Male,14890,gs://imagen4-faces-imagen-demo-460715/5754.png
5755,Vanuatu,30,Female,10237,gs://imagen4-faces-imagen-demo-460715/5755.png
5756,Vanuatu,30,Female,44196,gs://imagen4-faces-imagen-demo-460715/5756.png
5757,Vanuatu,30,Female,51740,gs://imagen4-faces-imagen-demo-460715/5757.png
5758,Vanuatu,30,Female,81058,gs://imagen4-faces-imagen-demo-460715/5758.png
5759,Vanuatu,30,Female,15754,gs://imagen4-faces-imagen-demo-460715/5759.png
5760,Vanuatu,30,Female,87481,gs://imagen4-faces-imagen-demo-460715/5760.png
5761,Venezuela (Bolivarian Republic of),20,Male,90011,gs://imagen4-faces-imagen-demo-460715/5761.png
5762,Venezuela (Bolivarian Republic of),20,Male,68055,gs://imagen4-faces-imagen-demo-460715/5762.png
5763,Venezuela (Bolivarian Republic of),20,Male,33647,gs://imagen4-faces-imagen-demo-460715/5763.png
5764,Venezuela (Bolivarian Republic of),20,Male,11576,gs://imagen4-faces-imagen-demo-460715/5764.png
5765,Venezuela (Bolivarian Republic of),20,Male,21652,gs://imagen4-faces-imagen-demo-460715/5765.png
5766,Venezuela (Bolivarian Republic of),20,Male,81119,gs://imagen4-faces-imagen-demo-460715/5766.png
5767,Venezuela (Bolivarian Republic of),20,Female,94298,gs://imagen4-faces-imagen-demo-460715/5767.png
5768,Venezuela (Bolivarian Republic of),20,Female,67691,gs://imagen4-faces-imagen-demo-460715/5768.png
5769,Venezuela (Bolivarian Republic of),20,Female,99263,gs://imagen4-faces-imagen-demo-460715/5769.png
5770,Venezuela (Bolivarian Republic of),20,Female,37008,gs://imagen4-faces-imagen-demo-460715/5770.png
5771,Venezuela (Bolivarian Republic of),20,Female,72190,gs://imagen4-faces-imagen-demo-460715/5771.png
5772,Venezuela (Bolivarian Republic of),20,Female,17186,gs://imagen4-faces-imagen-demo-460715/5772.png
5773,Venezuela (Bolivarian Republic of),30,Male,59283,gs://imagen4-faces-imagen-demo-460715/5773.png
5774,Venezuela (Bolivarian Republic of),30,Male,74301,gs://imagen4-faces-imagen-demo-460715/5774.png
5775,Venezuela (Bolivarian Republic of),30,Male,15422,gs://imagen4-faces-imagen-demo-460715/5775.png
5776,Venezuela (Bolivarian Republic of),30,Male,52526,gs://imagen4-faces-imagen-demo-460715/5776.png
5777,Venezuela (Bolivarian Republic of),30,Male,29545,gs://imagen4-faces-imagen-demo-460715/5777.png
5778,Venezuela (Bolivarian Republic of),30,Male,96749,gs://imagen4-faces-imagen-demo-460715/5778.png
5779,Venezuela (Bolivarian Republic of),30,Female,17486,gs://imagen4-faces-imagen-demo-460715/5779.png
5780,Venezuela (Bolivarian Republic of),30,Female,56091,gs://imagen4-faces-imagen-demo-460715/5780.png
5781,Venezuela (Bolivarian Republic of),30,Female,38629,gs://imagen4-faces-imagen-demo-460715/5781.png
5782,Venezuela (Bolivarian Republic of),30,Female,46108,gs://imagen4-faces-imagen-demo-460715/5782.png
5783,Venezuela (Bolivarian Republic of),30,Female,20032,gs://imagen4-faces-imagen-demo-460715/5783.png
5784,Venezuela (Bolivarian Republic of),30,Female,92333,gs://imagen4-faces-imagen-demo-460715/5784.png
5785,Viet Nam,20,Male,73614,gs://imagen4-faces-imagen-demo-460715/5785.png
5786,Viet Nam,20,Male,93671,gs://imagen4-faces-imagen-demo-460715/5786.png
5787,Viet Nam,20,Male,93093,gs://imagen4-faces-imagen-demo-460715/5787.png
5788,Viet Nam,20,Male,58031,gs://imagen4-faces-imagen-demo-460715/5788.png
5789,Viet Nam,20,Male,98871,gs://imagen4-faces-imagen-demo-460715/5789.png
5790,Viet Nam,20,Male,62348,gs://imagen4-faces-imagen-demo-460715/5790.png
5791,Viet Nam,20,Female,78396,gs://imagen4-faces-imagen-demo-460715/5791.png
5792,Viet Nam,20,Female,72590,gs://imagen4-faces-imagen-demo-460715/5792.png
5793,Viet Nam,20,Female,83735,gs://imagen4-faces-imagen-demo-460715/5793.png
5794,Viet Nam,20,Female,96625,gs://imagen4-faces-imagen-demo-460715/5794.png
5795,Viet Nam,20,Female,34942,gs://imagen4-faces-imagen-demo-460715/5795.png
5796,Viet Nam,20,Female,57584,gs://imagen4-faces-imagen-demo-460715/5796.png
5797,Viet Nam,30,Male,45072,gs://imagen4-faces-imagen-demo-460715/5797.png
5798,Viet Nam,30,Male,81087,gs://imagen4-faces-imagen-demo-460715/5798.png
5799,Viet Nam,30,Male,24708,gs://imagen4-faces-imagen-demo-460715/5799.png
5800,Viet Nam,30,Male,84528,gs://imagen4-faces-imagen-demo-460715/5800.png
5801,Viet Nam,30,Male,29577,gs://imagen4-faces-imagen-demo-460715/5801.png
5802,Viet Nam,30,Male,51835,gs://imagen4-faces-imagen-demo-460715/5802.png
5803,Viet Nam,30,Female,90247,gs://imagen4-faces-imagen-demo-460715/5803.png
5804,Viet Nam,30,Female,12598,gs://imagen4-faces-imagen-demo-460715/5804.png
5805,Viet Nam,30,Female,66045,gs://imagen4-faces-imagen-demo-460715/5805.png
5806,Viet Nam,30,Female,18964,gs://imagen4-faces-imagen-demo-460715/5806.png
5807,Viet Nam,30,Female,42386,gs://imagen4-faces-imagen-demo-460715/5807.png
5808,Viet Nam,30,Female,53828,gs://imagen4-faces-imagen-demo-460715/5808.png
5809,Virgin Islands (British),20,Male,12701,gs://imagen4-faces-imagen-demo-460715/5809.png
5810,Virgin Islands (British),20,Male,95384,gs://imagen4-faces-imagen-demo-460715/5810.png
5811,Virgin Islands (British),20,Male,78761,gs://imagen4-faces-imagen-demo-460715/5811.png
5812,Virgin Islands (British),20,Male,56092,gs://imagen4-faces-imagen-demo-460715/5812.png
5813,Virgin Islands (British),20,Male,54577,gs://imagen4-faces-imagen-demo-460715/5813.png
5814,Virgin Islands (British),20,Male,57689,gs://imagen4-faces-imagen-demo-460715/5814.png
5815,Virgin Islands (British),20,Female,94033,gs://imagen4-faces-imagen-demo-460715/5815.png
5816,Virgin Islands (British),20,Female,99374,gs://imagen4-faces-imagen-demo-460715/5816.png
5817,Virgin Islands (British),20,Female,79267,gs://imagen4-faces-imagen-demo-460715/5817.png
5818,Virgin Islands (British),20,Female,44103,gs://imagen4-faces-imagen-demo-460715/5818.png
5819,Virgin Islands (British),20,Female,67672,gs://imagen4-faces-imagen-demo-460715/5819.png
5820,Virgin Islands (British),20,Female,97805,gs://imagen4-faces-imagen-demo-460715/5820.png
5821,Virgin Islands (British),30,Male,41970,gs://imagen4-faces-imagen-demo-460715/5821.png
5822,Virgin Islands (British),30,Male,45865,gs://imagen4-faces-imagen-demo-460715/5822.png
5823,Virgin Islands (British),30,Male,59544,gs://imagen4-faces-imagen-demo-460715/5823.png
5824,Virgin Islands (British),30,Male,62890,gs://imagen4-faces-imagen-demo-460715/5824.png
5825,Virgin Islands (British),30,Male,76825,gs://imagen4-faces-imagen-demo-460715/5825.png
5826,Virgin Islands (British),30,Male,53810,gs://imagen4-faces-imagen-demo-460715/5826.png
5827,Virgin Islands (British),30,Female,91393,gs://imagen4-faces-imagen-demo-460715/5827.png
5828,Virgin Islands (British),30,Female,84753,gs://imagen4-faces-imagen-demo-460715/5828.png
5829,Virgin Islands (British),30,Female,15182,gs://imagen4-faces-imagen-demo-460715/5829.png
5830,Virgin Islands (British),30,Female,55303,gs://imagen4-faces-imagen-demo-460715/5830.png
5831,Virgin Islands (British),30,Female,84727,gs://imagen4-faces-imagen-demo-460715/5831.png
5832,Virgin Islands (British),30,Female,48237,gs://imagen4-faces-imagen-demo-460715/5832.png
5833,Virgin Islands (U.S.),20,Male,27983,gs://imagen4-faces-imagen-demo-460715/5833.png
5834,Virgin Islands (U.S.),20,Male,92847,gs://imagen4-faces-imagen-demo-460715/5834.png
5835,Virgin Islands (U.S.),20,Male,85390,gs://imagen4-faces-imagen-demo-460715/5835.png
5836,Virgin Islands (U.S.),20,Male,24821,gs://imagen4-faces-imagen-demo-460715/5836.png
5837,Virgin Islands (U.S.),20,Male,25096,gs://imagen4-faces-imagen-demo-460715/5837.png
5838,Virgin Islands (U.S.),20,Male,38939,gs://imagen4-faces-imagen-demo-460715/5838.png
5839,Virgin Islands (U.S.),20,Female,69389,gs://imagen4-faces-imagen-demo-460715/5839.png
5840,Virgin Islands (U.S.),20,Female,82391,gs://imagen4-faces-imagen-demo-460715/5840.png
5841,Virgin Islands (U.S.),20,Female,82888,gs://imagen4-faces-imagen-demo-460715/5841.png
5842,Virgin Islands (U.S.),20,Female,58472,gs://imagen4-faces-imagen-demo-460715/5842.png
5843,Virgin Islands (U.S.),20,Female,95046,gs://imagen4-faces-imagen-demo-460715/5843.png
5844,Virgin Islands (U.S.),20,Female,69302,gs://imagen4-faces-imagen-demo-460715/5844.png
5845,Virgin Islands (U.S.),30,Male,37597,gs://imagen4-faces-imagen-demo-460715/5845.png
5846,Virgin Islands (U.S.),30,Male,85546,gs://imagen4-faces-imagen-demo-460715/5846.png
5847,Virgin Islands (U.S.),30,Male,16446,gs://imagen4-faces-imagen-demo-460715/5847.png
5848,Virgin Islands (U.S.),30,Male,46228,gs://imagen4-faces-imagen-demo-460715/5848.png
5849,Virgin Islands (U.S.),30,Male,68480,gs://imagen4-faces-imagen-demo-460715/5849.png
5850,Virgin Islands (U.S.),30,Male,72715,gs://imagen4-faces-imagen-demo-460715/5850.png
5851,Virgin Islands (U.S.),30,Female,81727,gs://imagen4-faces-imagen-demo-460715/5851.png
5852,Virgin Islands (U.S.),30,Female,66489,gs://imagen4-faces-imagen-demo-460715/5852.png
5853,Virgin Islands (U.S.),30,Female,81731,gs://imagen4-faces-imagen-demo-460715/5853.png
5854,Virgin Islands (U.S.),30,Female,89879,gs://imagen4-faces-imagen-demo-460715/5854.png
5855,Virgin Islands (U.S.),30,Female,19504,gs://imagen4-faces-imagen-demo-460715/5855.png
5856,Virgin Islands (U.S.),30,Female,44082,gs://imagen4-faces-imagen-demo-460715/5856.png
5857,Wallis and Futuna,20,Male,82373,gs://imagen4-faces-imagen-demo-460715/5857.png
5858,Wallis and Futuna,20,Male,96734,gs://imagen4-faces-imagen-demo-460715/5858.png
5859,Wallis and Futuna,20,Male,80833,gs://imagen4-faces-imagen-demo-460715/5859.png
5860,Wallis and Futuna,20,Male,53144,gs://imagen4-faces-imagen-demo-460715/5860.png
5861,Wallis and Futuna,20,Male,64909,gs://imagen4-faces-imagen-demo-460715/5861.png
5862,Wallis and Futuna,20,Male,33470,gs://imagen4-faces-imagen-demo-460715/5862.png
5863,Wallis and Futuna,20,Female,19809,gs://imagen4-faces-imagen-demo-460715/5863.png
5864,Wallis and Futuna,20,Female,59380,gs://imagen4-faces-imagen-demo-460715/5864.png
5865,Wallis and Futuna,20,Female,39231,gs://imagen4-faces-imagen-demo-460715/5865.png
5866,Wallis and Futuna,20,Female,33157,gs://imagen4-faces-imagen-demo-460715/5866.png
5867,Wallis and Futuna,20,Female,34346,gs://imagen4-faces-imagen-demo-460715/5867.png
5868,Wallis and Futuna,20,Female,37223,gs://imagen4-faces-imagen-demo-460715/5868.png
5869,Wallis and Futuna,30,Male,25291,gs://imagen4-faces-imagen-demo-460715/5869.png
5870,Wallis and Futuna,30,Male,48187,gs://imagen4-faces-imagen-demo-460715/5870.png
5871,Wallis and Futuna,30,Male,83824,gs://imagen4-faces-imagen-demo-460715/5871.png
5872,Wallis and Futuna,30,Male,79375,gs://imagen4-faces-imagen-demo-460715/5872.png
5873,Wallis and Futuna,30,Male,97778,gs://imagen4-faces-imagen-demo-460715/5873.png
5874,Wallis and Futuna,30,Male,79108,gs://imagen4-faces-imagen-demo-460715/5874.png
5875,Wallis and Futuna,30,Female,96237,gs://imagen4-faces-imagen-demo-460715/5875.png
5876,Wallis and Futuna,30,Female,21565,gs://imagen4-faces-imagen-demo-460715/5876.png
5877,Wallis and Futuna,30,Female,50086,gs://imagen4-faces-imagen-demo-460715/5877.png
5878,Wallis and Futuna,30,Female,46295,gs://imagen4-faces-imagen-demo-460715/5878.png
5879,Wallis and Futuna,30,Female,63940,gs://imagen4-faces-imagen-demo-460715/5879.png
5880,Wallis and Futuna,30,Female,11937,gs://imagen4-faces-imagen-demo-460715/5880.png
5881,Western Sahara,20,Male,54569,gs://imagen4-faces-imagen-demo-460715/5881.png
5882,Western Sahara,20,Male,79969,gs://imagen4-faces-imagen-demo-460715/5882.png
5883,Western Sahara,20,Male,57404,gs://imagen4-faces-imagen-demo-460715/5883.png
5884,Western Sahara,20,Male,83824,gs://imagen4-faces-imagen-demo-460715/5884.png
5885,Western Sahara,20,Male,56095,gs://imagen4-faces-imagen-demo-460715/5885.png
5886,Western Sahara,20,Male,95506,gs://imagen4-faces-imagen-demo-460715/5886.png
5887,Western Sahara,20,Female,57090,gs://imagen4-faces-imagen-demo-460715/5887.png
5888,Western Sahara,20,Female,16727,gs://imagen4-faces-imagen-demo-460715/5888.png
5889,Western Sahara,20,Female,73484,gs://imagen4-faces-imagen-demo-460715/5889.png
5890,Western Sahara,20,Female,16234,gs://imagen4-faces-imagen-demo-460715/5890.png
5891,Western Sahara,20,Female,12902,gs://imagen4-faces-imagen-demo-460715/5891.png
5892,Western Sahara,20,Female,15744,gs://imagen4-faces-imagen-demo-460715/5892.png
5893,Western Sahara,30,Male,92491,gs://imagen4-faces-imagen-demo-460715/5893.png
5894,Western Sahara,30,Male,50087,gs://imagen4-faces-imagen-demo-460715/5894.png
5895,Western Sahara,30,Male,13983,gs://imagen4-faces-imagen-demo-460715/5895.png
5896,Western Sahara,30,Male,18166,gs://imagen4-faces-imagen-demo-460715/5896.png
5897,Western Sahara,30,Male,82274,gs://imagen4-faces-imagen-demo-460715/5897.png
5898,Western Sahara,30,Male,68803,gs://imagen4-faces-imagen-demo-460715/5898.png
5899,Western Sahara,30,Female,82697,gs://imagen4-faces-imagen-demo-460715/5899.png
5900,Western Sahara,30,Female,43129,gs://imagen4-faces-imagen-demo-460715/5900.png
5901,Western Sahara,30,Female,99922,gs://imagen4-faces-imagen-demo-460715/5901.png
5902,Western Sahara,30,Female,83935,gs://imagen4-faces-imagen-demo-460715/5902.png
5903,Western Sahara,30,Female,77308,gs://imagen4-faces-imagen-demo-460715/5903.png
5904,Western Sahara,30,Female,45622,gs://imagen4-faces-imagen-demo-460715/5904.png
5905,Yemen,20,Male,14249,gs://imagen4-faces-imagen-demo-460715/5905.png
5906,Yemen,20,Male,85210,gs://imagen4-faces-imagen-demo-460715/5906.png
5907,Yemen,20,Male,26784,gs://imagen4-faces-imagen-demo-460715/5907.png
5908,Yemen,20,Male,53998,gs://imagen4-faces-imagen-demo-460715/5908.png
5909,Yemen,20,Male,43945,gs://imagen4-faces-imagen-demo-460715/5909.png
5910,Yemen,20,Male,57185,gs://imagen4-faces-imagen-demo-460715/5910.png
5911,Yemen,20,Female,68433,gs://imagen4-faces-imagen-demo-460715/5911.png
5912,Yemen,20,Female,40919,gs://imagen4-faces-imagen-demo-460715/5912.png
5913,Yemen,20,Female,75181,gs://imagen4-faces-imagen-demo-460715/5913.png
5914,Yemen,20,Female,45814,gs://imagen4-faces-imagen-demo-460715/5914.png
5915,Yemen,20,Female,36194,gs://imagen4-faces-imagen-demo-460715/5915.png
5916,Yemen,20,Female,35059,gs://imagen4-faces-imagen-demo-460715/5916.png
5917,Yemen,30,Male,45352,gs://imagen4-faces-imagen-demo-460715/5917.png
5918,Yemen,30,Male,55169,gs://imagen4-faces-imagen-demo-460715/5918.png
5919,Yemen,30,Male,38014,gs://imagen4-faces-imagen-demo-460715/5919.png
5920,Yemen,30,Male,58336,gs://imagen4-faces-imagen-demo-460715/5920.png
5921,Yemen,30,Male,96316,gs://imagen4-faces-imagen-demo-460715/5921.png
5922,Yemen,30,Male,88008,gs://imagen4-faces-imagen-demo-460715/5922.png
5923,Yemen,30,Female,74005,gs://imagen4-faces-imagen-demo-460715/5923.png
5924,Yemen,30,Female,55944,gs://imagen4-faces-imagen-demo-460715/5924.png
5925,Yemen,30,Female,85545,gs://imagen4-faces-imagen-demo-460715/5925.png
5926,Yemen,30,Female,25422,gs://imagen4-faces-imagen-demo-460715/5926.png
5927,Yemen,30,Female,60777,gs://imagen4-faces-imagen-demo-460715/5927.png
5928,Yemen,30,Female,86563,gs://imagen4-faces-imagen-demo-460715/5928.png
5929,Zambia,20,Male,26218,gs://imagen4-faces-imagen-demo-460715/5929.png
5930,Zambia,20,Male,63129,gs://imagen4-faces-imagen-demo-460715/5930.png
5931,Zambia,20,Male,24658,gs://imagen4-faces-imagen-demo-460715/5931.png
5932,Zambia,20,Male,93045,gs://imagen4-faces-imagen-demo-460715/5932.png
5933,Zambia,20,Male,18743,gs://imagen4-faces-imagen-demo-460715/5933.png
5934,Zambia,20,Male,36514,gs://imagen4-faces-imagen-demo-460715/5934.png
5935,Zambia,20,Female,26647,gs://imagen4-faces-imagen-demo-460715/5935.png
5936,Zambia,20,Female,17495,gs://imagen4-faces-imagen-demo-460715/5936.png
5937,Zambia,20,Female,57238,gs://imagen4-faces-imagen-demo-460715/5937.png
5938,Zambia,20,Female,74687,gs://imagen4-faces-imagen-demo-460715/5938.png
5939,Zambia,20,Female,84628,gs://imagen4-faces-imagen-demo-460715/5939.png
5940,Zambia,20,Female,78056,gs://imagen4-faces-imagen-demo-460715/5940.png
5941,Zambia,30,Male,28175,gs://imagen4-faces-imagen-demo-460715/5941.png
5942,Zambia,30,Male,34305,gs://imagen4-faces-imagen-demo-460715/5942.png
5943,Zambia,30,Male,10543,gs://imagen4-faces-imagen-demo-460715/5943.png
5944,Zambia,30,Male,60718,gs://imagen4-faces-imagen-demo-460715/5944.png
5945,Zambia,30,Male,97601,gs://imagen4-faces-imagen-demo-460715/5945.png
5946,Zambia,30,Male,45824,gs://imagen4-faces-imagen-demo-460715/5946.png
5947,Zambia,30,Female,70460,gs://imagen4-faces-imagen-demo-460715/5947.png
5948,Zambia,30,Female,79676,gs://imagen4-faces-imagen-demo-460715/5948.png
5949,Zambia,30,Female,73778,gs://imagen4-faces-imagen-demo-460715/5949.png
5950,Zambia,30,Female,65437,gs://imagen4-faces-imagen-demo-460715/5950.png
5951,Zambia,30,Female,22143,gs://imagen4-faces-imagen-demo-460715/5951.png
5952,Zambia,30,Female,77834,gs://imagen4-faces-imagen-demo-460715/5952.png
5953,Zimbabwe,20,Male,24694,gs://imagen4-faces-imagen-demo-460715/5953.png
5954,Zimbabwe,20,Male,82071,gs://imagen4-faces-imagen-demo-460715/5954.png
5955,Zimbabwe,20,Male,45471,gs://imagen4-faces-imagen-demo-460715/5955.png
5956,Zimbabwe,20,Male,47147,gs://imagen4-faces-imagen-demo-460715/5956.png
5957,Zimbabwe,20,Male,50724,gs://imagen4-faces-imagen-demo-460715/5957.png
5958,Zimbabwe,20,Male,63683,gs://imagen4-faces-imagen-demo-460715/5958.png
5959,Zimbabwe,20,Female,89287,gs://imagen4-faces-imagen-demo-460715/5959.png
5960,Zimbabwe,20,Female,41628,gs://imagen4-faces-imagen-demo-460715/5960.png
5961,Zimbabwe,20,Female,55358,gs://imagen4-faces-imagen-demo-460715/5961.png
5962,Zimbabwe,20,Female,29842,gs://imagen4-faces-imagen-demo-460715/5962.png
5963,Zimbabwe,20,Female,74772,gs://imagen4-faces-imagen-demo-460715/5963.png
5964,Zimbabwe,20,Female,95072,gs://imagen4-faces-imagen-demo-460715/5964.png
5965,Zimbabwe,30,Male,14442,gs://imagen4-faces-imagen-demo-460715/5965.png
5966,Zimbabwe,30,Male,67905,gs://imagen4-faces-imagen-demo-460715/5966.png
5967,Zimbabwe,30,Male,83351,gs://imagen4-faces-imagen-demo-460715/5967.png
5968,Zimbabwe,30,Male,73049,gs://imagen4-faces-imagen-demo-460715/5968.png
5969,Zimbabwe,30,Male,10279,gs://imagen4-faces-imagen-demo-460715/5969.png
5970,Zimbabwe,30,Male,14670,gs://imagen4-faces-imagen-demo-460715/5970.png
5971,Zimbabwe,30,Female,20818,gs://imagen4-faces-imagen-demo-460715/5971.png
5972,Zimbabwe,30,Female,18135,gs://imagen4-faces-imagen-demo-460715/5972.png
5973,Zimbabwe,30,Female,50459,gs://imagen4-faces-imagen-demo-460715/5973.png
5974,Zimbabwe,30,Female,27339,gs://imagen4-faces-imagen-demo-460715/5974.png
5975,Zimbabwe,30,Female,96686,gs://imagen4-faces-imagen-demo-460715/5975.png
5976,Zimbabwe,30,Female,96820,gs://imagen4-faces-imagen-demo-460715/5976.png
5977,Kosovo,20,Male,76099,gs://imagen4-faces-imagen-demo-460715/5977.png
5978,Kosovo,20,Male,29763,gs://imagen4-faces-imagen-demo-460715/5978.png
5979,Kosovo,20,Male,57163,gs://imagen4-faces-imagen-demo-460715/5979.png
5980,Kosovo,20,Male,20331,gs://imagen4-faces-imagen-demo-460715/5980.png
5981,Kosovo,20,Male,85096,gs://imagen4-faces-imagen-demo-460715/5981.png
5982,Kosovo,20,Male,44671,gs://imagen4-faces-imagen-demo-460715/5982.png
5983,Kosovo,20,Female,34486,gs://imagen4-faces-imagen-demo-460715/5983.png
5984,Kosovo,20,Female,99741,gs://imagen4-faces-imagen-demo-460715/5984.png
5985,Kosovo,20,Female,33302,gs://imagen4-faces-imagen-demo-460715/5985.png
5986,Kosovo,20,Female,35553,gs://imagen4-faces-imagen-demo-460715/5986.png
5987,Kosovo,20,Female,24596,gs://imagen4-faces-imagen-demo-460715/5987.png
5988,Kosovo,20,Female,14752,gs://imagen4-faces-imagen-demo-460715/5988.png
5989,Kosovo,30,Male,48402,gs://imagen4-faces-imagen-demo-460715/5989.png
5990,Kosovo,30,Male,15940,gs://imagen4-faces-imagen-demo-460715/5990.png
5991,Kosovo,30,Male,24372,gs://imagen4-faces-imagen-demo-460715/5991.png
5992,Kosovo,30,Male,61038,gs://imagen4-faces-imagen-demo-460715/5992.png
5993,Kosovo,30,Male,65027,gs://imagen4-faces-imagen-demo-460715/5993.png
5994,Kosovo,30,Male,64566,gs://imagen4-faces-imagen-demo-460715/5994.png
5995,Kosovo,30,Female,31167,gs://imagen4-faces-imagen-demo-460715/5995.png
5996,Kosovo,30,Female,62475,gs://imagen4-faces-imagen-demo-460715/5996.png
5997,Kosovo,30,Female,30168,gs://imagen4-faces-imagen-demo-460715/5997.png
5998,Kosovo,30,Female,10582,gs://imagen4-faces-imagen-demo-460715/5998.png
5999,Kosovo,30,Female,89994,gs://imagen4-faces-imagen-demo-460715/5999.png
6000,Kosovo,30,Female,42355,gs://imagen4-faces-imagen-demo-460715/6000.png
